# Object Export From Tinkercad Server 2015

mtllib obj.mtl

o obj_0
v 87.421 		51.776 		1.893
v 74.709 		39.818 		0
v 75.937 		40.309 		0
v 67.603 		67.276 		3.348
v 66.418 		66.856 		4.928
v 80.85 		62.605 		0
v 69.413 		2.197 		2.122
v 66.302 		67.259 		4.99
v 87.819 		51.9 		1.591
v 83.315 		60.231 		0
v 81.952 		61.634 		0
v 66.147 		67.48 		5.05
v 73.833 		2.981 		0
v 86.675 		14.426 		1.285
v 73.924 		3.015 		1.022
v 85.655 		57.109 		0
v 86.153 		56.27 		0
v 72.922 		2.675 		1.011
v 84.393 		58.905 		0
v 68.06 		66.988 		3.087
v 68.848 		1.926 		2.102
v 87.958 		51.943 		1.362
v 88.014 		51.96 		1.184
v 86.369 		14.023 		1.481
v 86.924 		54.75 		0
v 66.114 		67.743 		4.615
v 71.179 		2.211 		1.156
v 71.223 		2.253 		1.292
v 87.929 		52.27 		0
v 85.701 		13.261 		1.722
v 71.442 		2.264 		1.018
v 87.71 		52.909 		1.022
v 88.351 		50.873 		0
v 67.795 		67.347 		3.149
v 88.912 		48.012 		0
v 65.9 		8.4018 		6.953
v 70.662 		2.121 		1.325
v 86.523 		52.736 		2
v 85.865 		13.168 		1.518
v 77.213 		65.093 		0
v 78.476 		64.337 		0
v 86.644 		53.292 		1.964
v 85.972 		13.107 		1.28
v 74.548 		66.349 		0
v 86.01 		13.086 		1.065
v 73.627 		66.693 		0
v 75.898 		65.758 		0
v 70.852 		2.147 		1.241
v 71.501 		67.308 		0
v 66.231 		67.747 		4.414
v 66.441 		67.663 		4.26
v 69.818 		67.671 		0
v 66.309 		67.82 		4.125
v 67.618 		67.923 		0
v 65.96 		67.858 		4.549
v 65.899 		67.998 		0
v 88.085 		50.695 		1.659
v 65.899 		67.9999 		0
v 67.649 		67.585 		3.073
v 70.903 		2.14 		1.09
v 88.113 		50.957 		1.568
v 79.694 		63.513 		0
v 73.309 		38.758 		2
v 72.821 		38.184 		2
v 73.055 		31.121 		2
v 71.454 		2.329 		1.334
v 71.002 		2.255 		1.443
v 66.87 		67.551 		3.868
v 72.975 		31.218 		0
v 66.971 		67.62 		3.673
v 58.9 		67.998 		0
v 58.9 		61.001 		0
v 41.73 		63.001 		0
v 41.73 		62.451 		0
v 46.28 		63.001 		0
v 73.724 		39.142 		0
v 46.28 		62.451 		0
v 45.98 		61.001 		0
v 42.03 		61.001 		0
v 88.219 		50.985 		1.402
v 73.055 		38.48 		0
v 72.821 		38.184 		0
v 89.079 		46.076 		0
v 89.1 		45.104 		0
v 66.847 		67.817 		3.478
v 66.509 		67.856 		3.768
v 81.176 		39.222 		0
v 70.696 		2.277 		1.627
v 65.9 		1.603 		9
v 83.278 		35.237 		0
v 86.478 		13.925 		0
v 83.144 		36.099 		0
v 82.924 		36.816 		0
v 65.9 		2.7337 		6.9568
v 65.9 		2.745 		6.9686
v 82.175 		38.184 		0
v 65.968 		2.745 		6.256
v 65.955 		2.528 		6.164
v 65.9 		2.4975 		6.6638
v 65.9 		2.4559 		6.4603
v 82.136 		31.368 		0
v 82.7 		32.269 		0
v 82.985 		32.963 		0
v 83.225 		33.931 		0
v 70.679 		66.381 		2.078
v 85.185 		12.424 		1.719
v 87.575 		50.32 		1.971
v 80.504 		39.688 		0
v 79.775 		40.061 		0
v 71.653 		2.332 		0
v 79.121 		40.295 		0
v 78.223 		40.474 		0
v 85.347 		12.322 		1.518
v 77.057 		40.492 		0
v 70.23 		66.9 		2.092
v 70.031 		2.144 		1.762
v 87.96 		49.914 		1.873
v 70.22 		2.228 		1.782
v 70.212 		2.185 		1.731
v 88.046 		50.432 		1.751
v 85.457 		12.253 		1.253
v 88.334 		49.995 		1.591
v 65.9 		2.4201 		6.2754
v 69.736 		1.935 		1.48
v 69.953 		67.103 		2.097
v 69.837 		1.934 		1.312
v 69.857 		1.943 		1.372
v 72.098 		36.873 		0
v 71.895 		36.282 		0
v 72.447 		37.606 		2
v 68.726 		67.573 		2.325
v 71.81 		35.917 		0
v 72.098 		36.873 		2
v 69.177 		67.474 		2.172
v 71.786 		35.794 		2
v 71.895 		36.282 		2
v 71.709 		34.956 		0
v 71.719 		34.302 		0
v 66.036 		2.573 		5.857
v 71.93 		33.199 		0
v 71.733 		35.423 		2
v 88.457 		50.022 		1.402
v 72.093 		32.726 		0
v 66.12 		2.745 		5.629
v 68.562 		1.806 		2.038
v 88.532 		50.038 		1.195
v 72.54 		31.832 		0
v 69.105 		1.958 		1.998
v 68.862 		1.829 		1.861
v 69.262 		1.889 		1.721
v 85.483 		12.237 		1.12
v 89.1 		24.497 		0
v 68.992 		67.395 		2.341
v 81.273 		30.459 		0
v 66.246 		2.57 		5.255
v 81.688 		30.843 		0
v 69.441 		67.247 		2.225
v 69.282 		67.242 		2.301
v 85.466 		12.195 		1
v 69.45 		1.877 		1.487
v 88.609 		49.77 		1.016
v 89.012 		22.501 		0
v 88.314 		51.01 		1.022
v 68.645 		67.142 		2.676
v 88.747 		20.521 		0
v 87.863 		17.139 		0
v 68.885 		67.166 		2.535
v 84.81 		12.658 		1.95
v 71.703 		34.551 		2
v 86.926 		14.821 		0
v 77.119 		29.09 		0
v 77.814 		29.089 		0
v 78.629 		29.193 		0
v 79.362 		29.381 		0
v 68.925 		1.796 		0
v 79.834 		29.562 		0
v 80.72 		30.042 		0
v 69.926 		1.948 		0
v 66.036 		2.339 		5.639
v 72.297 		32.269 		2
v 71.93 		33.199 		2
v 67.324 		67.109 		3.673
v 73.516 		30.651 		0
v 88.067 		48.948 		1.914
v 72.643 		31.674 		2
v 84.18 		11.92 		1.976
v 88.466 		49.017 		1.659
v 68.229 		2.589 		2.969
v 67.982 		2.786 		3.16
v 68.434 		2.34 		2.744
v 68.47 		2.613 		2.822
v 84.575 		11.649 		1.779
v 74.171 		30.112 		0
v 74.63 		29.835 		0
v 88.528 		49.028 		1.591
v 84.695 		11.567 		1.659
v 75.636 		29.387 		0
v 76.429 		29.178 		0
v 88.725 		49.062 		1.206
v 67.44 		2.756 		3.605
v 67.012 		2.747 		4.059
v 84.904 		11.364 		0
v 83.671 		9.779 		0
v 66.418 		2.745 		4.928
v 66.356 		2.434 		4.953
v 81.573 		7.616 		0
v 83.935 		10.902 		1.825
v 79.614 		6.037 		0
v 84.107 		10.772 		1.659
v 77.931 		4.927 		0
v 76.611 		4.188 		0
v 84.223 		10.685 		1.481
v 66.636 		2.745 		4.561
v 84.866 		11.449 		1.362
v 84.926 		11.407 		1.109
v 66.573 		2.434 		4.575
v 88.054 		47.49 		1.976
v 67.729 		2.196 		3.159
v 88.237 		47.996 		1.904
v 67.919 		1.688 		0
v 65.899 		1.6001 		0
v 65.899 		1.603 		0
v 88.516 		48.032 		1.744
v 58.9 		1.603 		0
v 58.9 		8.601 		0
v 46.23 		10.301 		0
v 46.23 		10.051 		0
v 45.93 		8.601 		0
v 42.13 		8.601 		0
v 41.83 		10.051 		0
v 41.83 		10.301 		0
v 89.042 		24.497 		1.311
v 89.077 		23.501 		1.022
v 89.099 		24.497 		1.022
v -21.32 		63.001 		0
v -21.32 		62.451 		0
v 88.725 		48.059 		1.532
v -21.62 		61.001 		0
v 66.592 		1.726 		3.616
v -25.57 		61.001 		0
v -25.87 		63.001 		0
v -25.87 		62.451 		0
v 66.985 		2.001 		3.682
v 67.131 		67.297 		3.789
v -21.37 		10.301 		0
v -21.37 		10.051 		0
v -21.67 		8.601 		0
v -25.47 		8.601 		0
v 88.823 		48.072 		1.362
v -25.77 		10.051 		0
v -25.77 		10.301 		0
v 80.924 		30.19 		2
v -106.1 		1.603 		0
v -113.1 		1.603 		0
v -113.1 		67.998 		0
v -106.1 		67.998 		0
v -106.1 		61.001 		0
v -106.1 		8.601 		0
v -82.996 		61.001 		0
v -88.92 		63.001 		0
v 83.116 		10.925 		2
v -88.92 		62.451 		0
v 66.884 		2.074 		3.877
v 83.569 		10.568 		1.866
v -89.22 		61.001 		0
v 81.417 		30.58 		2
v -93.47 		63.001 		0
v -93.47 		62.451 		0
v 81.688 		30.843 		2
v -93.17 		61.001 		0
v -88.97 		10.301 		0
v -88.97 		10.051 		0
v -89.27 		8.601 		0
v 67.262 		2.253 		3.622
v 67.005 		2.33 		3.942
v -93.07 		8.601 		0
v -93.37 		10.051 		0
v -93.37 		10.301 		0
v 65.899 		68 		3.728
v 65.917 		68 		3.695
v 67.248 		67.376 		3.61
v 65.899 		68 		0.3695
v 80.846 		62.578 		1.202
v 81.612 		61.931 		1.152
v 66.83 		1.68 		3.205
v 67.044 		1.718 		3.11
v 81.479 		61.789 		1.574
v 67.533 		66.841 		3.522
v 82.942 		9.163 		1.471
v 83.485 		10.004 		1.659
v 69.148 		66.911 		2.486
v 66.63 		1.647 		3.281
v 67.891 		66.821 		3.228
v 81.543 		61.858 		1.432
v 81.579 		61.896 		1.321
v 88.766 		48.973 		1
v 67.127 		1.858 		3.332
v 88.907 		48.047 		1
v 83.597 		9.912 		1.481
v 66.747 		1.752 		3.512
v 68.682 		66.748 		2.731
v 67.317 		2.034 		3.382
v 69.241 		66.673 		2.471
v 78.89 		64.074 		1
v 67.434 		1.952 		3.183
v 82.955 		60.45 		1.442
v 66.811 		2.305 		4.161
v 83.179 		60.38 		1.022
v 79.248 		63.788 		1.237
v 83.681 		9.843 		1.237
v 66.596 		2.167 		4.341
v 83.593 		59.686 		1.479
v 88.665 		24.497 		1.779
v 83.707 		59.779 		1.022
v 83.018 		9.094 		1.237
v 70.188 		66.496 		2.172
v 87.94 		24.497 		2
v 88.942 		24.497 		1.499
v 69.644 		66.605 		2.324
v 69.758 		66.741 		2.28
v 83.702 		9.825 		1.098
v 65.9 		2.2995 		6.0922
v 67.771 		1.926 		2.861
v 67.883 		2.126 		2.99
v 65.911 		2.308 		6.05
v 81.893 		60.804 		1.893
v 68.234 		67.727 		2.434
v 77.15 		64.179 		1.959
v 67.935 		67.766 		2.59
v 81.362 		61.663 		1.739
v 68.067 		67.482 		2.849
v 78.187 		63.997 		1.787
v 68.353 		67.522 		2.61
v 88.621 		23.032 		1.773
v 68.136 		2.147 		2.823
v 77.416 		64.63 		1.674
v 77.53 		64.823 		1.362
v 68.286 		1.992 		2.561
v 68.031 		1.963 		2.712
v 67.707 		67.758 		2.789
v 77.559 		64.871 		1.195
v 82.172 		61.078 		1.617
v 82.246 		61.15 		1.48
v 78.42 		64.355 		1.173
v 67.938 		1.822 		2.564
v 67.552 		67.864 		2.688
v 83.043 		9.072 		1.022
v 67.561 		1.77 		2.765
v 65.9 		2.2414 		5.9416
v 83.004 		9.028 		1
v 81.841 		60.087 		2
v 82.531 		60.069 		1.914
v 67.685 		1.689 		2.383
v 68.095 		1.746 		2.241
v 65.9 		2.2903 		6.0478
v 68.194 		1.805 		2.325
v 82.354 		9.692 		1.981
v 82.639 		60.165 		1.849
v 71.805 		66.968 		1.645
v 65.9 		2.114 		5.653
v 82.831 		60.338 		1.659
v 71.939 		66.963 		1.611
v 82.814 		9.931 		1.932
v 65.9 		2.1194 		5.5188
v 77.213 		65.093 		1
v 71.692 		67.06 		1.578
v 71.982 		67.117 		1.363
v 88.979 		23.506 		1.402
v 68.5 		1.978 		2.406
v 66.422 		2.32 		4.746
v 81.686 		9 		1.981
v 72.002 		67.192 		1.043
v 81.902 		8.788 		1.88
v 82.094 		8.6 		1.722
v 81.952 		61.634 		1
v 82.877 		9.221 		1.591
v 66.524 		1.609 		3.048
v 67.179 		1.636 		2.512
v 82.648 		60.947 		1
v 66.698 		1.614 		2.861
v 74.746 		65.947 		1.67
v 74.797 		66.068 		1.518
v 82.662 		9.415 		1.83
v 88.372 		22.563 		1.893
v 74.851 		66.194 		1.227
v 88.228 		22.576 		1.947
v 66.048 		1.937 		4.925
v 68.121 		67.322 		2.923
v 71.405 		66.91 		1.788
v 71.344 		67.132 		1.612
v 75.619 		65.892 		1.011
v 87.857 		22.608 		2
v 88.082 		21.866 		1.964
v 71.18 		67.072 		1.724
v 85.121 		57.925 		1
v 70.934 		67.062 		1.806
v 88.816 		22.525 		1.555
v 88.956 		22.011 		1.027
v 71.063 		67.359 		1.378
v 73.7 		65.987 		1.896
v 82.274 		8.423 		1.412
v 66.465 		1.799 		3.959
v 72.837 		66.502 		1.779
v 71.487 		67.253 		1.357
v 82.342 		8.357 		1.12
v 65.9 		1.8864 		5.1182
v 72.918 		66.751 		1.518
v 72.946 		66.835 		1.362
v 66.134 		1.61 		3.556
v 66.367 		1.632 		3.503
v 72.966 		66.898 		1.152
v 71.188 		67.366 		1.265
v 70.907 		67.46 		1.069
v 85.441 		57.338 		1.311
v 81.088 		8.231 		1.947
v 73.846 		66.378 		1.591
v 81.339 		7.962 		1.764
v 88.88 		21.522 		1.195
v 65.9 		1.603 		3.7343
v 85.089 		57.118 		1.805
v 65.899 		1.603 		3.7354
v 65.899 		1.6025 		3.7298
v 85.324 		57.265 		1.555
v 81.453 		7.84 		1.617
v 81.544 		7.743 		1.423
v 88.753 		21.288 		1.427
v 88.653 		21.053 		1.528
v 73.907 		66.542 		1.279
v 88.433 		21.58 		1.806
v 71.782 		66.395 		1.959
v 68.41 		67.865 		1.794
v 68.543 		67.811 		2.006
v 68.41 		1.736 		1.795
v 71.712 		66.599 		1.901
v 65.899 		1.6001 		0.03
v 81.612 		7.67 		1.152
v 71.863 		66.688 		1.84
v 74.548 		66.349 		1
v 65.899 		1.6 		0.0097
v 65.899 		1.6 		0.0071
v 72.83 		66.953 		1.011
v 65.899 		1.6001 		0.0027
v 71.763 		66.798 		1.791
v 79.178 		63.061 		1.902
v 65.899 		1.6 		0.0039
v 79.82 		62.893 		1.771
v 65.9 		1.7646 		4.735
v 41.83 		10.301 		4.4
v 46.23 		10.301 		4.4
v 81.619 		7.662 		1.065
v 58.9 		8.601 		9
v 79.171 		63.68 		1.519
v 58.9 		1.603 		9
v 41.83 		10.051 		4.4
v 42.13 		8.601 		4.4
v 45.93 		8.601 		4.4
v 46.23 		10.051 		4.4
v 75.489 		65.199 		1.915
v 65.905 		1.763 		4.718
v 80.053 		63.191 		1.269
v 31.692 		61.001 		9
v 65.9 		1.7615 		4.7216
v 79.998 		63.12 		1.46
v -21.62 		61.001 		6
v -25.57 		61.001 		6
v 70.853 		66.513 		2.04
v 80.864 		7.002 		1.044
v 85.972 		56.494 		1.28
v -21.32 		63.001 		6
v -21.32 		62.451 		6
v 86.004 		56.512 		1.131
v 75.599 		65.429 		1.779
v 71.35 		66.639 		1.933
v -25.87 		62.451 		6
v -25.87 		63.001 		6
v 75.712 		65.666 		1.518
v -21.37 		10.301 		4.4
v 75.745 		65.734 		1.392
v -25.77 		10.301 		4.4
v 86.49 		55.64 		1.109
v -1.076 		8.601 		9
v 88.725 		20.539 		1.2
v 75.77 		65.787 		1.237
v 88.748 		20.531 		1.033
v 71.117 		66.674 		1.959
v 88.681 		20.547 		1.342
v -25.47 		8.601 		4.4
v -21.67 		8.601 		4.4
v -21.37 		10.051 		4.4
v 88.497 		20.578 		1.625
v 65.9 		1.7609 		4.717
v 70.907 		66.834 		1.937
v 84.994 		56.491 		1.971
v 66.481 		2.188 		4.532
v 79.743 		62.022 		2
v 76.448 		64.923 		1.831
v -25.77 		10.051 		4.4
v 76.49 		65.003 		1.773
v 66.347 		1.977 		4.468
v -113.1 		1.603 		9
v -113.1 		67.998 		9
v -106.1 		1.603 		9
v -106.1 		67.998 		9
v 80.457 		62.123 		1.886
v -106.1 		8.601 		9
v -106.1 		61.001 		9
v 80.609 		62.301 		1.751
v 85.006 		55.946 		2
v -82.996 		61.001 		9
v 79.743 		7.579 		2
v 71.578 		66.126 		2.002
v -89.22 		61.001 		6
v 85.33 		56.129 		1.947
v -93.17 		61.001 		6
v 71.105 		66.267 		2.027
v 80.404 		7.54 		1.92
v 80.436 		7.873 		1.982
v 85.6 		56.283 		1.805
v 80.788 		62.51 		1.437
v 85.875 		56.439 		1.499
v 76.642 		65.288 		1.403
v -88.92 		63.001 		6
v -88.92 		62.451 		6
v -93.47 		62.451 		6
v 66.247 		1.812 		4.291
v -93.47 		63.001 		6
v 88.139 		20.641 		1.881
v 87.802 		20.213 		1.967
v -88.97 		10.301 		4.4
v -93.37 		10.301 		4.4
v 75.82 		64.77 		1.979
v 66.106 		1.699 		4.153
v -89.27 		8.601 		4.4
v -88.97 		10.051 		4.4
v -93.37 		10.051 		4.4
v -93.07 		8.601 		4.4
v 80.584 		7.329 		1.779
v 80.349 		6.839 		1.555
v 65.9 		1.6358 		4.117
v 65.9 		1.7043 		4.4444
v 80.686 		7.211 		1.646
v 73.069 		65.666 		2
v 73.825 		65.631 		1.979
v 65.9 		1.6334 		4.102
v 70.188 		67.386 		1.776
v 70.348 		67.054 		1.985
v 69.995 		67.353 		1.901
v 88.109 		19.655 		1.791
v 80.788 		7.091 		1.437
v 74.606 		65.617 		1.902
v 79.98 		6.503 		1.509
v 69.907 		67.585 		1.601
v 80.835 		7.037 		1.28
v 88.492 		19.571 		1.321
v 65.9 		67.998 		9
v 70.126 		67.614 		1.226
v 69.693 		67.69 		1.359
v 88.334 		19.606 		1.591
v 65.9 		67.9041 		4.4335
v 65.9 		67.905 		4.3742
v 65.9 		67.9394 		4.2656
v 65.9 		67.9496 		4.2343
v 80.473 		62.918 		1
v 70.604 		3.201 		2.09
v 65.9 		67.8831 		4.533
v 77.186 		63.77 		2
v 65.9 		67.9645 		4.1539
v 65.9 		67.9219 		4.3135
v 87.656 		18.764 		1.91
v 79.569 		7.029 		1.959
v 80.617 		61.57 		1.983
v 87.652 		19.263 		1.952
v 65.9 		67.0831 		6.6693
v 69.781 		2.553 		2.188
v 87.194 		18.886 		2
v 65.9 		66.856 		6.953
v 65.9 		66.9777 		6.7065
v 70.341 		2.687 		2.053
v 79.701 		6.86 		1.882
v 85.49 		57.368 		1.022
v 69.035 		67.789 		1.549
v 65.931 		66.856 		6.467
v 68.675 		67.833 		1.723
v 65.946 		67.03 		6.269
v 69.3 		67.727 		1.646
v 88.552 		19.554 		1.022
v 65.9 		67.1637 		6.2889
v 65.9 		67.2215 		6.1981
v 69.417 		67.735 		1.408
v 70.212 		2.885 		2.143
v 69.941 		2.811 		2.209
v 68.921 		67.682 		2.044
v 79.016 		6.137 		1.777
v 69.49 		67.512 		1.964
v 86.153 		56.27 		1
v 79.136 		5.97 		1.595
v 87.973 		17.653 		1.321
v 86.495 		55.643 		1.022
v 69.666 		2.76 		2.29
v 66.519 		67.363 		4.518
v 88.018 		18.669 		1.674
v 69.235 		67.603 		1.985
v 87.816 		18.722 		1.83
v 66.872 		67.108 		4.174
v 87.758 		17.72 		1.659
v 87.243 		16.859 		1.817
v 80.04 		6.427 		1.32
v 66.541 		67.039 		4.68
v 87.593 		16.734 		1.44
v 66.9 		66.856 		4.19
v 69.117 		67.701 		1.872
v 79.241 		5.823 		1.279
v 66.526 		66.856 		4.735
v 68.85 		2.634 		2.616
v 68.581 		2.841 		2.783
v 68.817 		67.788 		1.842
v 69.457 		2.563 		2.318
v 83.533 		58.7 		1.952
v 69.457 		2.963 		2.388
v 80.079 		6.376 		1.022
v 66.782 		67.393 		4.128
v 88.312 		18.581 		1
v 69.241 		2.928 		2.471
v 83.334 		59.472 		1.811
v 83.466 		59.581 		1.683
v 84.119 		58.838 		1.641
v 76.987 		5.699 		2
v 78.057 		5.804 		1.915
v 78.4 		6.166 		1.952
v 84.248 		58.935 		1.421
v 88.031 		17.629 		1.022
v 87.705 		16.679 		1
v 66.099 		67.011 		5.655
v 66.008 		67.03 		5.959
v 68.628 		2.362 		2.639
v 78.237 		5.527 		1.722
v 66.232 		66.856 		5.324
v 66.154 		66.856 		5.527
v 84.309 		58.981 		1.237
v 65.9 		67.3366 		6.0777
v 72.616 		3.781 		2
v 66.044 		67.406 		5.419
v 77.222 		5.301 		1.914
v 84.432 		57.854 		1.878
v 84.667 		58.015 		1.691
v 77.39 		5.015 		1.722
v 65.9 		67.4753 		5.7579
v 65.9 		67.5161 		5.5691
v 71.692 		2.831 		1.814
v 71.803 		3.129 		1.936
v 84.81 		58.114 		1.479
v 65.9 		67.5995 		5.3173
v 65.9 		67.6746 		5.1612
v 71.918 		2.714 		1.691
v 87.079 		15.872 		1.659
v 65.9 		67.7764 		4.9366
v 87.272 		15.794 		1.362
v 65.914 		67.776 		4.907
v 65.9 		67.7807 		4.9153
v 77.459 		4.899 		1.586
v 65.9 		67.7834 		4.9034
v 67.558 		67.925 		2.435
v 65.9 		67.7909 		4.8703
v 78.378 		5.31 		1.397
v 87.339 		15.749 		1.011
v 71.973 		2.514 		1.421
v 71.719 		2.4 		1.334
v 65.9 		67.998 		3.7477
v 65.9 		67.9927 		3.8063
v 65.9 		67.9968 		3.756
v 65.899 		67.998 		3.75
v 84.444 		58.86 		1.011
v 65.899 		67.9984 		3.7467
v 58.9 		61.001 		9
v 45.98 		61.001 		6
v 42.03 		61.001 		6
v 58.9 		67.998 		9
v 86.607 		16.064 		1.95
v 86.273 		16.2 		2
v 41.73 		63.001 		6
v 41.73 		62.451 		6
v 46.28 		63.001 		6
v 65.9 		67.9939 		3.78
v 46.28 		62.451 		6
v 77.56 		4.727 		1.184
v 86.705 		16.024 		1.915
v 89.097 		45.104 		1.065
v 89.078 		46.099 		1.022
v 84.245 		57.149 		2
v 84.826 		56.952 		1.947
v 86.692 		14.965 		1.641
v 78.418 		5.248 		1.195
v 66.505 		67.993 		3.033
v 66.644 		67.944 		3.289
v 66.698 		67.987 		2.861
v 67.065 		67.929 		2.926
v 78.43 		5.23 		1.033
v 67.312 		67.917 		2.733
v 87.115 		53.743 		1.616
v 86.933 		14.836 		1.011
v 88.552 		46.564 		1.819
v 87.334 		53.833 		1.141
v 77.534 		4.689 		1.011
v 88.724 		47.068 		1.659
v 85.677 		54.692 		2
v 86.004 		55.391 		1.851
v 88.949 		46.59 		1.397
v 77.182 		29.089 		2
v 71.067 		3.324 		2.032
v 88.978 		47.09 		1.237
v 77.878 		29.09 		2
v 78.567 		29.178 		2
v 86.192 		55.487 		1.705
v 79.211 		29.338 		2
v 67.394 		67.952 		2.353
v 75.835 		4.804 		1.972
v 80.119 		29.698 		2
v 86.348 		55.567 		1.513
v 89.005 		47.092 		1.109
v 86.597 		54.592 		1.735
v 70.965 		3.106 		2.028
v 71.296 		3.203 		1.998
v 75.474 		4.434 		1.927
v 86.784 		54.677 		1.516
v 76.378 		4.808 		1.903
v 71.347 		2.978 		1.941
v 73.579 		30.58 		2
v 73.967 		30.259 		2
v 74.171 		30.112 		2
v 74.709 		29.783 		2
v 75.278 		29.512 		2
v 76.059 		29.259 		2
v 70.879 		2.949 		2.01
v 71.129 		2.859 		1.927
v 86.183 		54.402 		1.96
v 74.862 		3.381 		1.065
v 86.389 		54.496 		1.878
v 65.899 		67.9999 		0.01
v 65.899 		67.9999 		0.0071
v 87.862 		46.756 		2
v 86.705 		53.577 		1.914
v 86.896 		53.655 		1.811
v 75.66 		4.044 		1.656
v 74.751 		3.642 		1.659
v 88.243 		46.063 		1.96
v 74.832 		3.452 		1.362
v 76.631 		4.333 		1.442
v 86.94 		54.749 		1.022
v 75.766 		3.823 		1.264
v 88.654 		46.081 		1.773
v 88.882 		46.091 		1.555
v 76.687 		4.228 		1.022
v 87.491 		53.359 		1.259
v 71.172 		2.589 		1.776
v 87.235 		52.739 		1.825
v 73.969 		4.262 		2
v 73.1 		3.846 		1.996
v 87.439 		52.812 		1.659
v 72.73 		3.43 		1.947
v 73.198 		3.56 		1.932
v 87.499 		52.834 		1.591
v 89.012 		47.093 		1.022
v 74.695 		3.775 		1.779
v 74.483 		4.274 		1.988
v 74.521 		4.184 		1.971
v 70.694 		2.573 		1.897
v 88.091 		45.104 		1.991
v 88.216 		45.104 		1.971
v 71.459 		2.567 		1.676
v 88.546 		45.104 		1.851
v 87.282 		51.733 		1.947
v 88.794 		45.104 		1.664
v 89.022 		45.104 		1.357
v 87.94 		45.104 		2
v 72.849 		3.063 		1.751
v 72.892 		2.931 		1.625
v 73.836 		3.251 		1.626
v 70.933 		2.547 		1.809
v 73.89 		3.105 		1.397
v 81.128 		39.264 		2
v 70.882 		2.344 		1.638
v 71.185 		2.486 		1.685
v 85.52 		13.916 		1.959
v 85.921 		14.252 		1.896
v 86.078 		14.172 		1.802
v 86.495 		13.959 		1.044
v 86.421 		13.996 		1.372
v 83.263 		35.423 		2
v 83.144 		36.099 		2
v 82.924 		36.816 		2
v 82.7 		37.332 		2
v 82.175 		38.184 		2
v 81.688 		38.758 		2
v 81.417 		39.021 		2
v 69.948 		2.402 		2.042
v 82.456 		31.832 		2
v 82.7 		32.269 		2
v 83.066 		33.199 		2
v 83.225 		33.931 		2
v 83.296 		34.676 		2
v 80.504 		39.688 		2
v 79.834 		40.039 		2
v 78.877 		40.359 		2
v 77.878 		40.511 		2
v 76.993 		40.503 		2
v 76.059 		40.342 		2
v 75.278 		40.089 		2
v 75.047 		39.988 		2
v 74.709 		39.818 		2
v 74.171 		39.489 		2
# 810 vertices

g group_0_11909273

usemtl color_11909273
s 0

f 13 	211 	15
f 653 	652 	12
f 49 	46 	2
f 112 	114 	25
f 7 	369 	21
f 80 	163 	22
f 29 	25 	32
f 13 	15 	18
f 35 	111 	33
f 30 	785 	106
f 163 	29 	32
f 32 	23 	163
f 33 	112 	29
f 20 	388 	34
f 42 	735 	38
f 6 	11 	3
f 20 	34 	4
f 3 	2 	47
f 34 	59 	4
f 53 	50 	51
f 340 	34 	388
f 58 	54 	56
f 44 	47 	2
f 37 	60 	48
f 27 	48 	60
f 47 	40 	3
f 46 	44 	2
f 40 	41 	3
f 17 	25 	114
f 19 	16 	114
f 41 	62 	3
f 53 	51 	86
f 4 	59 	281
f 16 	17 	114
f 19 	114 	10
f 114 	3 	10
f 11 	10 	3
f 62 	6 	3
f 83 	109 	35
f 29 	112 	25
f 78 	77 	72
f 72 	75 	71
f 73 	71 	75
f 77 	75 	72
f 67 	27 	28
f 51 	12 	8
f 74 	235 	73
f 51 	26 	12
f 79 	236 	74
f 81 	76 	63
f 81 	63 	64
f 82 	81 	64
f 67 	28 	66
f 51 	8 	600
f 142 	80 	61
f 28 	27 	66
f 142 	163 	80
f 84 	109 	83
f 50 	53 	568
f 561 	568 	53
f 88 	67 	781
f 37 	67 	88
f 22 	163 	23
f 66 	27 	31
f 96 	87 	84
f 84 	108 	109
f 111 	35 	109
f 112 	33 	111
f 48 	27 	67
f 67 	37 	48
f 96 	84 	93
f 152 	90 	84
f 163 	142 	146
f 57 	9 	761
f 61 	9 	57
f 89 	94 	95
f 61 	80 	22
f 93 	84 	92
f 97 	95 	94
f 97 	94 	98
f 9 	61 	22
f 94 	89 	99
f 108 	84 	87
f 758 	57 	761
f 98 	94 	99
f 88 	118 	119
f 99 	89 	100
f 781 	766 	88
f 99 	100 	98
f 1 	120 	758
f 120 	57 	758
f 103 	152 	102
f 700 	91 	170
f 60 	31 	27
f 90 	152 	104
f 92 	84 	90
f 103 	104 	152
f 30 	106 	39
f 60 	110 	31
f 60 	178 	110
f 36 	89 	95
f 52 	49 	2
f 54 	52 	2
f 107 	217 	117
f 139 	97 	98
f 116 	119 	118
f 187 	120 	117
f 56 	54 	2
f 72 	56 	2
f 37 	88 	119
f 76 	72 	2
f 81 	72 	76
f 82 	72 	81
f 129 	72 	128
f 122 	61 	57
f 98 	100 	123
f 546 	125 	115
f 124 	116 	7
f 124 	37 	116
f 128 	72 	82
f 124 	60 	37
f 130 	82 	64
f 127 	60 	124
f 132 	137 	72
f 122 	142 	61
f 60 	127 	126
f 113 	39 	106
f 178 	60 	126
f 36 	95 	97
f 133 	82 	130
f 37 	119 	116
f 142 	122 	199
f 97 	139 	144
f 199 	146 	142
f 129 	136 	135
f 113 	121 	39
f 143 	225 	140
f 21 	149 	148
f 137 	135 	141
f 149 	150 	148
f 147 	69 	225
f 39 	121 	43
f 225 	72 	137
f 159 	45 	151
f 129 	132 	72
f 225 	137 	138
f 225 	138 	140
f 143 	147 	225
f 145 	149 	21
f 139 	155 	144
f 154 	156 	152
f 7 	21 	148
f 128 	82 	133
f 151 	202 	159
f 160 	124 	150
f 133 	136 	128
f 129 	128 	136
f 101 	152 	156
f 177 	154 	152
f 101 	102 	152
f 132 	129 	135
f 162 	176 	152
f 160 	150 	149
f 124 	7 	150
f 158 	157 	134
f 158 	134 	153
f 45 	159 	91
f 215 	151 	121
f 163 	146 	161
f 149 	145 	433
f 160 	149 	433
f 163 	161 	33
f 33 	29 	163
f 206 	198 	203
f 340 	85 	70
f 173 	174 	166
f 33 	161 	296
f 165 	166 	174
f 174 	176 	165
f 175 	126 	127
f 162 	165 	176
f 178 	126 	175
f 175 	127 	124
f 107 	38 	217
f 160 	175 	124
f 177 	152 	176
f 175 	160 	220
f 190 	191 	188
f 155 	139 	179
f 91 	202 	172
f 166 	170 	172
f 183 	193 	225
f 172 	173 	166
f 170 	91 	172
f 193 	194 	225
f 191 	189 	188
f 198 	208 	197
f 197 	13 	194
f 171 	172 	202
f 183 	225 	69
f 69 	147 	185
f 185 	65 	69
f 171 	203 	198
f 202 	203 	171
f 261 	783 	678
f 201 	275 	200
f 167 	153 	131
f 158 	153 	167
f 186 	192 	168
f 184 	187 	117
f 192 	106 	168
f 144 	155 	204
f 196 	106 	192
f 181 	641 	180
f 208 	198 	206
f 205 	155 	370
f 113 	106 	196
f 210 	211 	197
f 155 	205 	204
f 122 	57 	195
f 199 	122 	195
f 187 	57 	120
f 185 	180 	641
f 138 	137 	169
f 138 	169 	181
f 187 	195 	57
f 140 	138 	181
f 211 	13 	197
f 143 	140 	181
f 214 	215 	121
f 143 	181 	180
f 204 	216 	213
f 147 	143 	180
f 147 	180 	185
f 110 	194 	13
f 199 	161 	146
f 178 	194 	110
f 135 	137 	132
f 161 	199 	296
f 202 	151 	215
f 141 	169 	137
f 178 	175 	194
f 175 	220 	194
f 218 	188 	189
f 225 	194 	222
f 357 	264 	192
f 221 	222 	220
f 207 	192 	264
f 220 	222 	194
f 228 	229 	227
f 229 	230 	227
f 226 	227 	230
f 226 	230 	231
f 218 	189 	200
f 701 	223 	219
f 224 	229 	228
f 192 	186 	357
f 225 	224 	228
f 207 	209 	196
f 233 	234 	232
f 222 	224 	225
f 71 	56 	72
f 208 	210 	197
f 71 	73 	235
f 238 	236 	79
f 235 	74 	236
f 207 	196 	192
f 235 	241 	71
f 291 	157 	158
f 242 	259 	241
f 240 	259 	242
f 259 	260 	241
f 248 	250 	247
f 247 	250 	246
f 245 	246 	251
f 209 	214 	196
f 247 	224 	248
f 239 	300 	243
f 253 	248 	224
f 224 	247 	229
f 152 	234 	233
f 20 	4 	182
f 251 	246 	250
f 214 	113 	196
f 239 	285 	300
f 257 	258 	255
f 256 	257 	255
f 254 	255 	258
f 253 	254 	258
f 239 	292 	285
f 214 	121 	113
f 260 	256 	241
f 71 	241 	256
f 265 	262 	259
f 262 	260 	259
f 260 	267 	256
f 268 	257 	267
f 270 	257 	268
f 256 	267 	257
f 248 	253 	273
f 266 	252 	317
f 219 	184 	217
f 273 	277 	272
f 271 	272 	278
f 219 	223 	187
f 200 	275 	274
f 275 	302 	274
f 273 	276 	277
f 278 	272 	277
f 275 	243 	302
f 273 	253 	276
f 187 	184 	219
f 258 	276 	253
f 154 	252 	266
f 186 	168 	261
f 237 	195 	704
f 182 	4 	281
f 115 	125 	157
f 279 	280 	282
f 281 	59 	70
f 195 	223 	704
f 243 	275 	263
f 182 	281 	244
f 237 	199 	195
f 370 	204 	205
f 223 	195 	187
f 281 	70 	244
f 370 	216 	204
f 209 	290 	214
f 199 	237 	249
f 275 	201 	307
f 296 	199 	249
f 244 	70 	68
f 91 	159 	202
f 296 	249 	298
f 85 	68 	70
f 217 	184 	117
f 307 	201 	213
f 157 	125 	547
f 290 	207 	264
f 164 	301 	303
f 156 	154 	269
f 292 	239 	410
f 291 	164 	303
f 154 	266 	269
f 305 	323 	218
f 283 	295 	284
f 289 	299 	290
f 299 	212 	290
f 291 	158 	167
f 342 	343 	287
f 243 	300 	297
f 343 	294 	287
f 291 	167 	164
f 35 	298 	762
f 33 	296 	298
f 35 	33 	298
f 274 	302 	218
f 299 	214 	212
f 218 	302 	305
f 100 	89 	123
f 322 	123 	89
f 305 	302 	297
f 307 	213 	216
f 302 	243 	297
f 290 	209 	207
f 285 	286 	297
f 305 	297 	286
f 307 	216 	311
f 306 	314 	308
f 466 	115 	316
f 285 	297 	300
f 312 	639 	306
f 563 	41 	304
f 410 	377 	292
f 639 	314 	306
f 377 	380 	285
f 307 	311 	263
f 41 	563 	62
f 310 	214 	299
f 285 	292 	377
f 319 	316 	320
f 19 	10 	314
f 10 	308 	314
f 274 	218 	200
f 321 	214 	310
f 263 	275 	307
f 310 	347 	321
f 286 	285 	380
f 214 	321 	215
f 323 	324 	218
f 123 	322 	98
f 98 	322 	325
f 349 	355 	89
f 327 	329 	331
f 320 	303 	319
f 333 	131 	327
f 320 	316 	115
f 291 	303 	320
f 331 	333 	327
f 324 	335 	218
f 327 	131 	432
f 635 	190 	338
f 360 	349 	89
f 218 	335 	190
f 167 	131 	333
f 202 	215 	321
f 355 	325 	322
f 339 	338 	335
f 340 	331 	329
f 313 	384 	334
f 330 	342 	287
f 115 	157 	320
f 386 	384 	313
f 324 	339 	335
f 324 	323 	339
f 320 	157 	291
f 392 	386 	313
f 323 	345 	339
f 290 	212 	214
f 315 	310 	289
f 338 	190 	335
f 310 	299 	289
f 326 	358 	330
f 139 	98 	325
f 344 	304 	341
f 289 	401 	405
f 286 	323 	305
f 325 	179 	139
f 310 	315 	347
f 348 	345 	323
f 340 	662 	346
f 332 	328 	444
f 348 	323 	286
f 452 	337 	336
f 188 	218 	190
f 452 	344 	337
f 203 	321 	347
f 344 	341 	337
f 309 	304 	344
f 353 	354 	345
f 203 	347 	350
f 322 	89 	355
f 354 	356 	345
f 203 	202 	321
f 369 	356 	145
f 326 	352 	358
f 349 	325 	355
f 89 	406 	360
f 330 	358 	361
f 349 	360 	179
f 349 	179 	325
f 361 	342 	330
f 341 	365 	337
f 264 	363 	383
f 361 	306 	342
f 290 	264 	383
f 360 	364 	179
f 306 	343 	342
f 379 	343 	306
f 313 	317 	392
f 357 	186 	261
f 379 	306 	308
f 318 	313 	334
f 357 	363 	264
f 369 	7 	338
f 625 	361 	358
f 338 	356 	369
f 367 	366 	359
f 369 	145 	21
f 334 	368 	318
f 368 	232 	318
f 361 	312 	306
f 356 	338 	339
f 368 	233 	232
f 365 	341 	304
f 356 	339 	345
f 283 	284 	375
f 290 	383 	376
f 379 	295 	294
f 379 	284 	295
f 379 	375 	284
f 40 	365 	304
f 289 	290 	376
f 343 	379 	294
f 41 	40 	304
f 445 	378 	440
f 261 	510 	357
f 11 	379 	308
f 359 	362 	367
f 11 	308 	10
f 11 	375 	379
f 233 	162 	152
f 11 	6 	375
f 373 	363 	371
f 357 	371 	363
f 378 	348 	286
f 373 	383 	363
f 340 	329 	662
f 376 	383 	373
f 406 	387 	364
f 164 	20 	293
f 164 	293 	301
f 476 	385 	382
f 376 	373 	374
f 390 	389 	359
f 359 	366 	390
f 289 	376 	401
f 366 	367 	390
f 289 	405 	315
f 392 	393 	386
f 405 	347 	315
f 390 	394 	389
f 353 	345 	378
f 378 	345 	348
f 390 	396 	394
f 382 	416 	381
f 407 	382 	385
f 384 	386 	393
f 167 	388 	164
f 380 	440 	378
f 34 	340 	59
f 378 	286 	380
f 388 	331 	340
f 350 	206 	203
f 233 	368 	397
f 350 	450 	206
f 368 	334 	397
f 397 	398 	233
f 377 	439 	380
f 401 	376 	374
f 243 	402 	239
f 311 	402 	263
f 333 	331 	388
f 243 	263 	402
f 167 	333 	388
f 387 	155 	179
f 404 	399 	390
f 364 	360 	406
f 404 	412 	399
f 367 	407 	408
f 239 	402 	409
f 405 	425 	436
f 390 	367 	404
f 409 	410 	239
f 409 	377 	410
f 484 	398 	482
f 372 	408 	411
f 425 	405 	401
f 399 	412 	413
f 405 	350 	347
f 405 	436 	350
f 484 	165 	398
f 179 	364 	387
f 372 	404 	367
f 408 	372 	367
f 404 	372 	412
f 372 	413 	412
f 400 	416 	407
f 419 	89 	421
f 416 	400 	381
f 409 	419 	422
f 421 	422 	419
f 397 	418 	398
f 422 	435 	409
f 421 	222 	422
f 397 	426 	418
f 407 	416 	382
f 407 	403 	400
f 407 	428 	408
f 397 	427 	426
f 408 	428 	411
f 517 	373 	371
f 435 	422 	222
f 511 	542 	430
f 397 	429 	427
f 409 	435 	377
f 439 	377 	435
f 373 	415 	417
f 440 	380 	439
f 400 	434 	430
f 417 	374 	373
f 334 	429 	397
f 417 	424 	374
f 354 	145 	356
f 424 	401 	374
f 429 	334 	384
f 424 	425 	401
f 433 	145 	353
f 407 	385 	428
f 353 	220 	433
f 354 	353 	145
f 434 	473 	430
f 438 	428 	385
f 428 	438 	411
f 393 	429 	384
f 438 	441 	411
f 482 	398 	418
f 220 	353 	442
f 220 	442 	221
f 160 	433 	220
f 437 	443 	434
f 400 	437 	434
f 442 	353 	445
f 445 	353 	378
f 482 	418 	426
f 400 	403 	437
f 328 	495 	444
f 421 	224 	222
f 221 	442 	222
f 442 	445 	222
f 440 	222 	445
f 440 	439 	222
f 435 	222 	439
f 462 	89 	491
f 406 	89 	447
f 231 	448 	449
f 231 	449 	226
f 436 	450 	350
f 332 	446 	452
f 47 	44 	438
f 481 	453 	451
f 436 	467 	450
f 391 	47 	438
f 44 	46 	438
f 46 	441 	438
f 454 	230 	229
f 454 	229 	455
f 449 	448 	457
f 448 	454 	457
f 454 	455 	457
f 456 	457 	455
f 309 	344 	452
f 456 	228 	227
f 456 	227 	457
f 231 	230 	454
f 231 	454 	448
f 227 	226 	449
f 227 	449 	457
f 437 	403 	362
f 362 	403 	407
f 452 	336 	332
f 228 	456 	225
f 395 	414 	580
f 481 	451 	455
f 407 	367 	362
f 456 	455 	451
f 225 	456 	451
f 443 	362 	359
f 437 	362 	443
f 455 	229 	481
f 520 	423 	420
f 225 	451 	72
f 518 	520 	420
f 459 	387 	447
f 406 	447 	387
f 89 	451 	453
f 460 	309 	452
f 509 	465 	461
f 463 	460 	452
f 464 	238 	461
f 79 	461 	238
f 452 	446 	463
f 447 	89 	462
f 464 	461 	465
f 509 	259 	465
f 240 	465 	259
f 105 	515 	466
f 461 	503 	509
f 444 	504 	446
f 475 	235 	469
f 469 	235 	236
f 469 	236 	470
f 463 	519 	460
f 470 	236 	238
f 470 	238 	464
f 206 	450 	467
f 475 	469 	470
f 464 	474 	470
f 465 	474 	464
f 475 	470 	474
f 466 	316 	105
f 71 	256 	503
f 474 	465 	240
f 474 	242 	241
f 474 	241 	475
f 447 	462 	459
f 475 	241 	235
f 398 	165 	162
f 472 	476 	381
f 162 	233 	398
f 242 	474 	240
f 476 	382 	381
f 251 	477 	245
f 251 	479 	477
f 385 	476 	478
f 483 	385 	478
f 453 	481 	502
f 229 	247 	481
f 426 	486 	482
f 480 	471 	468
f 477 	497 	489
f 488 	489 	497
f 488 	247 	246
f 488 	246 	489
f 246 	245 	477
f 246 	477 	489
f 487 	481 	488
f 462 	491 	459
f 438 	483 	391
f 247 	488 	481
f 485 	492 	466
f 483 	438 	385
f 370 	494 	216
f 370 	155 	494
f 248 	487 	250
f 497 	250 	487
f 477 	479 	497
f 487 	488 	497
f 216 	494 	311
f 396 	492 	485
f 251 	250 	497
f 251 	497 	479
f 332 	498 	496
f 389 	473 	434
f 494 	499 	311
f 336 	498 	332
f 434 	443 	389
f 155 	387 	499
f 443 	359 	389
f 224 	453 	253
f 502 	253 	453
f 254 	500 	501
f 254 	501 	255
f 502 	500 	254
f 502 	254 	253
f 473 	389 	485
f 256 	255 	501
f 256 	501 	503
f 155 	499 	494
f 502 	505 	500
f 501 	500 	505
f 501 	505 	506
f 501 	506 	503
f 257 	506 	505
f 498 	472 	458
f 389 	394 	485
f 258 	257 	505
f 485 	394 	396
f 689 	508 	493
f 498 	458 	496
f 259 	509 	512
f 259 	512 	265
f 504 	507 	446
f 506 	514 	509
f 512 	509 	514
f 507 	504 	330
f 506 	257 	514
f 270 	514 	257
f 515 	511 	430
f 330 	287 	507
f 516 	517 	510
f 509 	503 	506
f 516 	415 	517
f 287 	446 	507
f 336 	337 	498
f 513 	518 	420
f 446 	519 	463
f 402 	311 	499
f 498 	337 	521
f 473 	515 	430
f 337 	365 	521
f 490 	427 	429
f 522 	260 	262
f 522 	262 	523
f 517 	371 	510
f 523 	262 	265
f 523 	265 	512
f 517 	415 	373
f 520 	468 	423
f 429 	548 	490
f 512 	514 	523
f 498 	476 	472
f 414 	468 	580
f 548 	429 	527
f 498 	521 	476
f 499 	387 	525
f 524 	268 	267
f 524 	267 	526
f 260 	522 	267
f 526 	267 	522
f 580 	468 	471
f 521 	478 	476
f 493 	508 	513
f 429 	393 	527
f 524 	526 	522
f 514 	524 	523
f 522 	523 	524
f 483 	478 	365
f 268 	524 	514
f 268 	514 	270
f 528 	527 	393
f 525 	387 	459
f 278 	529 	271
f 278 	530 	529
f 505 	502 	481
f 459 	532 	525
f 365 	478 	521
f 499 	525 	402
f 482 	486 	554
f 505 	481 	487
f 426 	427 	554
f 130 	511 	133
f 371 	357 	510
f 529 	535 	534
f 533 	534 	536
f 135 	136 	511
f 533 	273 	272
f 533 	272 	534
f 272 	271 	529
f 272 	529 	534
f 133 	511 	136
f 248 	273 	487
f 533 	487 	273
f 332 	496 	458
f 417 	415 	516
f 427 	490 	558
f 487 	533 	505
f 516 	537 	417
f 332 	458 	328
f 515 	473 	485
f 525 	532 	402
f 458 	531 	328
f 535 	277 	276
f 535 	276 	536
f 515 	485 	466
f 529 	530 	535
f 536 	534 	535
f 278 	277 	535
f 278 	535 	530
f 486 	426 	554
f 276 	258 	536
f 532 	409 	402
f 391 	483 	365
f 505 	533 	536
f 40 	47 	365
f 258 	505 	536
f 89 	539 	540
f 491 	89 	540
f 372 	411 	441
f 519 	283 	460
f 47 	391 	365
f 538 	541 	537
f 372 	441 	49
f 491 	540 	459
f 441 	46 	49
f 543 	430 	542
f 372 	49 	413
f 417 	537 	541
f 89 	453 	421
f 541 	424 	417
f 539 	532 	540
f 459 	540 	532
f 539 	89 	544
f 541 	425 	424
f 545 	396 	390
f 409 	532 	544
f 543 	400 	430
f 539 	544 	532
f 492 	396 	546
f 544 	89 	419
f 545 	546 	396
f 544 	419 	409
f 538 	549 	425
f 547 	546 	545
f 531 	458 	550
f 224 	421 	453
f 531 	550 	543
f 541 	538 	425
f 458 	472 	550
f 326 	330 	504
f 381 	400 	550
f 607 	549 	538
f 550 	472 	381
f 400 	543 	550
f 549 	553 	425
f 545 	552 	547
f 482 	586 	484
f 287 	519 	446
f 390 	552 	545
f 287 	294 	519
f 482 	554 	586
f 553 	436 	425
f 294 	295 	519
f 552 	390 	399
f 553 	467 	436
f 556 	557 	552
f 427 	558 	554
f 283 	519 	295
f 560 	568 	559
f 562 	567 	555
f 548 	558 	490
f 413 	556 	552
f 309 	563 	304
f 460 	563 	309
f 283 	563 	460
f 55 	26 	559
f 375 	563 	283
f 399 	413 	552
f 561 	562 	555
f 559 	561 	555
f 565 	559 	555
f 375 	6 	563
f 528 	548 	527
f 6 	62 	563
f 607 	620 	467
f 55 	559 	565
f 543 	542 	566
f 548 	601 	558
f 566 	531 	543
f 561 	53 	562
f 86 	562 	53
f 566 	328 	531
f 713 	520 	518
f 446 	332 	444
f 86 	567 	562
f 520 	480 	468
f 546 	547 	125
f 553 	607 	467
f 328 	566 	495
f 561 	559 	568
f 542 	807 	566
f 50 	568 	560
f 495 	571 	444
f 572 	569 	548
f 571 	504 	444
f 571 	495 	351
f 576 	577 	555
f 571 	326 	504
f 548 	528 	572
f 392 	575 	393
f 556 	413 	49
f 573 	555 	577
f 577 	576 	582
f 393 	575 	528
f 495 	806 	351
f 480 	580 	471
f 577 	582 	573
f 516 	570 	579
f 588 	640 	555
f 579 	537 	516
f 17 	16 	580
f 573 	587 	555
f 575 	572 	528
f 538 	537 	579
f 677 	674 	555
f 538 	579 	593
f 538 	593 	596
f 516 	510 	570
f 596 	551 	538
f 587 	573 	584
f 573 	582 	584
f 634 	584 	582
f 588 	555 	587
f 629 	570 	510
f 557 	589 	585
f 586 	554 	622
f 584 	634 	587
f 581 	585 	589
f 633 	634 	582
f 134 	602 	592
f 593 	579 	570
f 594 	602 	134
f 153 	134 	592
f 570 	629 	593
f 16 	19 	580
f 580 	595 	17
f 628 	593 	629
f 628 	636 	593
f 134 	157 	594
f 597 	622 	554
f 582 	576 	36
f 480 	598 	595
f 558 	597 	554
f 51 	85 	86
f 157 	547 	594
f 558 	601 	597
f 603 	601 	548
f 578 	564 	590
f 548 	569 	603
f 611 	592 	602
f 608 	600 	8
f 599 	574 	591
f 595 	580 	480
f 601 	605 	597
f 552 	594 	547
f 601 	603 	606
f 603 	569 	606
f 574 	599 	617
f 601 	606 	605
f 552 	585 	594
f 480 	748 	598
f 557 	585 	552
f 608 	8 	5
f 594 	585 	602
f 17 	595 	598
f 608 	610 	604
f 602 	585 	611
f 597 	605 	609
f 607 	553 	549
f 607 	538 	551
f 600 	608 	604
f 611 	432 	592
f 655 	605 	606
f 607 	551 	612
f 608 	613 	610
f 616 	432 	611
f 5 	204 	613
f 610 	288 	182
f 616 	583 	432
f 617 	599 	619
f 619 	590 	564
f 619 	591 	590
f 679 	572 	575
f 153 	592 	432
f 585 	581 	611
f 182 	604 	610
f 467 	620 	206
f 621 	51 	600
f 591 	619 	599
f 600 	604 	621
f 617 	619 	623
f 611 	581 	616
f 7 	574 	617
f 621 	604 	244
f 358 	618 	624
f 612 	620 	607
f 312 	361 	625
f 581 	583 	616
f 68 	621 	244
f 614 	617 	623
f 620 	612 	692
f 68 	85 	621
f 624 	625 	358
f 620 	692 	697
f 182 	244 	604
f 351 	689 	618
f 697 	208 	620
f 208 	206 	620
f 351 	805 	689
f 153 	432 	131
f 51 	621 	85
f 615 	614 	623
f 628 	629 	627
f 626 	625 	624
f 626 	312 	625
f 626 	630 	312
f 597 	631 	622
f 510 	627 	629
f 115 	466 	546
f 466 	492 	546
f 597 	632 	631
f 89 	555 	451
f 609 	632 	597
f 52 	556 	49
f 191 	615 	189
f 588 	587 	634
f 635 	617 	614
f 635 	7 	617
f 556 	52 	557
f 166 	632 	665
f 190 	635 	191
f 166 	631 	632
f 637 	144 	5
f 614 	615 	635
f 638 	633 	582
f 5 	144 	204
f 635 	615 	191
f 633 	638 	637
f 630 	639 	312
f 551 	596 	664
f 314 	639 	672
f 637 	5 	633
f 511 	515 	169
f 551 	664 	612
f 588 	634 	640
f 642 	640 	634
f 612 	664 	692
f 640 	647 	555
f 756 	641 	757
f 395 	672 	639
f 647 	648 	555
f 643 	628 	627
f 642 	634 	633
f 643 	636 	628
f 618 	644 	624
f 644 	645 	626
f 633 	12 	642
f 303 	623 	319
f 166 	622 	631
f 648 	652 	555
f 166 	165 	484
f 648 	647 	642
f 644 	626 	624
f 586 	622 	166
f 640 	642 	647
f 484 	586 	166
f 775 	760 	650
f 650 	649 	775
f 643 	646 	636
f 8 	12 	633
f 645 	651 	626
f 651 	630 	626
f 653 	555 	652
f 652 	648 	642
f 639 	630 	414
f 189 	293 	288
f 642 	12 	652
f 317 	717 	392
f 651 	414 	630
f 656 	659 	555
f 395 	639 	414
f 659 	661 	555
f 661 	663 	555
f 658 	659 	656
f 26 	55 	658
f 664 	646 	660
f 565 	555 	663
f 658 	661 	659
f 665 	632 	657
f 663 	661 	658
f 632 	609 	657
f 71 	677 	671
f 668 	671 	555
f 605 	655 	609
f 651 	645 	423
f 655 	657 	609
f 55 	565 	663
f 55 	663 	658
f 468 	414 	651
f 423 	468 	651
f 567 	669 	555
f 669 	670 	555
f 668 	555 	670
f 653 	656 	555
f 141 	135 	511
f 656 	653 	12
f 658 	656 	12
f 141 	511 	169
f 280 	673 	668
f 280 	668 	670
f 671 	668 	673
f 12 	26 	658
f 646 	664 	636
f 50 	26 	51
f 78 	72 	675
f 674 	675 	72
f 664 	596 	593
f 50 	560 	26
f 674 	461 	675
f 676 	675 	461
f 19 	395 	580
f 560 	559 	26
f 79 	676 	461
f 19 	672 	395
f 664 	593 	636
f 280 	279 	673
f 261 	678 	679
f 314 	672 	19
f 503 	461 	677
f 674 	677 	461
f 608 	5 	613
f 279 	282 	673
f 351 	618 	571
f 680 	681 	74
f 680 	74 	73
f 567 	693 	669
f 280 	669 	693
f 678 	572 	679
f 680 	73 	75
f 680 	75 	682
f 683 	670 	669
f 682 	75 	77
f 682 	77 	684
f 352 	326 	618
f 8 	633 	5
f 280 	670 	683
f 684 	77 	78
f 684 	78 	675
f 618 	358 	352
f 56 	71 	671
f 681 	680 	682
f 681 	682 	684
f 681 	684 	675
f 681 	675 	676
f 74 	681 	676
f 74 	676 	79
f 618 	326 	571
f 673 	282 	671
f 503 	677 	71
f 280 	683 	669
f 72 	451 	674
f 555 	671 	677
f 566 	806 	495
f 664 	660 	685
f 691 	655 	686
f 644 	493 	690
f 493 	513 	690
f 655 	606 	686
f 567 	86 	693
f 618 	493 	644
f 695 	693 	694
f 493 	618 	689
f 340 	346 	696
f 685 	692 	664
f 690 	420 	644
f 691 	657 	655
f 644 	420 	645
f 657 	691 	14
f 234 	84 	687
f 423 	645 	420
f 696 	346 	698
f 513 	420 	690
f 787 	14 	691
f 688 	84 	83
f 692 	685 	697
f 688 	687 	84
f 688 	83 	35
f 327 	432 	662
f 24 	787 	691
f 662 	432 	583
f 700 	657 	14
f 696 	85 	340
f 700 	665 	657
f 701 	217 	745
f 694 	85 	696
f 606 	569 	678
f 217 	701 	219
f 697 	685 	703
f 569 	572 	678
f 667 	31 	18
f 686 	606 	678
f 210 	703 	752
f 704 	223 	701
f 210 	697 	703
f 508 	705 	513
f 700 	170 	166
f 210 	208 	697
f 704 	707 	237
f 700 	166 	665
f 662 	329 	327
f 715 	698 	346
f 717 	714 	392
f 707 	249 	237
f 578 	721 	709
f 346 	662 	715
f 705 	706 	513
f 706 	518 	513
f 707 	710 	249
f 752 	211 	210
f 518 	706 	713
f 732 	731 	627
f 696 	715 	695
f 627 	756 	716
f 627 	510 	732
f 696 	698 	715
f 718 	520 	713
f 679 	575 	712
f 714 	712 	575
f 718 	480 	520
f 711 	708 	261
f 764 	716 	756
f 269 	266 	317
f 717 	317 	252
f 737 	720 	706
f 720 	713 	706
f 720 	724 	713
f 724 	718 	713
f 172 	171 	708
f 172 	708 	711
f 724 	480 	718
f 173 	172 	712
f 725 	716 	723
f 86 	85 	694
f 716 	643 	627
f 172 	711 	712
f 694 	693 	86
f 173 	712 	714
f 722 	734 	726
f 716 	725 	643
f 174 	173 	714
f 725 	646 	643
f 176 	174 	714
f 694 	696 	695
f 176 	714 	717
f 177 	176 	717
f 724 	748 	480
f 693 	695 	738
f 177 	717 	252
f 762 	719 	687
f 154 	177 	252
f 687 	688 	762
f 719 	249 	710
f 280 	693 	282
f 738 	282 	693
f 710 	707 	719
f 65 	641 	727
f 739 	738 	695
f 56 	671 	282
f 581 	54 	583
f 298 	249 	719
f 730 	729 	641
f 261 	679 	711
f 641 	756 	730
f 581 	589 	54
f 583 	54 	431
f 731 	730 	756
f 756 	627 	731
f 705 	735 	706
f 583 	431 	662
f 735 	737 	706
f 431 	715 	662
f 708 	732 	510
f 183 	69 	65
f 557 	52 	54
f 557 	54 	589
f 183 	65 	727
f 705 	38 	735
f 183 	727 	728
f 54 	715 	431
f 728 	193 	183
f 193 	728 	729
f 194 	729 	730
f 735 	42 	741
f 740 	217 	38
f 695 	715 	54
f 741 	737 	735
f 763 	743 	725
f 58 	739 	54
f 695 	54 	739
f 741 	742 	737
f 194 	193 	729
f 742 	720 	737
f 194 	730 	731
f 738 	56 	282
f 739 	56 	738
f 58 	56 	739
f 197 	194 	731
f 745 	217 	740
f 649 	726 	754
f 197 	731 	732
f 699 	720 	742
f 198 	197 	732
f 743 	646 	725
f 59 	340 	70
f 724 	720 	699
f 722 	649 	650
f 198 	732 	708
f 171 	198 	708
f 649 	722 	726
f 38 	705 	804
f 743 	660 	646
f 164 	388 	20
f 575 	392 	714
f 20 	182 	288
f 674 	451 	555
f 726 	734 	754
f 288 	293 	20
f 576 	555 	36
f 746 	743 	744
f 740 	768 	745
f 754 	734 	778
f 743 	747 	660
f 746 	747 	743
f 766 	778 	734
f 689 	805 	508
f 508 	805 	705
f 702 	748 	724
f 747 	685 	660
f 722 	721 	734
f 734 	721 	733
f 745 	768 	770
f 746 	749 	747
f 641 	709 	722
f 748 	32 	25
f 701 	745 	770
f 746 	736 	749
f 722 	709 	721
f 748 	702 	32
f 779 	736 	746
f 25 	598 	748
f 703 	685 	747
f 17 	598 	25
f 724 	699 	753
f 753 	702 	724
f 752 	703 	747
f 709 	169 	515
f 736 	752 	747
f 719 	707 	773
f 736 	211 	752
f 1 	758 	755
f 755 	741 	42
f 736 	747 	749
f 755 	742 	741
f 751 	704 	701
f 649 	754 	769
f 758 	742 	755
f 760 	641 	759
f 316 	319 	619
f 758 	699 	742
f 751 	701 	750
f 751 	707 	704
f 758 	761 	699
f 654 	649 	769
f 761 	753 	699
f 759 	650 	760
f 641 	722 	759
f 615 	303 	301
f 32 	702 	753
f 722 	650 	759
f 298 	719 	762
f 760 	757 	641
f 760 	764 	756
f 760 	765 	764
f 688 	35 	762
f 200 	189 	288
f 9 	22 	761
f 753 	761 	22
f 716 	764 	765
f 22 	23 	753
f 767 	768 	740
f 23 	32 	753
f 288 	610 	200
f 760 	756 	757
f 763 	725 	723
f 65 	185 	641
f 729 	728 	641
f 728 	727 	641
f 760 	763 	765
f 770 	750 	701
f 763 	723 	716
f 755 	42 	771
f 107 	771 	42
f 107 	1 	771
f 510 	261 	708
f 763 	716 	765
f 117 	1 	107
f 770 	772 	750
f 772 	751 	750
f 89 	36 	555
f 772 	773 	707
f 1 	117 	120
f 213 	201 	610
f 763 	744 	743
f 610 	613 	213
f 719 	773 	687
f 613 	204 	213
f 42 	38 	107
f 755 	771 	1
f 232 	687 	773
f 772 	707 	751
f 638 	144 	637
f 638 	582 	97
f 144 	638 	97
f 767 	740 	774
f 97 	582 	36
f 712 	711 	679
f 736 	15 	211
f 760 	775 	763
f 763 	776 	777
f 709 	515 	564
f 777 	744 	763
f 564 	515 	105
f 316 	564 	105
f 782 	769 	754
f 775 	776 	763
f 564 	316 	619
f 746 	744 	777
f 619 	319 	623
f 746 	777 	779
f 776 	779 	777
f 779 	15 	736
f 623 	303 	615
f 779 	18 	15
f 189 	615 	301
f 766 	781 	778
f 649 	654 	775
f 301 	293 	189
f 803 	802 	38
f 801 	774 	802
f 780 	774 	801
f 740 	802 	774
f 654 	776 	775
f 200 	610 	201
f 776 	666 	779
f 87 	801 	108
f 87 	794 	780
f 666 	667 	779
f 87 	780 	801
f 709 	181 	169
f 754 	778 	782
f 181 	709 	641
f 778 	781 	782
f 667 	18 	779
f 654 	769 	776
f 168 	783 	261
f 772 	770 	313
f 769 	666 	776
f 106 	784 	783
f 769 	782 	67
f 785 	784 	106
f 313 	318 	772
f 24 	691 	785
f 30 	24 	785
f 769 	67 	66
f 318 	232 	773
f 785 	686 	784
f 781 	67 	782
f 785 	691 	686
f 168 	106 	783
f 234 	152 	84
f 45 	786 	151
f 45 	91 	786
f 786 	121 	151
f 687 	232 	234
f 786 	43 	121
f 667 	666 	769
f 30 	39 	24
f 24 	43 	787
f 14 	787 	43
f 769 	66 	667
f 39 	43 	24
f 773 	772 	318
f 14 	43 	786
f 786 	700 	14
f 91 	700 	786
f 66 	31 	667
f 789 	788 	774
f 790 	789 	774
f 783 	784 	686
f 31 	110 	18
f 791 	790 	774
f 792 	791 	774
f 783 	686 	678
f 18 	110 	13
f 578 	766 	734
f 792 	774 	793
f 793 	774 	794
f 794 	774 	780
f 766 	578 	795
f 92 	90 	788
f 92 	788 	789
f 766 	795 	116
f 93 	92 	789
f 93 	789 	790
f 116 	118 	766
f 93 	790 	791
f 96 	93 	791
f 766 	118 	88
f 96 	791 	792
f 795 	578 	590
f 87 	96 	794
f 96 	792 	793
f 96 	793 	794
f 269 	317 	796
f 797 	796 	317
f 578 	733 	721
f 798 	797 	317
f 578 	734 	733
f 578 	709 	564
f 317 	799 	798
f 795 	590 	591
f 795 	591 	574
f 799 	317 	800
f 774 	800 	317
f 788 	800 	774
f 7 	795 	574
f 101 	156 	796
f 156 	269 	796
f 102 	101 	796
f 102 	796 	797
f 103 	102 	797
f 103 	797 	798
f 7 	635 	338
f 798 	799 	104
f 7 	116 	795
f 103 	798 	104
f 799 	90 	104
f 799 	800 	90
f 90 	800 	788
f 148 	150 	7
f 313 	767 	774
f 313 	768 	767
f 768 	313 	770
f 317 	313 	774
f 810 	809 	511
f 511 	63 	810
f 740 	38 	802
f 804 	803 	38
f 804 	705 	805
f 801 	109 	108
f 801 	802 	109
f 111 	109 	802
f 803 	111 	802
f 112 	111 	803
f 112 	803 	804
f 114 	112 	804
f 114 	804 	805
f 808 	807 	542
f 806 	566 	807
f 805 	351 	806
f 806 	807 	3
f 808 	542 	511
f 511 	809 	808
f 809 	810 	2
f 511 	64 	63
f 809 	2 	3
f 807 	808 	3
f 3 	808 	809
f 810 	63 	76
f 810 	76 	2
f 511 	130 	64
f 3 	114 	806
f 114 	805 	806
# 1624 faces

 #end of obj_0

o obj_1
v -106.1 		-114.699 		0
v -106.1 		-114.699 		9
v -106.1 		-126.699 		9
v -106.1 		-126.699 		0
v -106.1 		-155.399 		0
v -106.1 		-155.399 		9
v -106.1 		-167.399 		9
v -106.1 		-167.399 		0
v 46.23 		-112.999 		0
v 46.23 		-112.999 		4.4
v 41.83 		-112.999 		4.4
v 41.83 		-112.999 		0
v 41.73 		-124.699 		0
v 41.73 		-125.249 		0
v 41.73 		-125.249 		6
v -21.37 		-112.999 		0
v 41.73 		-124.699 		6
v -21.37 		-112.999 		4.4
v 46.28 		-124.699 		0
v 46.28 		-124.699 		6
v -25.77 		-112.999 		4.4
v -25.77 		-112.999 		0
v -25.77 		-153.699 		4.4
v 46.28 		-125.249 		0
v -25.77 		-153.699 		0
v 46.28 		-125.249 		6
v -88.97 		-112.999 		0
v -88.97 		-112.999 		4.4
v -88.97 		-153.699 		0
v -88.97 		-153.699 		4.4
v 45.98 		-126.699 		0
v 45.98 		-126.699 		6
v -93.37 		-112.999 		4.4
v -93.37 		-153.699 		4.4
v -93.37 		-153.699 		0
v 42.03 		-126.699 		6
v 42.03 		-126.699 		0
v 58.9 		-155.399 		0
v 42.03 		-167.399 		6
v 45.98 		-167.399 		6
v 42.13 		-114.699 		0
v 41.83 		-113.249 		0
v -93.37 		-112.999 		0
v 41.83 		-113.249 		4.4
v 42.13 		-114.699 		4.4
v -25.77 		-153.949 		4.4
v 58.9 		-167.399 		0
v 45.98 		-167.399 		0
v -25.77 		-153.949 		0
v 42.03 		-167.399 		0
v 58.9 		-114.699 		0
v -25.87 		-124.699 		0
v -25.87 		-125.249 		0
v 41.73 		-165.399 		0
v 58.9 		-126.699 		0
v -25.87 		-125.249 		6
v -25.87 		-124.699 		6
v 41.73 		-165.949 		0
v 41.73 		-165.949 		6
v 41.73 		-165.399 		6
v 46.23 		-113.249 		4.4
v 45.93 		-114.699 		4.4
v 46.28 		-165.399 		0
v 58.9 		-126.699 		9
v 58.9 		-114.699 		9
v 46.23 		-113.249 		0
v -25.87 		-165.399 		0
v -25.87 		-165.949 		0
v -25.87 		-165.949 		6
v -25.87 		-165.399 		6
v 46.28 		-165.399 		6
v -82.996 		-155.399 		9
v -17.46 		-167.399 		0
v 45.93 		-114.699 		0
v 46.28 		-165.949 		0
v -88.97 		-153.949 		4.4
v -21.62 		-167.399 		0
v -89.27 		-155.399 		4.4
v -21.62 		-167.399 		6
v 46.28 		-165.949 		6
v -88.97 		-153.949 		0
v -82.996 		-114.699 		9
v -89.27 		-155.399 		0
v -88.97 		-113.249 		4.4
v -89.27 		-114.699 		4.4
v -25.57 		-167.399 		6
v 42.13 		-155.399 		0
v 41.83 		-153.949 		0
v 41.83 		-153.949 		4.4
v 42.13 		-155.399 		4.4
v -88.97 		-113.249 		0
v -89.27 		-114.699 		0
v -25.57 		-167.399 		0
v 41.83 		-153.699 		4.4
v 46.23 		-153.699 		4.4
v 46.23 		-153.949 		4.4
v 45.93 		-155.399 		4.4
v 31.692 		-126.699 		9
v 46.23 		-153.949 		0
v 45.93 		-155.399 		0
v 41.83 		-153.699 		0
v 46.23 		-153.699 		0
v -25.47 		-114.699 		0
v -21.67 		-114.699 		0
v -21.37 		-113.249 		0
v -21.32 		-124.699 		0
v -21.32 		-125.249 		0
v -21.62 		-126.699 		0
v -21.62 		-126.699 		6
v -25.57 		-126.699 		0
v -25.57 		-126.699 		6
v -25.47 		-155.399 		0
v -21.67 		-155.399 		0
v -21.37 		-153.949 		0
v -21.37 		-153.699 		0
v -25.77 		-113.249 		0
v -21.32 		-165.399 		0
v -88.92 		-165.399 		0
v -21.32 		-165.949 		0
v -88.92 		-165.399 		6
v 31.692 		-114.699 		9
v -88.92 		-165.949 		0
v -88.92 		-165.949 		6
v -82.996 		-167.399 		0
v -82.996 		-167.399 		9
v -89.22 		-167.399 		0
v -89.22 		-167.399 		6
v -25.47 		-155.399 		4.4
v -21.37 		-153.699 		4.4
v -21.37 		-153.949 		4.4
v -66.612 		-126.699 		9
v -93.07 		-155.399 		0
v -93.37 		-153.949 		0
v -93.17 		-167.399 		6
v -82.996 		-126.699 		0
v -21.67 		-155.399 		4.4
v -93.37 		-153.949 		4.4
v -88.92 		-124.699 		0
v -93.17 		-167.399 		0
v -89.22 		-126.699 		0
v -89.22 		-126.699 		6
v -93.07 		-155.399 		4.4
v -88.92 		-124.699 		6
v -25.47 		-114.699 		4.4
v -88.92 		-125.249 		0
v -88.92 		-125.249 		6
v -21.37 		-113.249 		4.4
v 58.9 		-155.399 		9
v 58.9 		-167.399 		9
v -93.07 		-114.699 		0
v -93.37 		-113.249 		0
v -93.37 		-113.249 		4.4
v -21.67 		-114.699 		4.4
v -93.07 		-114.699 		4.4
v -93.17 		-126.699 		6
v -93.47 		-125.249 		0
v -93.17 		-126.699 		0
v -93.47 		-124.699 		0
v -93.47 		-165.399 		0
v -93.47 		-165.949 		0
v -93.47 		-125.249 		6
v -93.47 		-124.699 		6
v -93.47 		-165.949 		6
v -93.47 		-165.399 		6
v -21.32 		-165.399 		6
v -21.32 		-165.949 		6
v -21.32 		-124.699 		6
v -21.32 		-125.249 		6
v -25.77 		-113.249 		4.4
v 58.9 		-155.397 		0
v 58.9 		-155.397 		9
v -25.77 		-153.947 		0
v -25.77 		-153.696 		0
v -33.844 		-155.397 		0
v -93.472 		-124.701 		0
v -93.472 		-124.701 		6.001
v -93.472 		-125.251 		6.001
v -93.472 		-125.251 		0
v 46.282 		-125.251 		0
v 46.282 		-125.251 		6.001
v 46.282 		-124.701 		6.001
v -88.922 		-124.701 		6.001
v -88.922 		-125.251 		6.001
v -89.222 		-126.701 		6.001
v -89.222 		-126.701 		0
v 58.9 		-126.701 		9
v 58.9 		-126.701 		0
v -88.922 		-125.251 		0
v -21.37 		-153.696 		0
v -21.37 		-153.947 		0
v -88.922 		-124.701 		0
v -106.1 		-155.397 		9
v 46.282 		-124.701 		0
v -106.1 		-155.397 		0
v -21.67 		-155.397 		0
v 42.032 		-126.701 		0
v 46.232 		-153.696 		4.4
v 41.732 		-124.701 		6.001
v -106.1 		-126.701 		0
v 46.232 		-153.947 		4.4
v -106.1 		-126.701 		9
v 46.232 		-153.947 		0
v 46.232 		-153.696 		0
v 42.032 		-126.701 		6.001
v 41.732 		-124.701 		0
v 41.832 		-153.947 		0
v 41.832 		-153.947 		4.4
v -25.47 		-155.397 		0
v 41.832 		-153.696 		4.4
v 41.832 		-153.696 		0
v 41.732 		-125.251 		6.001
v 41.732 		-125.251 		0
v 45.982 		-126.701 		6.001
v 45.932 		-155.397 		4.4
v 45.932 		-155.397 		0
v 45.982 		-126.701 		0
v 42.132 		-155.397 		4.4
v -25.87 		-125.251 		0
v -25.87 		-125.251 		6.001
v -25.77 		-153.947 		4.4
v -25.77 		-153.696 		4.4
v -25.87 		-124.701 		6.001
v -93.172 		-126.701 		0
v 42.132 		-155.397 		0
v -21.67 		-155.397 		4.4
v -93.172 		-126.701 		6.001
v -25.87 		-124.701 		0
v -25.47 		-155.397 		4.4
v -93.072 		-155.397 		4.4
v -93.072 		-155.397 		0
v -25.57 		-126.701 		6.001
v -25.57 		-126.701 		0
v -82.996 		-126.701 		9
v -93.372 		-153.947 		0
v -93.372 		-153.947 		4.4
v -93.372 		-153.696 		4.4
v -93.372 		-153.696 		0
v -21.32 		-124.701 		6.001
v -21.32 		-125.251 		6.001
v -1.076 		-155.397 		9
v -21.62 		-126.701 		6.001
v -21.32 		-124.701 		0
v -21.62 		-126.701 		0
v -21.32 		-125.251 		0
v -21.37 		-153.696 		4.4
v -21.37 		-153.947 		4.4
v -89.272 		-155.397 		0
v -89.272 		-155.397 		4.4
v -88.972 		-153.696 		0
v -88.972 		-153.696 		4.4
v -88.972 		-153.947 		4.4
v -88.972 		-153.947 		0
v -17.46 		-126.701 		9
# 253 vertices

g group_1_14860437

usemtl color_14860437
s 0

f 812 	811 	813
f 813 	811 	814
f 816 	815 	817
f 817 	815 	818
f 820 	819 	821
f 821 	819 	822
f 824 	823 	825
f 825 	823 	827
f 828 	826 	832
f 823 	829 	827
f 827 	829 	830
f 828 	832 	831
f 829 	834 	830
f 830 	834 	836
f 838 	837 	853
f 840 	839 	845
f 834 	841 	836
f 836 	841 	842
f 840 	845 	844
f 825 	827 	836
f 827 	830 	836
f 836 	842 	825
f 842 	846 	825
f 824 	825 	847
f 847 	825 	846
f 852 	851 	854
f 854 	851 	855
f 940 	833 	856
f 838 	853 	843
f 850 	858 	857
f 835 	859 	833
f 833 	859 	856
f 959 	849 	850
f 863 	862 	866
f 866 	862 	867
f 868 	864 	869
f 869 	864 	870
f 821 	854 	820
f 820 	854 	871
f 855 	872 	871
f 871 	854 	855
f 916 	914 	823
f 883 	860 	849
f 889 	883 	849
f 878 	877 	879
f 879 	877 	880
f 875 	874 	861
f 861 	874 	865
f 851 	829 	823
f 884 	861 	829
f 865 	834 	829
f 865 	841 	834
f 897 	873 	864
f 823 	824 	916
f 893 	888 	882
f 849 	959 	889
f 841 	865 	842
f 842 	865 	874
f 864 	873 	870
f 870 	873 	881
f 863 	866 	920
f 857 	885 	873
f 947 	888 	886
f 876 	884 	851
f 851 	852 	876
f 852 	822 	876
f 876 	822 	819
f 873 	885 	881
f 881 	885 	890
f 857 	858 	885
f 873 	848 	857
f 908 	846 	842
f 891 	886 	893
f 893 	886 	888
f 885 	858 	890
f 890 	858 	850
f 876 	871 	884
f 884 	871 	872
f 839 	840 	891
f 891 	840 	886
f 889 	887 	883
f 822 	852 	821
f 821 	852 	854
f 823 	914 	851
f 851 	884 	829
f 829 	861 	865
f 870 	881 	890
f 869 	870 	890
f 890 	850 	869
f 869 	850 	849
f 819 	820 	876
f 876 	820 	871
f 962 	895 	894
f 860 	868 	869
f 869 	849 	860
f 931 	855 	851
f 898 	897 	899
f 899 	897 	900
f 935 	896 	889
f 931 	872 	855
f 901 	894 	902
f 902 	894 	895
f 904 	899 	905
f 905 	899 	906
f 900 	907 	906
f 906 	899 	900
f 864 	868 	883
f 868 	860 	883
f 908 	847 	846
f 842 	874 	908
f 909 	906 	910
f 910 	906 	907
f 837 	838 	901
f 901 	838 	894
f 909 	910 	897
f 897 	898 	909
f 898 	911 	909
f 909 	911 	912
f 911 	898 	904
f 904 	898 	899
f 915 	914 	926
f 926 	832 	915
f 915 	832 	826
f 873 	897 	910
f 910 	848 	873
f 912 	905 	909
f 909 	905 	906
f 913 	914 	916
f 916 	862 	913
f 918 	847 	908
f 864 	883 	897
f 824 	847 	917
f 908 	919 	918
f 847 	918 	917
f 917 	916 	824
f 958 	907 	900
f 882 	922 	893
f 941 	921 	919
f 910 	907 	848
f 924 	923 	859
f 859 	835 	924
f 924 	835 	925
f 884 	872 	861
f 934 	903 	896
f 922 	923 	927
f 927 	877 	922
f 914 	913 	926
f 930 	974 	928
f 935 	934 	896
f 892 	902 	895
f 851 	914 	931
f 883 	929 	927
f 928 	932 	930
f 930 	932 	933
f 958 	900 	946
f 889 	959 	935
f 932 	936 	933
f 933 	936 	937
f 856 	922 	938
f 941 	920 	921
f 937 	936 	934
f 892 	913 	902
f 974 	930 	933
f 973 	974 	933
f 941 	945 	920
f 919 	908 	941
f 934 	935 	937
f 944 	937 	935
f 945 	913 	862
f 862 	863 	945
f 935 	817 	944
f 902 	913 	945
f 863 	920 	945
f 939 	833 	940
f 856 	946 	940
f 856 	938 	946
f 818 	949 	944
f 924 	940 	923
f 923 	940 	946
f 943 	942 	947
f 947 	942 	952
f 944 	817 	818
f 953 	972 	948
f 961 	853 	901
f 901 	902 	961
f 901 	853 	837
f 979 	913 	954
f 948 	955 	953
f 953 	955 	956
f 951 	950 	945
f 925 	939 	924
f 924 	939 	940
f 844 	947 	840
f 947 	952 	888
f 886 	840 	947
f 902 	948 	960
f 955 	950 	956
f 956 	950 	951
f 945 	955 	948
f 845 	943 	844
f 844 	943 	947
f 922 	882 	938
f 972 	953 	956
f 971 	972 	956
f 945 	941 	951
f 813 	965 	951
f 945 	950 	955
f 948 	902 	945
f 961 	960 	962
f 962 	960 	964
f 979 	963 	957
f 979 	954 	963
f 957 	828 	979
f 816 	952 	815
f 902 	960 	961
f 951 	941 	813
f 915 	957 	914
f 914 	957 	963
f 843 	962 	838
f 962 	964 	895
f 894 	838 	962
f 882 	888 	952
f 814 	967 	965
f 813 	814 	965
f 853 	961 	843
f 843 	961 	962
f 826 	828 	915
f 915 	828 	957
f 968 	960 	948
f 900 	897 	946
f 816 	882 	952
f 954 	913 	892
f 814 	811 	968
f 811 	960 	968
f 968 	966 	814
f 966 	967 	814
f 892 	895 	964
f 952 	942 	815
f 897 	923 	946
f 812 	892 	964
f 964 	960 	811
f 966 	968 	971
f 971 	968 	972
f 883 	927 	923
f 883 	887 	929
f 923 	897 	883
f 970 	969 	973
f 973 	969 	974
f 969 	928 	974
f 958 	882 	959
f 931 	908 	874
f 874 	875 	931
f 933 	937 	973
f 937 	944 	973
f 923 	922 	859
f 970 	973 	949
f 949 	973 	944
f 882 	946 	938
f 968 	948 	972
f 934 	922 	877
f 934 	877 	878
f 877 	927 	880
f 880 	927 	975
f 963 	931 	914
f 956 	951 	971
f 951 	965 	971
f 893 	922 	934
f 878 	903 	934
f 941 	908 	931
f 927 	929 	975
f 975 	929 	976
f 892 	931 	954
f 935 	959 	882
f 966 	971 	967
f 967 	971 	965
f 929 	887 	976
f 976 	887 	889
f 943 	845 	891
f 891 	845 	839
f 964 	811 	812
f 963 	954 	931
f 879 	880 	976
f 880 	975 	976
f 976 	889 	879
f 889 	896 	879
f 931 	892 	941
f 905 	912 	904
f 904 	912 	911
f 934 	932 	928
f 903 	878 	896
f 896 	878 	879
f 862 	916 	867
f 867 	916 	977
f 835 	833 	939
f 939 	925 	835
f 859 	922 	856
f 916 	917 	977
f 977 	917 	978
f 934 	936 	932
f 928 	893 	934
f 882 	817 	935
f 893 	942 	943
f 891 	893 	943
f 813 	941 	892
f 917 	918 	978
f 978 	918 	919
f 816 	817 	882
f 928 	969 	942
f 942 	893 	928
f 866 	867 	978
f 867 	977 	978
f 978 	919 	866
f 919 	921 	866
f 818 	815 	969
f 815 	942 	969
f 969 	970 	818
f 812 	813 	892
f 970 	949 	818
f 958 	848 	907
f 946 	882 	958
f 921 	920 	866
f 958 	959 	848
f 848 	959 	857
f 875 	861 	872
f 872 	931 	875
f 926 	913 	979
f 850 	857 	959
f 831 	979 	828
f 832 	926 	831
f 831 	926 	979
f 981 	980 	996
f 986 	985 	987
f 987 	985 	988
f 987 	994 	993
f 982 	984 	983
f 996 	980 	997
f 994 	995 	993
f 993 	995 	998
f 990 	989 	991
f 991 	989 	1003
f 1004 	1002 	1009
f 1009 	1002 	1011
f 993 	998 	992
f 992 	998 	1001
f 1010 	1007 	1012
f 1012 	1007 	1013
f 991 	1003 	1008
f 1008 	1003 	1015
f 1005 	1000 	1034
f 1017 	1016 	1019
f 1019 	1016 	1020
f 1008 	1015 	1021
f 1021 	1015 	1022
f 996 	1023 	1014
f 1010 	1012 	1024
f 1024 	1012 	1025
f 992 	1001 	985
f 1018 	984 	982
f 1023 	996 	997
f 1024 	1027 	1017
f 1010 	1024 	1017
f 1017 	1019 	1010
f 1010 	1019 	1007
f 1029 	1028 	1042
f 1030 	982 	1031
f 1031 	982 	983
f 1056 	1038 	1030
f 1030 	1031 	1055
f 998 	1033 	988
f 988 	985 	1001
f 1038 	982 	1030
f 997 	1026 	1023
f 1014 	1063 	996
f 1050 	1035 	1005
f 988 	1001 	998
f 1036 	1033 	1009
f 1009 	1011 	1036
f 1036 	1011 	1043
f 1050 	1002 	1038
f 1032 	1037 	1029
f 1029 	1037 	1028
f 1004 	1040 	1039
f 1002 	1004 	1039
f 1043 	994 	1036
f 1029 	1042 	1041
f 1054 	1042 	1028
f 984 	1018 	1038
f 1058 	984 	1038
f 1038 	1035 	1050
f 1045 	1044 	1046
f 1046 	1044 	1047
f 980 	1025 	1012
f 1027 	1034 	1017
f 1017 	1034 	1016
f 994 	1043 	995
f 1048 	1032 	1029
f 1049 	1048 	1029
f 1029 	1041 	1049
f 1049 	1041 	1051
f 1000 	1020 	1016
f 1034 	1000 	1016
f 1061 	1039 	1045
f 1013 	997 	980
f 1051 	1053 	1049
f 1049 	1053 	1054
f 1054 	1028 	1037
f 1054 	1053 	1042
f 1037 	1052 	1054
f 1049 	1054 	1048
f 1048 	1054 	1052
f 1056 	1055 	1000
f 1000 	1055 	999
f 1039 	1040 	1045
f 1045 	1040 	1044
f 1037 	1032 	1048
f 1048 	1052 	1037
f 1058 	1057 	984
f 1015 	1003 	1022
f 989 	1006 	1022
f 989 	1026 	1006
f 1022 	1003 	989
f 1021 	1022 	1014
f 1014 	1022 	1006
f 1002 	1039 	1058
f 1043 	1041 	1042
f 1043 	1063 	1041
f 1061 	1060 	1062
f 1062 	1060 	1059
f 1040 	1004 	1044
f 991 	1008 	1021
f 990 	991 	1021
f 1021 	1014 	990
f 990 	1014 	1023
f 1042 	995 	1043
f 1051 	1041 	1063
f 1061 	1062 	1058
f 1058 	1062 	1057
f 1023 	1026 	990
f 990 	1026 	989
f 1058 	1039 	1061
f 1046 	1060 	1061
f 1045 	1046 	1061
f 984 	1057 	1062
f 1062 	1059 	984
f 1047 	1044 	1004
f 1004 	1009 	1047
f 995 	1059 	1047
f 983 	984 	1042
f 1042 	1053 	983
f 1053 	1006 	999
f 1020 	1000 	999
f 1013 	1020 	1026
f 1026 	997 	1013
f 980 	1012 	1013
f 1006 	1026 	1020
f 999 	1006 	1020
f 999 	983 	1053
f 995 	1042 	984
f 984 	1059 	995
f 1033 	995 	1047
f 1033 	998 	995
f 1047 	1009 	1033
f 1063 	1006 	1053
f 1053 	1051 	1063
f 1056 	1000 	1035
f 1035 	1000 	1005
f 1047 	1059 	1060
f 1060 	1046 	1047
f 1038 	1002 	1058
f 999 	1055 	1031
f 1031 	983 	999
f 1056 	1035 	1038
f 1030 	1055 	1056
f 1038 	1018 	982
f 1019 	1020 	1007
f 1007 	1020 	1013
f 1006 	1063 	1014
f 1034 	1027 	1050
f 996 	1063 	1050
f 1043 	1011 	1002
f 1050 	1063 	1043
f 1043 	1002 	1050
f 1050 	981 	996
f 987 	988 	1036
f 1036 	988 	1033
f 1024 	1025 	980
f 992 	986 	987
f 993 	992 	987
f 987 	1036 	994
f 981 	1027 	1024
f 1024 	980 	981
f 992 	985 	986
f 1050 	1005 	1034
f 1027 	981 	1050
# 494 faces

 #end of obj_1

o obj_2
v -106.1 		61.425 		10
v -106.1 		61.425 		0
v -15.359 		56.925 		10
v -15.359 		55.925 		10
v -16.359 		55.925 		10
v -16.359 		56.925 		10
v -85.648 		40.675 		10
v -84.648 		40.675 		10
v -83.084 		40.675 		10
v -82.084 		40.675 		10
v 29.755 		48.925 		10
v -12.795 		54.925 		10
v 29.755 		47.925 		10
v -15.406 		39.675 		9
v -102.6 		19.925 		10
v -15.406 		40.675 		9
v -102.6 		18.925 		10
v -101.035 		18.925 		10
v -101.035 		19.925 		10
v -15.359 		54.925 		10
v -13.795 		54.925 		10
v -15.406 		39.675 		10
v -15.406 		40.675 		10
v -49.745 		46.175 		10
v -49.745 		46.175 		9
v -103.6 		18.925 		10
v -12.842 		40.675 		9
v 29.755 		47.925 		9
v 29.755 		48.925 		9
v 30.755 		48.925 		9
v -13.842 		40.675 		9
v 30.755 		48.925 		10
v -13.842 		39.675 		9
v -12.842 		39.675 		9
v -12.842 		39.675 		10
v -12.842 		40.675 		10
v 32.319 		48.925 		10
v 32.319 		48.925 		9
v -13.842 		40.675 		10
v -13.842 		39.675 		10
v 32.319 		46.175 		9
v 32.319 		46.175 		10
v 30.755 		46.175 		9
v 29.755 		46.175 		9
v -15.406 		37.925 		9
v 30.755 		46.175 		10
v -15.406 		37.925 		10
v 29.755 		46.175 		10
v -12.842 		37.925 		9
v -13.842 		37.925 		9
v -12.842 		37.925 		10
v -13.842 		37.925 		10
v 28.19 		48.925 		9
v 27.19 		48.925 		9
v 27.19 		47.925 		9
v 28.19 		47.925 		9
v 28.19 		47.925 		10
v 28.19 		48.925 		10
v 27.19 		47.925 		10
v 27.19 		48.925 		10
v -18.922 		57.925 		9
v -17.922 		57.925 		9
v 25.626 		48.925 		9
v -17.922 		57.925 		10
v -18.922 		57.925 		10
v -103.6 		19.925 		10
v -16.359 		54.925 		10
v -95.906 		43.425 		10
v -100.035 		19.925 		10
v 24.626 		48.925 		9
v 24.626 		47.925 		9
v -52.31 		46.175 		9
v 25.626 		47.925 		9
v -95.906 		43.425 		9
v -51.31 		46.175 		9
v -51.31 		46.175 		10
v -52.31 		46.175 		10
v 25.626 		47.925 		10
v 25.626 		48.925 		10
v -97.471 		43.425 		9
v -97.471 		43.425 		10
v -82.084 		37.925 		10
v -56.439 		47.925 		9
v 24.626 		47.925 		10
v 24.626 		48.925 		10
v -56.439 		48.925 		9
v -56.439 		47.925 		10
v -56.439 		48.925 		10
v -94.906 		43.425 		9
v -94.906 		43.425 		10
v -53.874 		48.925 		9
v -54.874 		48.925 		9
v -97.471 		45.175 		9
v -54.874 		47.925 		9
v -53.874 		47.925 		9
v -98.471 		18.925 		10
v -98.471 		19.925 		10
v -53.874 		47.925 		10
v -83.084 		37.925 		10
v -100.035 		18.925 		10
v -53.874 		48.925 		10
v -84.648 		37.925 		10
v -97.471 		45.175 		10
v -0.019 		48.925 		10
v -0.019 		47.925 		10
v -106.1 		34.925 		10
v -85.648 		37.925 		10
v -98.4 		12.925 		10
v -54.874 		48.925 		10
v -54.874 		47.925 		10
v -106.1 		32.925 		10
v -21.486 		57.925 		9
v -106.1 		32.925 		8
v -106.1 		34.925 		8
v -20.486 		57.925 		9
v -87.213 		40.675 		10
v -87.213 		39.675 		10
v -20.486 		57.925 		10
v -1.019 		47.925 		10
v -21.486 		57.925 		10
v 28.19 		46.175 		9
v 27.19 		46.175 		9
v -89.777 		40.675 		10
v -89.777 		39.675 		10
v -88.213 		39.675 		10
v -2.584 		48.925 		10
v -2.584 		47.925 		10
v -88.213 		40.675 		10
v 28.19 		46.175 		10
v -1.019 		48.925 		10
v 27.19 		46.175 		10
v -3.584 		47.925 		10
v 25.626 		46.175 		9
v 24.626 		46.175 		9
v -95.906 		45.175 		9
v -94.906 		45.175 		9
v -3.584 		48.925 		10
v 25.626 		46.175 		10
v 24.626 		46.175 		10
v -94.906 		45.175 		10
v -18.922 		56.925 		9
v -17.922 		56.925 		9
v -95.906 		45.175 		10
v -17.922 		56.925 		10
v -98.4 		9.925 		10
v -98.4 		10.925 		10
v -18.922 		56.925 		10
v -98.4 		11.925 		10
v -18.922 		55.925 		9
v -18.922 		54.925 		9
v -17.922 		54.925 		9
v -87.213 		37.925 		10
v -17.922 		55.925 		9
v -17.922 		55.925 		10
v -0.019 		46.175 		10
v -18.922 		55.925 		10
v -88.213 		37.925 		10
v -89.777 		37.925 		10
v -106.1 		6.425 		10
v -17.922 		54.925 		10
v 23.061 		46.175 		9
v 22.061 		46.175 		9
v 56.4 		19.925 		10
v -18.922 		54.925 		10
v -1.019 		46.175 		10
v -2.584 		46.175 		10
v 23.061 		46.175 		10
v -3.584 		46.175 		10
v 22.061 		46.175 		10
v -97.471 		42.425 		9
v 20.497 		46.175 		9
v -97.471 		42.425 		10
v -21.486 		55.925 		9
v -21.486 		54.925 		9
v -20.486 		54.925 		9
v -20.486 		55.925 		9
v 20.497 		46.175 		10
v -95.906 		42.425 		9
v -20.486 		55.925 		10
v -94.906 		42.425 		9
v -21.486 		55.925 		10
v -53.874 		46.175 		9
v -5.148 		48.925 		10
v -54.874 		46.175 		9
v -5.148 		47.925 		10
v -94.906 		42.425 		10
v -7.713 		48.925 		10
v -7.713 		47.925 		10
v 55.4 		19.925 		10
v -6.148 		47.925 		10
v 23.061 		48.925 		9
v -53.874 		46.175 		10
v 22.061 		48.925 		9
v -21.486 		56.925 		9
v -20.486 		56.925 		9
v 22.061 		47.925 		9
v 23.061 		47.925 		9
v -6.148 		48.925 		10
v -21.486 		56.925 		10
v -20.486 		56.925 		10
v 23.061 		47.925 		10
v -54.874 		46.175 		10
v 23.061 		48.925 		10
v 55.4 		19.925 		9
v 56.4 		19.925 		9
v 22.061 		47.925 		10
v -56.439 		46.175 		9
v -20.486 		54.925 		10
v 22.061 		48.925 		10
v -56.439 		46.175 		10
v -5.148 		46.175 		10
v -106.1 		6.425 		0
v 20.497 		47.925 		9
v 20.497 		48.925 		9
v -21.486 		54.925 		10
v 58.9 		6.425 		10
v -6.148 		46.175 		10
v -7.713 		46.175 		10
v 56.4 		18.925 		10
v 56.4 		18.925 		9
v -90.777 		42.425 		10
v 55.4 		18.925 		9
v 55.4 		18.925 		10
v -21.5 		61.425 		7
v -90.777 		45.175 		10
v -90.777 		43.425 		10
v -95.906 		42.425 		10
v 50.271 		19.925 		10
v 50.271 		18.925 		10
v 50.271 		18.925 		9
v 50.271 		19.925 		9
v 20.497 		47.925 		10
v 20.497 		48.925 		10
v -21.5 		63.175 		7
v -8.713 		47.925 		10
v 51.271 		19.925 		10
v 51.271 		19.925 		9
v -21.5 		61.425 		0
v -21.5 		63.175 		0
v 51.271 		18.925 		10
v 51.271 		18.925 		9
v -10.277 		48.925 		10
v -10.277 		47.925 		10
v -8.713 		48.925 		10
v 53.835 		19.925 		9
v 53.835 		18.925 		9
v 53.835 		18.925 		10
v 53.835 		19.925 		10
v 52.835 		19.925 		10
v 52.835 		18.925 		10
v 52.835 		18.925 		9
v -26.614 		57.925 		9
v -11.277 		47.925 		10
v 52.835 		19.925 		9
v -25.614 		57.925 		9
v -25.614 		57.925 		10
v -26.614 		57.925 		10
v -90.777 		40.675 		9
v -90.777 		39.675 		9
v -11.277 		48.925 		10
v -90.777 		39.675 		10
v 51.3 		12.925 		9
v 51.3 		12.925 		10
v -90.777 		40.675 		10
v -92.342 		45.175 		10
v 50.3 		12.925 		10
v 50.3 		12.925 		9
v -92.342 		40.675 		9
v -92.342 		43.425 		10
v -93.342 		40.675 		9
v -92.342 		42.425 		10
v -93.342 		39.675 		9
v -92.342 		39.675 		9
v -8.713 		46.175 		10
v -10.277 		46.175 		10
v -93.342 		42.425 		10
v -92.342 		39.675 		10
v -92.342 		40.675 		10
v 51.3 		11.925 		9
v 51.3 		11.925 		10
v -93.342 		39.675 		10
v 50.3 		11.925 		9
v 50.3 		11.925 		10
v 51.3 		10.925 		10
v 50.3 		10.925 		10
v 50.3 		10.925 		9
v -11.277 		46.175 		10
v -93.342 		40.675 		10
v 51.3 		10.925 		9
v 51.3 		9.925 		9
v 51.3 		9.925 		10
v -31.741 		57.925 		9
v 50.3 		9.925 		9
v 50.3 		9.925 		10
v -30.741 		57.925 		9
v -12.288 		6.425 		10
v 17.932 		48.925 		9
v 16.932 		48.925 		9
v 16.932 		47.925 		9
v 17.932 		47.925 		9
v -90.777 		37.925 		9
v 48.706 		19.925 		9
v 48.706 		18.925 		9
v 48.706 		18.925 		10
v 48.706 		19.925 		10
v 17.932 		47.925 		10
v 17.932 		48.925 		10
v -90.777 		37.925 		10
v 47.706 		18.925 		10
v 47.706 		18.925 		9
v -30.741 		57.925 		10
v 19.497 		48.925 		9
v -31.741 		57.925 		10
v 19.497 		47.925 		9
v 47.706 		19.925 		10
v 47.706 		19.925 		9
v -93.342 		45.175 		10
v -92.342 		37.925 		9
v 19.497 		48.925 		10
v -93.342 		43.425 		10
v 19.497 		47.925 		10
v -57.439 		48.925 		9
v 46.142 		19.925 		9
v -57.439 		47.925 		9
v 46.142 		18.925 		9
v -93.342 		37.925 		9
v 46.142 		18.925 		10
v 46.142 		19.925 		10
v -57.439 		47.925 		10
v 45.142 		18.925 		9
v 45.142 		18.925 		10
v -92.342 		37.925 		10
v -29.178 		57.925 		9
v 45.142 		19.925 		10
v 45.142 		19.925 		9
v -57.439 		48.925 		10
v -93.342 		37.925 		10
v -28.178 		57.925 		9
v -12.842 		48.925 		10
v -12.842 		47.925 		10
v -59.003 		48.925 		9
v -60.003 		48.925 		9
v -28.178 		57.925 		10
v -29.178 		57.925 		10
v -60.003 		47.925 		9
v -59.003 		47.925 		9
v -13.842 		47.925 		10
v 16.932 		47.925 		10
v -59.003 		47.925 		10
v -59.003 		48.925 		10
v -15.406 		48.925 		10
v -15.406 		47.925 		10
v -13.842 		48.925 		10
v -60.003 		47.925 		10
v 16.932 		48.925 		10
v -60.003 		48.925 		10
v 41.013 		19.925 		10
v -12.842 		46.175 		10
v 41.013 		19.925 		9
v -57.439 		46.175 		9
v 41.013 		18.925 		10
v -13.842 		46.175 		10
v -15.406 		46.175 		10
v 41.013 		18.925 		9
v -57.439 		46.175 		10
v 43.577 		19.925 		10
v 42.577 		19.925 		10
v 42.577 		19.925 		9
v 43.577 		19.925 		9
v 43.577 		18.925 		10
v -59.003 		46.175 		9
v -60.003 		46.175 		9
v 43.577 		18.925 		9
v 42.577 		18.925 		9
v 42.577 		18.925 		10
v -26.614 		56.925 		9
v -25.614 		56.925 		9
v -59.003 		46.175 		10
v -25.614 		56.925 		10
v -0.019 		45.175 		10
v -60.003 		46.175 		10
v -26.614 		56.925 		10
v -0.019 		43.425 		10
v 41.045 		12.925 		10
v 41.045 		12.925 		9
v -26.614 		55.925 		9
v -25.614 		55.925 		9
v 19.497 		46.175 		9
v -1.019 		45.175 		10
v -25.614 		55.925 		10
v -1.019 		43.425 		10
v -26.614 		55.925 		10
v 19.497 		46.175 		10
v 48.736 		12.925 		9
v 48.736 		12.925 		10
v 47.736 		12.925 		10
v 17.932 		46.175 		9
v 16.932 		46.175 		9
v 47.736 		12.925 		9
v 45.172 		12.925 		10
v -2.584 		45.175 		10
v 17.932 		46.175 		10
v 45.172 		12.925 		9
v 16.932 		46.175 		10
v 43.609 		12.925 		9
v -2.584 		43.425 		10
v 43.609 		12.925 		10
v 42.609 		12.925 		10
v -28.178 		55.925 		9
v -3.584 		43.425 		10
v -97.471 		39.675 		9
v -3.584 		45.175 		10
v -97.471 		40.675 		9
v 42.609 		12.925 		9
v 46.172 		12.925 		9
v -28.178 		55.925 		10
v 46.172 		12.925 		10
v -97.471 		39.675 		10
v -97.471 		40.675 		10
v -94.906 		40.675 		9
v -95.906 		40.675 		9
v -28.178 		56.925 		9
v -0.019 		42.425 		10
v 48.736 		11.925 		10
v -1.019 		42.425 		10
v -28.178 		56.925 		10
v 48.736 		11.925 		9
v -2.584 		42.425 		10
v -64.132 		48.925 		9
v 47.736 		11.925 		10
v -65.132 		48.925 		9
v -65.132 		47.925 		9
v 47.736 		11.925 		9
v -3.584 		42.425 		10
v 48.736 		10.925 		9
v 48.736 		10.925 		10
v 47.736 		10.925 		10
v 47.736 		10.925 		9
v -5.148 		43.425 		10
v -64.132 		47.925 		9
v -28.178 		54.925 		9
v -95.906 		39.675 		9
v -94.906 		39.675 		9
v -64.132 		47.925 		10
v -64.132 		48.925 		10
v -28.178 		54.925 		10
v -94.906 		39.675 		10
v -61.568 		48.925 		9
v -62.568 		48.925 		9
v -62.568 		47.925 		9
v -61.568 		47.925 		9
v -7.713 		43.425 		10
v -26.614 		54.925 		9
v -25.614 		54.925 		9
v -61.568 		47.925 		10
v -6.148 		43.425 		10
v -61.568 		48.925 		10
v -94.906 		40.675 		10
v -25.614 		54.925 		10
v -62.568 		48.925 		10
v -62.568 		47.925 		10
v -5.148 		45.175 		10
v -95.906 		39.675 		10
v -95.906 		40.675 		10
v 46.172 		11.925 		9
v 45.172 		11.925 		9
v 45.172 		11.925 		10
v 46.172 		11.925 		10
v -26.614 		54.925 		10
v -65.132 		47.925 		10
v -7.713 		45.175 		10
v 46.172 		10.925 		10
v 45.172 		10.925 		10
v -6.148 		45.175 		10
v 45.172 		10.925 		9
v 46.172 		10.925 		9
v -65.132 		48.925 		10
v -31.741 		56.925 		9
v -30.741 		56.925 		9
v 30.755 		43.425 		9
v 29.755 		43.425 		9
v 29.755 		42.425 		9
v -30.741 		56.925 		10
v -5.148 		42.425 		10
v -29.178 		56.925 		9
v 30.755 		42.425 		9
v -94.906 		37.925 		10
v 30.755 		42.425 		10
v -29.178 		56.925 		10
v 30.755 		43.425 		10
v -95.906 		37.925 		10
v 48.736 		9.925 		9
v -97.471 		37.925 		10
v 48.736 		9.925 		10
v 47.736 		9.925 		10
v -6.148 		42.425 		10
v 47.736 		9.925 		9
v 32.319 		43.425 		9
v 32.319 		42.425 		9
v -97.471 		37.925 		9
v -7.713 		42.425 		10
v 32.319 		43.425 		10
v 32.319 		42.425 		10
v 46.172 		9.925 		9
v 46.172 		9.925 		10
v -98.4 		57.925 		10
v 29.755 		42.425 		10
v 45.172 		9.925 		9
v 45.172 		9.925 		10
v -98.4 		56.925 		10
v -98.4 		55.925 		10
v -94.906 		37.925 		9
v -95.906 		37.925 		9
v -98.4 		54.925 		10
v 41.045 		11.925 		9
v -64.132 		46.175 		9
v -65.132 		46.175 		9
v -0.019 		40.675 		10
v -0.019 		39.675 		10
v -1.019 		39.675 		10
v -31.741 		56.925 		10
v -1.019 		40.675 		10
v -2.584 		40.675 		10
v -2.584 		39.675 		10
v -29.178 		55.925 		9
v 29.755 		43.425 		10
v -3.584 		39.675 		10
v -29.178 		55.925 		10
v -3.584 		40.675 		10
v -98.4 		57.925 		9
v -98.4 		56.925 		9
v -64.132 		46.175 		10
v 41.045 		11.925 		10
v -31.741 		55.925 		9
v 41.045 		10.925 		10
v -61.568 		46.175 		9
v -62.568 		46.175 		9
v -30.741 		55.925 		9
v 41.045 		10.925 		9
v -30.741 		55.925 		10
v -31.741 		55.925 		10
v -61.568 		46.175 		10
v -98.471 		47.925 		10
v -100.035 		48.925 		10
v -100.035 		47.925 		10
v -0.019 		37.925 		10
v -98.471 		48.925 		10
v 43.609 		11.925 		10
v -62.568 		46.175 		10
v 43.609 		11.925 		9
v -1.019 		37.925 		10
v 42.609 		11.925 		9
v -2.584 		37.925 		10
v 42.609 		11.925 		10
v 43.609 		10.925 		10
v 42.609 		10.925 		10
v 42.609 		10.925 		9
v 43.609 		10.925 		9
v -3.584 		37.925 		10
v -65.132 		46.175 		10
v -29.178 		54.925 		9
v 32.319 		45.175 		9
v -29.178 		54.925 		10
v 32.319 		45.175 		10
v -5.148 		40.675 		10
v -5.148 		39.675 		10
v 43.609 		9.925 		9
v 43.609 		9.925 		10
v -31.741 		54.925 		9
v -101.035 		47.925 		10
v -30.741 		54.925 		9
v 42.609 		9.925 		9
v 42.609 		9.925 		10
v -7.713 		40.675 		10
v -7.713 		39.675 		10
v -6.148 		39.675 		10
v -6.148 		40.675 		10
v -101.035 		48.925 		10
v -98.4 		55.925 		9
v -98.4 		54.925 		9
v 41.045 		9.925 		9
v 41.045 		9.925 		10
v 29.755 		45.175 		9
v 30.755 		45.175 		9
v 30.755 		45.175 		10
v -98.471 		46.175 		10
v -30.741 		54.925 		10
v -100.035 		46.175 		10
v 40.013 		19.925 		10
v 40.013 		19.925 		9
v -31.741 		54.925 		10
v 40.013 		18.925 		10
v -101.035 		46.175 		10
v 40.013 		18.925 		9
v -49.745 		43.425 		9
v -49.745 		42.425 		9
v 37.448 		19.925 		10
v -49.745 		42.425 		10
v 37.448 		18.925 		10
v 29.755 		45.175 		10
v -49.745 		43.425 		10
v -103.6 		48.925 		10
v -51.31 		43.425 		9
v -52.31 		43.425 		9
v -52.31 		42.425 		9
v -51.31 		42.425 		9
v 27.19 		45.175 		9
v 28.19 		45.175 		9
v -102.6 		48.925 		10
v -51.31 		42.425 		10
v -51.31 		43.425 		10
v 28.19 		45.175 		10
v -102.6 		47.925 		10
v -52.31 		42.425 		10
v 27.19 		45.175 		10
v -5.148 		37.925 		10
v -102.6 		46.175 		10
v -52.31 		43.425 		10
v 27.19 		43.425 		9
v 28.19 		43.425 		9
v -103.6 		46.175 		10
v -6.148 		37.925 		10
v -7.713 		37.925 		10
v 37.448 		18.925 		9
v 37.448 		19.925 		9
v -98.471 		48.925 		9
v -98.471 		47.925 		9
v -103.6 		47.925 		10
v 38.448 		19.925 		10
v 38.448 		19.925 		9
v 38.448 		18.925 		10
v -8.713 		42.425 		10
v 38.448 		18.925 		9
v -8.713 		43.425 		10
v -10.277 		43.425 		10
v -10.277 		42.425 		10
v -49.745 		45.175 		9
v -98.471 		42.425 		10
v 33.319 		19.925 		9
v -49.745 		45.175 		10
v 33.319 		18.925 		9
v -11.277 		42.425 		10
v 33.319 		18.925 		10
v 33.319 		19.925 		10
v -100.035 		48.925 		9
v -100.035 		43.425 		10
v -101.035 		48.925 		9
v -100.035 		42.425 		10
v 35.884 		19.925 		9
v 35.884 		18.925 		9
v 35.884 		18.925 		10
v 35.884 		19.925 		10
v -98.471 		43.425 		10
v -101.035 		47.925 		9
v -11.277 		43.425 		10
v -100.035 		47.925 		9
v 34.884 		19.925 		10
v 34.884 		18.925 		10
v 34.884 		18.925 		9
v 34.884 		19.925 		9
v -25.7 		61.425 		7
v -101.035 		42.425 		10
v 28.19 		43.425 		10
v -52.31 		45.175 		9
v -101.035 		43.425 		10
v -51.31 		45.175 		9
v -25.7 		63.175 		7
v 27.19 		43.425 		10
v -51.31 		45.175 		10
v 58.9 		6.425 		0
v -25.7 		61.425 		0
v -98.471 		45.175 		10
v 45.98 		6.425 		6
v 45.98 		6.425 		0
v -25.7 		63.175 		0
v -52.31 		45.175 		10
v -100.035 		45.175 		10
v 42.03 		6.425 		6
v -17.971 		48.925 		9
v -18.971 		48.925 		9
v -18.971 		47.925 		9
v 24.626 		45.175 		9
v 42.03 		6.425 		0
v -17.971 		47.925 		9
v -8.713 		45.175 		10
v -101.035 		45.175 		10
v -17.971 		47.925 		10
v -17.971 		48.925 		10
v -10.277 		45.175 		10
v -11.277 		45.175 		10
v 25.626 		45.175 		9
v -102.6 		43.425 		10
v -16.406 		48.925 		9
v -102.6 		42.425 		10
v -16.406 		47.925 		9
v -16.406 		48.925 		10
v -103.6 		42.425 		10
v -16.406 		47.925 		10
v 35.917 		12.925 		10
v 34.917 		12.925 		10
v 34.917 		12.925 		9
v 35.917 		12.925 		9
v -18.971 		47.925 		10
v -103.6 		43.425 		10
v 40.045 		12.925 		10
v -12.842 		45.175 		10
v 25.626 		45.175 		10
v 40.045 		12.925 		9
v -12.842 		43.425 		10
v -18.971 		48.925 		10
v 24.626 		45.175 		10
v -21.62 		6.425 		6
v -21.62 		6.425 		0
v -13.842 		45.175 		10
v 33.353 		12.925 		10
v -13.842 		43.425 		10
v 24.626 		43.425 		9
v 33.353 		12.925 		9
v 25.626 		43.425 		9
v -15.406 		45.175 		10
v -25.57 		6.425 		6
v 25.626 		43.425 		10
v 40.045 		11.925 		10
v -15.406 		43.425 		10
v -17.971 		46.175 		9
v 40.045 		11.925 		9
v -18.971 		46.175 		9
v 24.626 		43.425 		10
v 40.045 		10.925 		10
v 40.045 		10.925 		9
v 40.045 		9.925 		10
v 40.045 		9.925 		9
v -17.971 		46.175 		10
v -12.842 		42.425 		10
v -16.406 		46.175 		9
v 35.917 		11.925 		10
v 27.19 		42.425 		9
v 28.19 		42.425 		9
v -13.842 		42.425 		10
v 35.917 		11.925 		9
v 28.19 		42.425 		10
v -25.57 		6.425 		0
v -15.406 		42.425 		10
v -16.406 		46.175 		10
v 27.19 		42.425 		10
v -18.971 		46.175 		10
v -8.713 		39.675 		10
v -98.471 		46.175 		9
v 24.626 		42.425 		9
v 25.626 		42.425 		9
v -10.277 		40.675 		10
v -10.277 		39.675 		10
v -8.713 		40.675 		10
v 25.626 		42.425 		10
v -65.536 		6.425 		0
v -11.277 		39.675 		10
v -20.535 		48.925 		9
v 34.917 		11.925 		9
v -100.035 		46.175 		9
v 34.917 		11.925 		10
v -101.035 		46.175 		9
v -21.535 		48.925 		9
v -21.535 		47.925 		9
v 35.917 		10.925 		9
v -20.535 		47.925 		9
v 35.917 		10.925 		10
v -20.535 		47.925 		10
v -20.535 		48.925 		10
v 34.917 		10.925 		10
v 34.917 		10.925 		9
v -11.277 		40.675 		10
v -21.535 		47.925 		10
v -89.22 		6.425 		6
v -89.22 		6.425 		0
v -21.535 		48.925 		10
v -23.1 		48.925 		9
v 33.353 		11.925 		10
v -24.1 		48.925 		9
v -24.1 		47.925 		9
v 33.353 		11.925 		9
v -23.1 		47.925 		9
v -93.17 		6.425 		6
v -102.6 		45.175 		10
v -93.17 		6.425 		0
v -23.1 		47.925 		10
v -23.1 		48.925 		10
v -8.713 		37.925 		10
v -10.277 		37.925 		10
v -103.6 		45.175 		10
v 24.626 		42.425 		10
v -24.1 		47.925 		10
v -11.277 		37.925 		10
v -24.1 		48.925 		10
v -98.471 		39.675 		10
v 32.319 		40.675 		9
v 33.353 		10.925 		10
v -103.6 		48.925 		9
v -103.6 		47.925 		9
v 33.353 		10.925 		9
v -20.535 		46.175 		9
v -21.535 		46.175 		9
v -100.035 		40.675 		10
v -100.035 		39.675 		10
v -98.471 		40.675 		10
v 33.353 		9.925 		9
v 33.353 		9.925 		10
v -20.535 		46.175 		10
v 35.917 		9.925 		9
v -102.6 		47.925 		9
v 35.917 		9.925 		10
v -102.6 		48.925 		9
v -21.535 		46.175 		10
v -101.035 		39.675 		10
v 34.917 		9.925 		10
v 34.917 		9.925 		9
v -23.1 		46.175 		9
v -24.1 		46.175 		9
v -101.035 		40.675 		10
v 32.319 		39.675 		9
v -23.1 		46.175 		10
v 32.319 		39.675 		10
v -24.1 		46.175 		10
v 32.319 		40.675 		10
v 32.319 		18.925 		10
v 32.319 		18.925 		9
v 30.755 		40.675 		9
v -98.471 		37.925 		10
v 29.755 		40.675 		9
v 32.319 		19.925 		10
v 29.755 		39.675 		9
v 30.755 		39.675 		9
v -100.035 		37.925 		10
v 32.319 		19.925 		9
v 30.755 		18.925 		9
v 29.755 		18.925 		9
v -101.035 		37.925 		10
v 29.755 		18.925 		10
v 30.755 		18.925 		10
v 30.755 		39.675 		10
v 30.755 		40.675 		10
v 29.755 		19.925 		10
v 29.755 		19.925 		9
v -25.665 		48.925 		9
v 29.755 		39.675 		10
v -26.665 		48.925 		9
v 30.755 		19.925 		9
v -26.665 		47.925 		9
v -25.665 		47.925 		9
v 30.755 		19.925 		10
v 29.755 		40.675 		10
v 58.9 		61.425 		0
v -102.6 		37.925 		10
v -25.665 		47.925 		10
v -25.665 		48.925 		10
v -103.6 		37.925 		10
v -26.665 		47.925 		10
v -54.874 		45.175 		9
v -26.665 		48.925 		10
v -102.6 		40.675 		10
v -102.6 		39.675 		10
v -53.874 		45.175 		9
v -53.874 		45.175 		10
v -28.229 		47.925 		9
v -28.229 		48.925 		9
v -103.6 		39.675 		10
v 32.319 		37.925 		9
v -28.229 		47.925 		10
v 41.7 		61.425 		0
v -103.6 		40.675 		10
v -28.229 		48.925 		10
v -54.874 		45.175 		10
v 45.9 		63.175 		0
v -54.874 		43.425 		9
v -103.6 		46.175 		9
v -53.874 		43.425 		9
v -102.6 		46.175 		9
v -66.697 		36.925 		10
v 32.319 		37.925 		10
v -53.874 		43.425 		10
v 30.755 		37.925 		9
v 29.755 		37.925 		9
v -54.874 		43.425 		10
v 27.19 		19.925 		10
v 30.755 		37.925 		10
v 27.19 		18.925 		10
v 27.19 		18.925 		9
v 27.19 		19.925 		9
v 29.755 		37.925 		10
v -28.229 		46.175 		9
v 25.626 		19.925 		9
v 25.626 		18.925 		9
v 25.626 		18.925 		10
v 25.626 		19.925 		10
v 24.626 		19.925 		10
v -28.229 		46.175 		10
v -25.665 		46.175 		9
v -67.697 		36.925 		10
v 45.9 		61.425 		0
v -56.439 		45.175 		9
v -26.665 		46.175 		9
v -69.261 		36.925 		10
v 28.19 		40.675 		9
v 27.19 		40.675 		9
v 27.19 		39.675 		9
v 28.19 		39.675 		9
v -56.439 		45.175 		10
v -70.261 		36.925 		10
v -25.665 		46.175 		10
v 28.19 		39.675 		10
v 24.626 		18.925 		10
v 24.626 		18.925 		9
v 28.19 		40.675 		10
v 24.626 		19.925 		9
v -26.665 		46.175 		10
v 28.19 		19.925 		10
v 27.19 		39.675 		10
v 28.19 		19.925 		9
v -71.826 		36.925 		10
v -56.439 		43.425 		9
v 28.19 		18.925 		10
v 41.7 		63.175 		0
v -72.826 		36.925 		10
v 28.19 		18.925 		9
v 27.19 		40.675 		10
v -29.229 		48.925 		9
v -29.229 		47.925 		9
v -29.229 		47.925 		10
v 25.626 		40.675 		9
v 24.626 		40.675 		9
v 24.626 		39.675 		9
v 25.626 		39.675 		9
v -29.229 		48.925 		10
v 32.353 		12.925 		10
v 32.353 		12.925 		9
v 25.626 		39.675 		10
v 25.626 		40.675 		10
v -30.794 		48.925 		9
v -31.794 		48.925 		9
v -31.794 		47.925 		9
v 27.226 		12.925 		10
v -30.794 		47.925 		9
v 27.226 		12.925 		9
v 24.626 		39.675 		10
v -30.794 		47.925 		10
v 25.662 		12.925 		9
v -30.794 		48.925 		10
v 25.662 		12.925 		10
v 24.626 		40.675 		10
v -98.471 		43.425 		9
v -31.794 		47.925 		10
v -98.471 		42.425 		9
v 24.662 		12.925 		10
v 24.662 		12.925 		9
v -31.794 		48.925 		10
v 28.226 		12.925 		9
v 28.226 		12.925 		10
v 30.79 		12.925 		9
v -100.035 		43.425 		9
v -101.035 		43.425 		9
v -101.035 		42.425 		9
v -100.035 		42.425 		9
v 30.79 		12.925 		10
v 25.626 		37.925 		9
v 24.626 		37.925 		9
v 29.79 		12.925 		10
v 29.79 		12.925 		9
v -30.794 		46.175 		9
v -31.794 		46.175 		9
v 25.626 		37.925 		10
v 28.19 		37.925 		9
v 27.19 		37.925 		9
v -56.439 		43.425 		10
v -30.794 		46.175 		10
v -29.229 		46.175 		9
v -56.439 		42.425 		9
v 32.353 		11.925 		10
v -29.229 		46.175 		10
v 32.353 		11.925 		9
v 30.79 		11.925 		10
v 30.79 		11.925 		9
v -31.794 		46.175 		10
v 29.79 		11.925 		10
v -70.261 		29.925 		10
v 29.79 		11.925 		9
v -70.261 		30.925 		10
v -71.826 		30.925 		10
v -71.826 		29.925 		10
v -67.697 		29.925 		10
v -67.697 		30.925 		10
v -69.261 		30.925 		10
v -69.261 		29.925 		10
v -66.697 		30.925 		10
v -66.697 		29.925 		10
v -18.971 		45.175 		9
v -17.971 		45.175 		9
v 32.353 		10.925 		10
v 32.353 		9.925 		10
v 32.353 		9.925 		9
v 32.353 		10.925 		9
v -17.971 		45.175 		10
v 30.79 		10.925 		9
v 30.79 		9.925 		9
v -56.439 		42.425 		10
v 30.79 		9.925 		10
v 30.79 		10.925 		10
v -16.406 		45.175 		9
v -54.874 		42.425 		9
v -53.874 		42.425 		9
v -16.406 		45.175 		10
v 28.19 		37.925 		10
v -53.874 		42.425 		10
v 27.19 		37.925 		10
v -18.971 		45.175 		10
v -54.874 		42.425 		10
v 24.626 		37.925 		10
v -98.471 		45.175 		9
v -49.745 		40.675 		9
v -49.745 		39.675 		9
v -16.406 		43.425 		9
v -16.406 		42.425 		9
v -49.745 		39.675 		10
v -16.406 		42.425 		10
v 20.497 		43.425 		9
v -101.035 		45.175 		9
v -49.745 		40.675 		10
v -100.035 		45.175 		9
v -16.406 		43.425 		10
v 20.497 		43.425 		10
v -51.31 		40.675 		9
v -52.31 		40.675 		9
v -52.31 		39.675 		9
v -51.31 		39.675 		9
v 23.061 		43.425 		9
v -18.971 		43.425 		9
v 22.061 		43.425 		9
v -18.971 		42.425 		9
v -17.971 		42.425 		9
v -17.971 		43.425 		9
v -51.31 		39.675 		10
v -51.31 		40.675 		10
v -17.971 		42.425 		10
v -17.971 		43.425 		10
v -52.31 		39.675 		10
v -102.6 		43.425 		9
v -52.31 		40.675 		10
v -18.971 		42.425 		10
v 29.79 		10.925 		10
v 29.79 		9.925 		10
v 29.79 		9.925 		9
v 29.79 		10.925 		9
v 23.061 		43.425 		10
v -51.31 		37.925 		9
v -18.971 		43.425 		10
v -52.31 		37.925 		9
v 22.061 		43.425 		10
v -51.31 		37.925 		10
v -49.745 		37.925 		9
v -49.745 		37.925 		10
v -20.535 		43.425 		9
v -21.535 		43.425 		9
v 27.226 		11.925 		10
v 27.226 		11.925 		9
v -52.31 		37.925 		10
v 22.061 		45.175 		9
v 23.061 		45.175 		9
v 28.226 		11.925 		10
v -20.535 		43.425 		10
v 28.226 		11.925 		9
v 23.061 		45.175 		10
v -21.535 		43.425 		10
v 28.226 		10.925 		10
v -56.439 		39.675 		9
v -103.6 		43.425 		9
v -103.6 		42.425 		9
v -102.6 		42.425 		9
v 27.226 		10.925 		10
v 27.226 		10.925 		9
v 28.226 		10.925 		9
v -72.826 		29.925 		10
v -56.439 		40.675 		9
v -56.439 		39.675 		10
v -56.439 		40.675 		10
v 24.662 		10.925 		10
v -53.874 		40.675 		9
v 24.662 		10.925 		9
v -21.535 		45.175 		9
v 25.662 		10.925 		10
v -20.535 		45.175 		9
v 25.662 		10.925 		9
v -20.535 		45.175 		10
v 25.662 		11.925 		9
v 24.662 		11.925 		9
v 24.662 		11.925 		10
v 25.662 		11.925 		10
v -72.826 		30.925 		10
v -21.535 		45.175 		10
v -103.6 		45.175 		9
v -102.6 		45.175 		9
v 22.061 		45.175 		10
v -74.39 		36.925 		10
v -76.955 		36.925 		10
v -75.39 		36.925 		10
v -77.955 		36.925 		10
v -23.1 		43.425 		9
v -24.1 		43.425 		9
v 20.497 		45.175 		9
v -79.519 		36.925 		10
v -23.1 		43.425 		10
v -80.519 		36.925 		10
v -24.1 		43.425 		10
v -98.471 		40.675 		9
v -98.471 		39.675 		9
v 25.662 		9.925 		9
v 24.662 		9.925 		9
v 24.662 		9.925 		10
v 25.662 		9.925 		10
v -79.519 		30.925 		10
v -79.519 		29.925 		10
v -77.955 		29.925 		10
v -77.955 		30.925 		10
v -24.1 		45.175 		9
v -23.1 		45.175 		9
v -80.519 		29.925 		10
v -80.519 		30.925 		10
v 20.497 		45.175 		10
v -23.1 		45.175 		10
v 28.226 		9.925 		9
v -76.955 		30.925 		10
v 28.226 		9.925 		10
v -24.1 		45.175 		10
v -74.39 		30.925 		10
v -74.39 		29.925 		10
v 27.226 		9.925 		9
v 27.226 		9.925 		10
v 20.497 		42.425 		9
v -75.39 		29.925 		10
v -75.39 		30.925 		10
v -76.955 		29.925 		10
v 20.497 		42.425 		10
v -24.1 		42.425 		9
v 23.061 		19.925 		10
v 22.061 		19.925 		10
v -23.1 		42.425 		9
v 22.061 		19.925 		9
v -54.874 		40.675 		9
v 23.061 		19.925 		9
v 22.061 		42.425 		9
v 23.061 		42.425 		9
v -23.1 		42.425 		10
v 23.061 		18.925 		10
v 23.061 		18.925 		9
v 23.061 		42.425 		10
v 22.061 		18.925 		10
v -21.535 		42.425 		9
v -20.535 		42.425 		9
v -54.874 		39.675 		9
v -53.874 		39.675 		9
v 22.061 		42.425 		10
v -20.535 		42.425 		10
v -100.035 		40.675 		9
v -101.035 		40.675 		9
v -101.035 		39.675 		9
v -100.035 		39.675 		9
v -21.535 		42.425 		10
v -53.874 		39.675 		10
v 19.497 		43.425 		9
v -24.1 		42.425 		10
v -53.874 		40.675 		10
v 22.061 		18.925 		9
v -54.874 		40.675 		10
v -54.874 		39.675 		10
v 19.497 		43.425 		10
v 17.932 		19.925 		10
v 17.932 		43.425 		9
v 16.932 		19.925 		10
v 16.932 		43.425 		9
v 16.932 		19.925 		9
v 17.932 		19.925 		9
v -17.971 		40.675 		9
v -18.971 		40.675 		9
v -18.971 		39.675 		9
v -17.971 		39.675 		9
v 17.932 		18.925 		10
v 17.932 		18.925 		9
v 17.932 		43.425 		10
v -17.971 		39.675 		10
v -17.971 		40.675 		10
v 19.497 		19.925 		10
v 19.497 		18.925 		10
v 19.497 		18.925 		9
v 19.497 		19.925 		9
v 16.932 		43.425 		10
v 20.497 		19.925 		10
v -16.406 		40.675 		9
v -16.406 		39.675 		9
v 20.497 		19.925 		9
v -53.874 		37.925 		9
v 20.497 		18.925 		10
v -54.874 		37.925 		9
v -16.406 		40.675 		10
v 20.497 		18.925 		9
v -16.406 		39.675 		10
v 16.932 		18.925 		9
v 16.932 		18.925 		10
v -18.971 		39.675 		10
v -53.874 		37.925 		10
v -54.874 		37.925 		10
v 17.971 		12.925 		9
v -56.439 		37.925 		9
v -100.035 		37.925 		9
v -101.035 		37.925 		9
v -18.971 		40.675 		10
v -69.261 		27.175 		10
v -69.261 		28.175 		10
v -98.471 		37.925 		9
v -66.697 		27.175 		10
v -67.697 		27.175 		10
v -16.406 		37.925 		9
v 19.497 		45.175 		9
v -67.697 		28.175 		10
v -16.406 		37.925 		10
v 19.497 		45.175 		10
v -66.697 		28.175 		10
v -17.971 		37.925 		9
v -18.971 		37.925 		9
v 16.932 		45.175 		9
v 17.932 		45.175 		9
v -102.6 		37.925 		9
v -103.6 		37.925 		9
v -56.439 		37.925 		10
v -17.971 		37.925 		10
v 17.932 		45.175 		10
v -18.971 		37.925 		10
v 16.932 		45.175 		10
v 19.497 		42.425 		9
v -20.535 		40.675 		9
v -57.439 		45.175 		9
v -21.535 		40.675 		9
v -21.535 		39.675 		9
v -20.535 		39.675 		9
v 19.497 		42.425 		10
v -57.439 		45.175 		10
v -20.535 		39.675 		10
v -20.535 		40.675 		10
v -67.697 		25.425 		10
v -69.261 		25.425 		10
v -21.535 		39.675 		10
v 17.971 		12.925 		10
v 19.534 		12.925 		10
v 19.534 		12.925 		9
v -21.535 		40.675 		10
v 20.534 		12.925 		9
v -23.1 		40.675 		9
v -24.1 		40.675 		9
v -24.1 		39.675 		9
v -23.1 		39.675 		9
v -57.439 		43.425 		9
v -57.439 		42.425 		9
v -102.6 		40.675 		9
v -103.6 		40.675 		9
v 20.534 		12.925 		10
v -103.6 		39.675 		9
v -102.6 		39.675 		9
v -23.1 		39.675 		10
v -23.1 		40.675 		10
v 16.932 		42.425 		9
v 17.932 		42.425 		9
v -24.1 		39.675 		10
v 17.932 		42.425 		10
v 16.971 		12.925 		10
v -24.1 		40.675 		10
v 16.971 		12.925 		9
v 16.932 		42.425 		10
v 20.534 		10.925 		10
v 20.534 		10.925 		9
v -20.535 		37.925 		9
v -57.439 		42.425 		10
v 20.497 		37.925 		9
v 20.534 		11.925 		9
v -21.535 		37.925 		9
v 20.534 		11.925 		10
v 20.497 		37.925 		10
v 20.534 		9.925 		10
v 20.534 		9.925 		9
v 23.061 		37.925 		9
v -57.439 		43.425 		10
v 22.061 		37.925 		9
v -20.535 		37.925 		10
v -21.535 		37.925 		10
v 23.061 		37.925 		10
v 19.534 		10.925 		10
v -23.1 		37.925 		9
v 22.061 		37.925 		10
v 19.534 		10.925 		9
v -24.1 		37.925 		9
v 16.971 		10.925 		10
v 16.971 		10.925 		9
v 17.971 		10.925 		9
v 17.971 		10.925 		10
v -23.1 		37.925 		10
v -24.1 		37.925 		10
v 20.497 		39.675 		9
v 20.497 		40.675 		9
v 20.497 		39.675 		10
v 20.497 		40.675 		10
v 17.971 		11.925 		10
v 23.061 		40.675 		9
v 17.971 		11.925 		9
v 22.061 		40.675 		9
v 22.061 		39.675 		9
v 23.061 		39.675 		9
v 19.534 		11.925 		10
v 19.534 		11.925 		9
v -28.229 		45.175 		9
v -28.229 		45.175 		10
v 16.971 		11.925 		9
v 16.971 		11.925 		10
v 23.061 		39.675 		10
v 23.061 		40.675 		10
v -26.665 		45.175 		9
v -25.665 		45.175 		9
v 22.061 		40.675 		10
v 22.061 		39.675 		10
v -25.665 		45.175 		10
v 19.534 		9.925 		10
v 19.534 		9.925 		9
v -26.665 		45.175 		10
v 16.971 		9.925 		10
v 16.971 		9.925 		9
v 17.971 		9.925 		9
v 17.971 		9.925 		10
v -72.826 		36.925 		9
v -71.826 		36.925 		9
v 12.803 		19.925 		9
v 12.803 		18.925 		9
v 12.803 		18.925 		10
v 12.803 		19.925 		10
v -28.229 		43.425 		9
v 17.932 		40.675 		9
v 16.932 		40.675 		9
v 16.932 		39.675 		9
v 17.932 		39.675 		9
v -66.697 		25.425 		10
v -67.697 		36.925 		9
v -66.697 		36.925 		9
v -59.003 		43.425 		9
v -60.003 		43.425 		9
v -60.003 		42.425 		9
v -59.003 		42.425 		9
v 17.932 		39.675 		10
v -59.003 		42.425 		10
v -59.003 		43.425 		10
v 17.932 		40.675 		10
v -28.229 		43.425 		10
v -70.261 		27.175 		10
v -60.003 		42.425 		10
v -25.665 		43.425 		9
v -26.665 		43.425 		9
v -60.003 		43.425 		10
v -72.826 		27.175 		10
v -70.261 		36.925 		9
v -69.261 		36.925 		9
v -72.826 		28.175 		10
v -71.826 		28.175 		10
v -71.826 		27.175 		10
v 19.497 		40.675 		9
v 19.497 		39.675 		9
v -70.261 		28.175 		10
v 15.368 		19.925 		9
v 15.368 		18.925 		9
v 15.368 		18.925 		10
v 15.368 		19.925 		10
v 19.497 		40.675 		10
v 19.497 		39.675 		10
v -60.003 		45.175 		9
v -59.003 		45.175 		9
v 14.368 		19.925 		10
v 14.368 		18.925 		10
v 14.368 		18.925 		9
v 14.368 		19.925 		9
v 16.932 		39.675 		10
v -59.003 		45.175 		10
v 11.803 		18.925 		10
v 16.932 		40.675 		10
v -60.003 		45.175 		10
v -72.826 		25.425 		10
v -71.826 		25.425 		10
v -70.261 		25.425 		10
v -62.568 		45.175 		9
v -25.665 		43.425 		10
v -61.568 		45.175 		9
v -61.568 		45.175 		10
v -26.665 		43.425 		10
v -62.568 		45.175 		10
v 19.497 		37.925 		9
v -62.568 		43.425 		9
v 19.497 		37.925 		10
v -61.568 		43.425 		9
v -61.568 		43.425 		10
v -62.568 		43.425 		10
v -28.229 		42.425 		9
v -71.826 		30.925 		9
v -72.826 		30.925 		9
v -72.826 		29.925 		9
v -71.826 		29.925 		9
v -28.229 		42.425 		10
v -26.665 		42.425 		9
v -69.261 		30.925 		9
v -25.665 		42.425 		9
v -70.261 		30.925 		9
v -70.261 		29.925 		9
v -69.261 		29.925 		9
v -65.132 		45.175 		9
v -64.132 		45.175 		9
v -25.665 		42.425 		10
v -64.132 		45.175 		10
v -26.665 		42.425 		10
v 17.932 		37.925 		9
v 16.932 		37.925 		9
v -65.132 		45.175 		10
v -66.697 		30.925 		9
v 17.932 		37.925 		10
v -67.697 		30.925 		9
v -67.697 		29.925 		9
v -66.697 		29.925 		9
v -65.132 		43.425 		9
v 16.932 		37.925 		10
v 11.803 		18.925 		9
v -30.794 		43.425 		9
v -31.794 		43.425 		9
v -31.794 		42.425 		9
v -30.794 		42.425 		9
v 11.803 		19.925 		10
v 14.407 		57.925 		9
v -30.794 		42.425 		10
v -30.794 		43.425 		10
v 15.407 		57.925 		9
v 11.803 		19.925 		9
v 15.407 		57.925 		10
v 14.407 		57.925 		10
v 10.239 		19.925 		9
v 10.239 		18.925 		9
v -29.229 		43.425 		9
v 10.239 		18.925 		10
v -29.229 		42.425 		9
v 10.239 		19.925 		10
v -29.229 		43.425 		10
v -29.229 		42.425 		10
v 9.239 		18.925 		9
v 9.239 		18.925 		10
v 9.239 		19.925 		10
v 9.239 		19.925 		9
v -31.794 		42.425 		10
v -31.794 		43.425 		10
v 9.279 		57.925 		9
v 10.279 		57.925 		9
v -64.132 		43.425 		9
v 10.279 		57.925 		10
v 9.279 		57.925 		10
v 14.407 		12.925 		10
v 14.407 		12.925 		9
v -31.794 		45.175 		9
v -30.794 		45.175 		9
v 10.279 		12.925 		9
v 11.843 		57.925 		9
v 10.279 		12.925 		10
v -30.794 		45.175 		10
v 12.843 		57.925 		9
v 11.843 		12.925 		10
v 11.843 		12.925 		9
v -29.229 		45.175 		9
v 12.843 		12.925 		9
v 12.843 		12.925 		10
v 9.279 		12.925 		10
v -64.132 		43.425 		10
v 9.279 		12.925 		9
v 15.407 		12.925 		10
v 15.407 		12.925 		9
v -65.132 		43.425 		10
v -77.955 		36.925 		9
v -76.955 		36.925 		9
v -29.229 		45.175 		10
v -75.39 		36.925 		9
v -74.39 		36.925 		9
v 15.407 		10.925 		10
v 14.407 		10.925 		10
v 14.407 		10.925 		9
v 15.407 		10.925 		9
v -62.568 		42.425 		9
v -61.568 		42.425 		9
v -31.794 		45.175 		10
v 15.407 		11.925 		9
v 14.407 		11.925 		9
v 14.407 		11.925 		10
v 15.407 		11.925 		10
v -61.568 		42.425 		10
v -62.568 		42.425 		10
v 12.843 		57.925 		10
v 11.843 		57.925 		10
v -65.132 		42.425 		9
v -64.132 		42.425 		9
v -64.132 		42.425 		10
v 12.843 		10.925 		10
v 12.843 		10.925 		9
v 12.843 		11.925 		9
v -65.132 		42.425 		10
v 12.843 		11.925 		10
v -80.519 		36.925 		9
v -79.519 		36.925 		9
v -28.229 		39.675 		9
v -28.229 		40.675 		9
v -28.229 		39.675 		10
v -28.229 		40.675 		10
v -57.439 		40.675 		9
v -57.439 		39.675 		9
v -25.665 		40.675 		9
v -26.665 		40.675 		9
v -26.665 		39.675 		9
v -25.665 		39.675 		9
v -57.439 		39.675 		10
v 15.407 		9.925 		9
v -25.665 		39.675 		10
v -25.665 		40.675 		10
v 15.407 		9.925 		10
v -26.665 		40.675 		10
v -26.665 		39.675 		10
v 14.407 		9.925 		10
v -67.697 		24.425 		10
v -69.261 		24.425 		10
v 14.407 		56.925 		9
v 15.407 		56.925 		9
v -66.697 		24.425 		10
v 15.407 		56.925 		10
v 14.407 		56.925 		10
v 14.407 		9.925 		9
v 14.407 		55.925 		9
v 15.407 		55.925 		9
v 15.407 		55.925 		10
v 14.407 		55.925 		10
v 12.843 		9.925 		9
v 12.843 		9.925 		10
v -77.955 		29.925 		9
v -76.955 		29.925 		9
v -76.955 		30.925 		9
v -25.665 		37.925 		10
v -77.955 		30.925 		9
v 11.843 		9.925 		9
v 11.843 		9.925 		10
v -28.229 		37.925 		9
v -26.665 		37.925 		10
v -28.229 		37.925 		10
v 12.843 		55.925 		9
v -67.697 		21.675 		10
v -67.697 		22.675 		10
v 12.843 		55.925 		10
v -69.261 		22.675 		10
v -69.261 		21.675 		10
v -25.665 		37.925 		9
v -26.665 		37.925 		9
v -57.439 		40.675 		10
v -30.794 		40.675 		10
v -30.794 		39.675 		10
v -29.229 		39.675 		10
v -29.229 		40.675 		10
v -66.697 		22.675 		10
v -59.003 		40.675 		9
v -60.003 		40.675 		9
v 12.843 		56.925 		9
v -60.003 		39.675 		9
v -31.794 		39.675 		10
v -59.003 		39.675 		9
v -66.697 		21.675 		10
v -79.519 		30.925 		9
v -80.519 		30.925 		9
v -80.519 		29.925 		9
v 12.843 		56.925 		10
v -31.794 		40.675 		10
v -79.519 		29.925 		9
v -59.003 		39.675 		10
v -59.003 		40.675 		10
v -71.826 		24.425 		10
v -70.261 		24.425 		10
v -30.794 		40.675 		9
v -60.003 		39.675 		10
v -29.229 		37.925 		10
v -31.794 		40.675 		9
v 11.843 		10.925 		9
v 11.843 		10.925 		10
v -31.794 		39.675 		9
v -30.794 		37.925 		10
v -60.003 		40.675 		10
v -30.794 		39.675 		9
v -71.826 		22.675 		10
v -71.826 		21.675 		10
v -70.261 		21.675 		10
v -31.794 		37.925 		10
v -70.261 		22.675 		10
v -72.826 		21.675 		10
v -29.229 		40.675 		9
v -29.229 		39.675 		9
v -59.003 		37.925 		9
v -72.826 		22.675 		10
v -60.003 		37.925 		9
v -74.39 		30.925 		9
v -75.39 		30.925 		9
v -75.39 		29.925 		9
v -74.39 		29.925 		9
v -0.019 		36.925 		10
v 9.279 		10.925 		10
v 9.279 		9.925 		10
v -1.019 		36.925 		10
v -59.003 		37.925 		10
v -72.826 		24.425 		10
v -2.584 		36.925 		10
v -57.439 		37.925 		9
v 9.279 		9.925 		9
v -3.584 		36.925 		10
v 9.279 		10.925 		9
v 10.279 		10.925 		9
v 10.279 		9.925 		9
v -57.439 		37.925 		10
v 10.279 		9.925 		10
v 10.279 		10.925 		10
v -74.39 		27.175 		10
v -75.39 		27.175 		10
v -5.148 		36.925 		10
v -76.955 		28.175 		10
v -29.229 		37.925 		9
v -76.955 		27.175 		10
v -75.39 		28.175 		10
v -6.148 		36.925 		10
v 10.279 		11.925 		10
v -7.713 		36.925 		10
v -30.794 		37.925 		9
v -31.794 		37.925 		9
v 10.279 		11.925 		9
v 11.843 		11.925 		10
v -74.39 		28.175 		10
v 11.843 		11.925 		9
v -69.261 		27.175 		9
v -69.261 		28.175 		9
v 9.279 		11.925 		9
v 9.279 		11.925 		10
v -3.584 		30.925 		10
v -2.584 		30.925 		10
v -0.019 		30.925 		10
v -0.019 		29.925 		10
v 7.674 		19.925 		10
v 6.674 		19.925 		10
v -1.019 		29.925 		10
v 6.674 		19.925 		9
v -1.019 		30.925 		10
v 7.674 		19.925 		9
v -66.697 		27.175 		9
v 12.843 		54.925 		9
v -2.584 		29.925 		10
v -66.697 		28.175 		9
v -67.697 		28.175 		9
v -67.697 		27.175 		9
v 7.674 		18.925 		10
v -3.584 		36.925 		9
v 7.674 		18.925 		9
v -2.584 		36.925 		9
v 12.843 		54.925 		10
v 6.674 		18.925 		10
v 6.674 		18.925 		9
v 14.407 		54.925 		9
v 15.407 		54.925 		9
v -3.584 		29.925 		10
v 15.407 		54.925 		10
v -1.019 		36.925 		9
v -0.019 		36.925 		9
v 1.545 		19.925 		10
v 1.545 		18.925 		10
v 1.545 		18.925 		9
v 1.545 		19.925 		9
v 14.407 		54.925 		10
v 2.545 		19.925 		10
v 2.545 		19.925 		9
v -6.148 		30.925 		10
v -5.148 		30.925 		10
v 2.545 		18.925 		10
v 2.545 		18.925 		9
v 11.843 		55.925 		9
v 5.11 		19.925 		10
v 4.11 		19.925 		10
v 4.11 		19.925 		9
v 5.11 		19.925 		9
v 11.843 		55.925 		10
v -5.148 		29.925 		10
v 5.11 		18.925 		10
v 5.11 		18.925 		9
v -66.697 		25.425 		9
v -67.697 		25.425 		9
v -6.148 		29.925 		10
v 4.11 		18.925 		9
v 4.11 		18.925 		10
v -7.713 		30.925 		10
v -75.39 		25.425 		10
v -76.955 		25.425 		10
v -69.261 		25.425 		9
v 5.152 		12.925 		10
v 4.152 		12.925 		10
v -7.713 		29.925 		10
v 4.152 		12.925 		9
v 11.843 		56.925 		9
v -74.39 		25.425 		10
v 11.843 		56.925 		10
v -6.148 		36.925 		9
v -5.148 		36.925 		9
v -77.955 		28.175 		10
v -10.277 		36.925 		10
v -8.713 		36.925 		10
v -60.003 		37.925 		10
v 5.152 		12.925 		9
v -12.842 		36.925 		10
v -11.277 		36.925 		10
v 9.279 		55.925 		9
v 10.279 		55.925 		9
v -15.406 		36.925 		10
v -13.842 		36.925 		10
v 10.279 		55.925 		10
v -70.261 		28.175 		9
v -61.568 		40.675 		9
v -70.261 		27.175 		9
v -77.955 		27.175 		10
v -10.277 		30.925 		10
v -10.277 		29.925 		10
v -8.713 		29.925 		10
v -62.568 		40.675 		9
v -62.568 		39.675 		9
v -7.713 		36.925 		9
v -80.519 		27.175 		10
v -8.713 		30.925 		10
v -80.519 		28.175 		10
v -71.826 		28.175 		9
v -72.826 		28.175 		9
v -72.826 		27.175 		9
v -71.826 		27.175 		9
v 0.024 		12.925 		9
v 0.024 		12.925 		10
v -79.519 		28.175 		10
v 2.588 		12.925 		9
v 2.588 		12.925 		10
v -61.568 		39.675 		9
v -11.277 		29.925 		10
v 1.588 		12.925 		10
v 1.588 		12.925 		9
v -79.519 		27.175 		10
v -11.277 		30.925 		10
v -3.584 		30.925 		9
v -3.584 		29.925 		9
v -2.584 		29.925 		9
v -2.584 		30.925 		9
v 5.152 		10.925 		9
v 5.152 		9.925 		9
v 5.152 		9.925 		10
v 5.152 		10.925 		10
v -72.826 		25.425 		9
v -71.826 		25.425 		9
v 4.152 		9.925 		10
v 4.152 		9.925 		9
v 9.279 		55.925 		10
v -12.842 		29.925 		10
v -13.842 		29.925 		10
v 4.152 		10.925 		9
v 4.152 		10.925 		10
v 9.279 		56.925 		9
v 10.279 		56.925 		9
v -15.406 		30.925 		10
v -15.406 		29.925 		10
v -13.842 		30.925 		10
v -70.261 		25.425 		9
v -0.019 		30.925 		9
v 9.279 		56.925 		10
v -1.019 		30.925 		9
v 10.279 		56.925 		10
v -1.019 		29.925 		9
v -0.019 		29.925 		9
v 5.152 		11.925 		10
v 5.152 		11.925 		9
v -12.842 		30.925 		10
v 4.152 		11.925 		10
v -67.697 		24.425 		9
v -66.697 		24.425 		9
v -61.568 		39.675 		10
v -61.568 		40.675 		10
v -69.261 		24.425 		9
v -80.519 		25.425 		10
v -0.019 		27.175 		10
v -1.019 		27.175 		10
v 11.843 		54.925 		9
v -2.584 		27.175 		10
v -79.519 		25.425 		10
v -3.584 		27.175 		10
v 11.843 		54.925 		10
v -3.584 		28.175 		10
v -77.955 		25.425 		10
v -1.019 		28.175 		10
v -67.697 		21.675 		9
v -2.584 		28.175 		10
v -62.568 		39.675 		10
v -66.697 		21.675 		9
v 4.152 		11.925 		9
v -62.568 		40.675 		10
v -74.39 		24.425 		10
v -0.019 		28.175 		10
v -6.148 		30.925 		9
v -75.39 		24.425 		10
v -6.148 		29.925 		9
v -5.148 		29.925 		9
v -64.132 		40.675 		9
v 2.588 		10.925 		10
v -65.132 		40.675 		9
v -5.148 		30.925 		9
v 9.279 		54.925 		9
v -65.132 		39.675 		9
v 10.279 		54.925 		9
v -64.132 		39.675 		9
v 1.588 		10.925 		10
v 1.588 		10.925 		9
v 2.588 		10.925 		9
v 2.588 		11.925 		9
v 1.588 		11.925 		9
v 1.588 		11.925 		10
v 2.588 		11.925 		10
v -64.132 		39.675 		10
v 10.279 		54.925 		10
v -64.132 		40.675 		10
v 9.279 		54.925 		10
v -3.584 		25.425 		10
v -76.955 		24.425 		10
v -1.019 		25.425 		10
v -2.584 		25.425 		10
v -0.019 		25.425 		10
v -7.713 		29.925 		9
v -7.713 		30.925 		9
v 0.024 		10.925 		10
v -74.39 		22.675 		10
v -74.39 		21.675 		10
v 0.024 		10.925 		9
v 0.024 		57.925 		9
v 0.024 		11.925 		9
v 0.024 		57.925 		10
v -75.39 		21.675 		10
v -65.132 		39.675 		10
v 0.024 		11.925 		10
v -65.132 		40.675 		10
v -7.713 		28.175 		10
v -6.148 		27.175 		10
v -6.148 		28.175 		10
v -7.713 		27.175 		10
v 2.588 		9.925 		9
v 2.588 		9.925 		10
v 4.152 		57.925 		9
v 5.152 		57.925 		9
v -5.148 		28.175 		10
v -61.568 		37.925 		9
v -62.568 		37.925 		9
v 5.152 		57.925 		10
v 1.588 		9.925 		9
v 1.588 		9.925 		10
v -76.955 		21.675 		10
v -5.148 		27.175 		10
v -61.568 		37.925 		10
v 4.152 		57.925 		10
v -75.39 		22.675 		10
v -76.955 		22.675 		10
v 0.024 		9.925 		9
v 0.024 		9.925 		10
v -62.568 		37.925 		10
v -64.132 		37.925 		9
v -65.132 		37.925 		9
v -2.584 		19.925 		9
v -2.584 		18.925 		9
v -2.584 		18.925 		10
v -66.697 		22.675 		9
v -2.584 		19.925 		10
v -67.697 		22.675 		9
v -79.519 		22.675 		10
v -79.519 		21.675 		10
v -77.955 		21.675 		10
v -77.955 		22.675 		10
v -1.019 		19.925 		10
v -1.019 		18.925 		10
v -1.019 		18.925 		9
v -64.132 		37.925 		10
v -1.019 		19.925 		9
v -80.519 		21.675 		10
v -65.132 		37.925 		10
v -0.019 		19.925 		9
v -15.406 		36.925 		9
v -80.519 		22.675 		10
v -0.019 		18.925 		9
v -0.019 		18.925 		10
v -0.019 		19.925 		10
v -3.584 		18.925 		10
v -3.584 		18.925 		9
v -80.519 		24.425 		10
v -8.713 		36.925 		9
v -79.519 		24.425 		10
v -77.955 		24.425 		10
v -3.584 		19.925 		10
v -36.923 		36.925 		9
v -35.923 		36.925 		9
v -13.842 		36.925 		9
v -12.842 		36.925 		9
v -35.923 		36.925 		10
v -69.261 		21.675 		9
v -3.584 		19.925 		9
v -34.358 		36.925 		9
v -33.358 		36.925 		9
v -11.277 		36.925 		9
v -10.277 		36.925 		9
v -33.358 		36.925 		10
v -88.9 		63.175 		0
v -88.9 		61.425 		0
v -7.713 		18.925 		9
v -7.713 		18.925 		10
v -7.713 		19.925 		10
v -6.148 		25.425 		10
v -7.713 		25.425 		10
v -34.358 		36.925 		10
v -7.713 		19.925 		9
v -93.1 		61.425 		0
v 1.588 		57.925 		9
v 2.588 		57.925 		9
v -36.923 		36.925 		10
v -5.148 		25.425 		10
v -6.148 		19.925 		10
v -6.148 		18.925 		10
v 2.588 		57.925 		10
v -6.148 		18.925 		9
v 1.588 		57.925 		10
v -6.148 		19.925 		9
v -93.1 		63.175 		0
v -5.148 		19.925 		10
v -5.148 		19.925 		9
v -5.148 		18.925 		10
v -5.148 		18.925 		9
v -3.54 		12.925 		10
v -3.584 		24.425 		10
v -3.54 		12.925 		9
v -39.487 		36.925 		9
v -5.103 		12.925 		9
v -38.487 		36.925 		9
v -5.103 		12.925 		10
v -1.019 		24.425 		10
v -6.103 		12.925 		10
v -2.584 		24.425 		10
v -6.103 		12.925 		9
v -2.54 		12.925 		10
v -2.54 		12.925 		9
v -0.019 		24.425 		10
v -0.976 		12.925 		10
v -38.487 		36.925 		10
v -0.976 		12.925 		9
v 4.152 		55.925 		9
v 4.152 		54.925 		9
v 5.152 		54.925 		9
v 5.152 		55.925 		9
v -39.487 		36.925 		10
v -3.54 		11.925 		10
v -3.54 		11.925 		9
v 5.152 		55.925 		10
v 4.152 		55.925 		10
v -2.54 		11.925 		10
v -2.54 		11.925 		9
v 4.152 		56.925 		9
v 5.152 		56.925 		9
v -10.277 		30.925 		9
v -11.277 		30.925 		9
v -69.261 		22.675 		9
v -11.277 		29.925 		9
v -10.277 		29.925 		9
v 4.152 		56.925 		10
v 5.152 		56.925 		10
v -82.084 		36.925 		10
v 5.152 		54.925 		10
v -38.487 		29.925 		9
v -38.487 		30.925 		9
v -39.487 		30.925 		9
v -39.487 		29.925 		9
v -8.713 		30.925 		9
v -8.713 		29.925 		9
v -83.084 		36.925 		10
v -39.487 		29.925 		10
v -38.487 		29.925 		10
v 4.152 		54.925 		10
v -39.487 		30.925 		10
v -84.648 		36.925 		10
v -38.487 		30.925 		10
v -85.648 		36.925 		10
v -72.826 		24.425 		9
v -0.976 		11.925 		10
v -0.976 		11.925 		9
v 0.024 		56.925 		9
v -87.213 		36.925 		10
v 0.024 		56.925 		10
v 1.588 		56.925 		9
v -89.777 		36.925 		10
v 2.588 		56.925 		9
v -88.213 		36.925 		10
v -0.976 		10.925 		10
v -0.976 		10.925 		9
v -12.842 		29.925 		9
v 2.588 		56.925 		10
v -12.842 		30.925 		9
v -13.842 		30.925 		9
v -2.54 		10.925 		9
v -13.842 		29.925 		9
v -2.54 		10.925 		10
v 1.588 		56.925 		10
v -3.54 		10.925 		10
v -3.54 		10.925 		9
v -83.084 		30.925 		10
v -82.084 		30.925 		10
v -82.084 		29.925 		10
v -0.976 		9.925 		10
v -15.406 		29.925 		9
v -15.406 		30.925 		9
v -0.976 		9.925 		9
v -71.826 		24.425 		9
v 1.588 		55.925 		9
v -83.084 		29.925 		10
v 2.588 		55.925 		9
v -2.54 		9.925 		9
v -2.54 		9.925 		10
v 2.588 		55.925 		10
v 1.588 		55.925 		10
v -3.54 		9.925 		10
v -3.54 		9.925 		9
v -1.019 		22.675 		10
v -0.019 		22.675 		10
v -84.648 		29.925 		10
v -85.648 		29.925 		10
v -70.261 		24.425 		9
v -85.648 		30.925 		10
v -0.019 		21.675 		10
v -5.103 		10.925 		9
v -5.103 		9.925 		9
v -5.103 		9.925 		10
v -5.103 		10.925 		10
v -84.648 		30.925 		10
v -6.103 		9.925 		9
v -6.103 		9.925 		10
v 0.024 		55.925 		9
v -6.103 		10.925 		9
v -6.103 		10.925 		10
v 0.024 		55.925 		10
v -5.103 		11.925 		10
v -5.103 		11.925 		9
v -6.103 		11.925 		9
v -6.103 		11.925 		10
v 1.588 		54.925 		9
v -72.826 		22.675 		9
v 2.588 		54.925 		9
v -89.777 		29.925 		10
v -72.826 		21.675 		9
v -71.826 		21.675 		9
v -71.826 		22.675 		9
v -8.713 		18.925 		10
v -8.713 		18.925 		9
v 2.588 		54.925 		10
v -8.713 		19.925 		10
v -1.019 		21.675 		10
v -89.777 		30.925 		10
v -8.713 		19.925 		9
v -10.277 		18.925 		9
v -11.277 		18.925 		9
v -11.277 		18.925 		10
v -10.277 		18.925 		10
v -88.213 		29.925 		10
v -11.277 		19.925 		10
v -3.584 		21.675 		10
v -3.584 		22.675 		10
v -11.277 		19.925 		9
v -10.277 		19.925 		9
v -70.261 		22.675 		9
v -2.584 		22.675 		10
v -88.213 		30.925 		10
v -70.261 		21.675 		9
v -10.277 		19.925 		10
v -2.584 		21.675 		10
v -87.213 		30.925 		10
v -12.842 		18.925 		9
v -13.842 		18.925 		9
v -13.842 		18.925 		10
v -12.842 		18.925 		10
v -87.213 		29.925 		10
v -5.148 		24.425 		10
v -6.148 		24.425 		10
v -13.842 		19.925 		10
v -13.842 		19.925 		9
v -15.406 		19.925 		9
v -15.406 		18.925 		9
v -15.406 		18.925 		10
v -15.406 		19.925 		10
v -7.713 		24.425 		10
v -0.019 		27.175 		9
v -0.019 		28.175 		9
v -1.019 		28.175 		9
v -1.019 		27.175 		9
v -92.342 		36.925 		10
v -90.777 		36.925 		10
v -12.842 		19.925 		10
v -12.842 		19.925 		9
v -94.906 		36.925 		10
v -93.342 		36.925 		10
v 1.588 		54.925 		10
v -97.471 		36.925 		10
v -7.713 		22.675 		10
v -95.906 		36.925 		10
v -10.231 		12.925 		9
v -2.584 		28.175 		9
v -3.584 		28.175 		9
v -10.231 		12.925 		10
v -3.584 		27.175 		9
v -2.584 		27.175 		9
v -6.148 		21.675 		10
v -6.148 		22.675 		10
v -11.231 		12.925 		10
v -7.713 		21.675 		10
v -11.231 		12.925 		9
v -5.148 		22.675 		10
v -13.795 		12.925 		10
v -90.777 		29.925 		10
v -5.148 		21.675 		10
v -92.342 		30.925 		10
v -92.342 		29.925 		10
v -90.777 		30.925 		10
v 0.024 		54.925 		9
v 0.024 		54.925 		10
v -93.342 		29.925 		10
v -93.342 		30.925 		10
v -8.713 		27.175 		10
v -8.713 		28.175 		10
v -10.277 		28.175 		10
v -10.277 		27.175 		10
v -11.277 		27.175 		10
v -11.277 		28.175 		10
v -0.019 		25.425 		9
v 15.368 		48.925 		9
v -1.019 		25.425 		9
v 14.368 		48.925 		9
v 14.368 		47.925 		9
v 15.368 		47.925 		9
v -97.471 		30.925 		10
v -2.584 		25.425 		9
v -3.584 		25.425 		9
v -95.906 		29.925 		10
v -95.906 		30.925 		10
v -97.471 		29.925 		10
v -35.923 		30.925 		9
v -36.923 		30.925 		9
v -36.923 		29.925 		9
v -35.923 		29.925 		9
v 15.368 		47.925 		10
v 15.368 		48.925 		10
v -11.277 		25.425 		10
v -94.906 		30.925 		10
v 14.368 		47.925 		10
v -94.906 		29.925 		10
v 14.368 		48.925 		10
v -10.277 		25.425 		10
v -8.713 		25.425 		10
v 12.803 		47.925 		9
v 12.803 		48.925 		9
v 12.803 		47.925 		10
v 12.803 		48.925 		10
v -82.084 		27.175 		10
v -83.084 		27.175 		10
v -15.406 		28.175 		10
v -15.406 		27.175 		10
v -13.842 		27.175 		10
v -13.842 		28.175 		10
v -84.648 		28.175 		10
v -84.648 		27.175 		10
v -83.084 		28.175 		10
v -7.713 		27.175 		9
v -7.713 		28.175 		9
v -35.923 		29.925 		10
v -35.923 		30.925 		10
v -12.842 		28.175 		10
v -85.648 		27.175 		10
v -33.358 		30.925 		9
v -34.358 		30.925 		9
v -34.358 		29.925 		9
v -33.358 		29.925 		9
v -12.842 		27.175 		10
v -33.358 		29.925 		10
v -33.358 		30.925 		10
v -85.648 		28.175 		10
v -34.358 		30.925 		10
v -34.358 		29.925 		10
v -6.148 		27.175 		9
v -5.148 		27.175 		9
v -5.148 		28.175 		9
v -36.923 		29.925 		10
v -6.148 		28.175 		9
v -82.084 		28.175 		10
v 15.368 		46.175 		9
v 14.368 		46.175 		9
v -15.406 		25.425 		10
v -85.648 		25.425 		10
v 15.368 		46.175 		10
v -13.842 		25.425 		10
v -84.648 		25.425 		10
v -83.084 		25.425 		10
v -12.842 		25.425 		10
v -5.148 		25.425 		9
v -6.148 		25.425 		9
v -82.084 		25.425 		10
v -7.713 		25.425 		9
v -11.277 		24.425 		10
v -10.277 		24.425 		10
v -8.713 		24.425 		10
v -88.213 		28.175 		10
v -74.39 		27.175 		9
v -74.39 		28.175 		9
v -75.39 		28.175 		9
v -75.39 		27.175 		9
v -13.795 		12.925 		9
v -10.277 		22.675 		10
v -10.277 		21.675 		10
v -8.713 		21.675 		10
v -8.713 		22.675 		10
v -15.359 		12.925 		9
v -11.277 		21.675 		10
v -87.213 		28.175 		10
v -11.277 		22.675 		10
v -15.359 		12.925 		10
v -16.359 		12.925 		10
v -87.213 		27.175 		10
v -88.213 		27.175 		10
v -88.213 		25.425 		10
v -1.019 		24.425 		9
v -16.359 		12.925 		9
v -0.019 		24.425 		9
v -3.584 		24.425 		9
v -2.584 		24.425 		9
v -76.955 		27.175 		9
v -76.955 		28.175 		9
v -15.406 		24.425 		10
v -13.842 		24.425 		10
v -12.795 		12.925 		9
v -12.842 		24.425 		10
v -12.795 		12.925 		10
v -1.019 		22.675 		9
v -1.019 		21.675 		9
v -0.019 		21.675 		9
v -0.019 		22.675 		9
v -12.842 		22.675 		10
v -12.842 		21.675 		10
v -10.231 		11.925 		10
v -15.406 		22.675 		10
v -15.406 		21.675 		10
v -13.842 		21.675 		10
v -10.231 		11.925 		9
v -13.842 		22.675 		10
v -11.231 		11.925 		10
v -11.231 		11.925 		9
v -10.231 		10.925 		9
v -10.231 		9.925 		9
v -10.231 		9.925 		10
v -10.231 		10.925 		10
v -11.231 		9.925 		10
v -11.231 		9.925 		9
v -3.584 		21.675 		9
v -2.584 		21.675 		9
v -2.584 		22.675 		9
v -3.584 		22.675 		9
v -11.231 		10.925 		10
v -11.231 		10.925 		9
v -36.923 		30.925 		10
v -13.795 		11.925 		10
v -13.795 		11.925 		9
v -16.406 		36.925 		10
v -12.795 		11.925 		10
v -12.795 		11.925 		9
v -6.148 		24.425 		9
v -5.148 		24.425 		9
v -17.971 		36.925 		10
v -18.971 		36.925 		10
v -12.795 		10.925 		9
v -12.795 		10.925 		10
v -7.713 		24.425 		9
v -13.795 		10.925 		10
v -13.795 		10.925 		9
v -20.535 		36.925 		10
v -44.616 		36.925 		9
v -15.359 		10.925 		10
v -43.616 		36.925 		9
v -16.359 		10.925 		10
v -16.359 		10.925 		9
v -21.535 		36.925 		10
v -15.359 		10.925 		9
v -43.616 		36.925 		10
v -15.359 		11.925 		9
v -7.713 		21.675 		9
v -7.713 		22.675 		9
v -16.359 		11.925 		9
v -23.1 		36.925 		10
v -16.359 		11.925 		10
v -15.359 		11.925 		10
v -42.052 		36.925 		9
v -41.052 		36.925 		9
v -24.1 		36.925 		10
v -41.052 		36.925 		10
v -42.052 		36.925 		10
v -18.971 		29.925 		10
v -18.971 		30.925 		10
v -6.148 		21.675 		9
v -5.148 		21.675 		9
v -5.148 		22.675 		9
v -6.148 		22.675 		9
v -44.616 		36.925 		10
v -16.406 		29.925 		10
v -16.406 		30.925 		10
v -17.971 		30.925 		10
v -17.971 		29.925 		10
v -15.359 		9.925 		9
v -15.359 		9.925 		10
v -12.795 		9.925 		9
v -12.795 		9.925 		10
v -13.795 		9.925 		10
v -13.795 		9.925 		9
v -16.359 		9.925 		9
v -16.359 		9.925 		10
v -8.713 		28.175 		9
v -8.713 		27.175 		9
v -23.1 		30.925 		10
v -23.1 		29.925 		10
v -21.535 		29.925 		10
v -21.535 		30.925 		10
v -47.181 		36.925 		9
v -46.181 		36.925 		9
v -24.1 		29.925 		10
v -24.1 		30.925 		10
v -10.277 		28.175 		9
v -11.277 		28.175 		9
v -11.277 		27.175 		9
v -10.277 		27.175 		9
v -46.181 		36.925 		10
v -18.971 		19.925 		10
v -18.971 		18.925 		10
v -18.971 		18.925 		9
v -18.971 		19.925 		9
v -20.535 		30.925 		10
v 14.368 		46.175 		10
v -47.181 		36.925 		10
v -17.971 		19.925 		10
v -20.535 		29.925 		10
v -17.971 		19.925 		9
v -17.971 		18.925 		10
v -17.971 		18.925 		9
v -16.406 		19.925 		10
v -16.406 		19.925 		9
v -16.406 		18.925 		9
v -48.745 		36.925 		9
v -16.406 		18.925 		10
v -25.665 		36.925 		10
v -48.745 		36.925 		10
v -28.229 		36.925 		10
v -26.665 		36.925 		10
v -10.277 		25.425 		9
v -29.229 		36.925 		10
v -11.277 		25.425 		9
v -21.535 		19.925 		10
v -21.535 		18.925 		10
v -21.535 		18.925 		9
v -21.535 		19.925 		9
v -30.794 		36.925 		10
v -23.1 		19.925 		9
v -23.1 		18.925 		9
v -23.1 		18.925 		10
v -23.1 		19.925 		10
v -43.616 		29.925 		9
v -43.616 		30.925 		9
v -44.616 		30.925 		9
v -44.616 		29.925 		9
v -31.794 		36.925 		10
v -24.1 		19.925 		10
v -24.1 		18.925 		10
v -24.1 		18.925 		9
v -24.1 		19.925 		9
v -44.616 		29.925 		10
v -43.616 		29.925 		10
v -20.535 		19.925 		10
v -20.535 		19.925 		9
v -8.713 		25.425 		9
v -44.616 		30.925 		10
v -25.665 		30.925 		10
v -25.665 		29.925 		10
v -43.616 		30.925 		10
v -20.535 		18.925 		10
v -20.535 		18.925 		9
v -30.794 		30.925 		10
v -30.794 		29.925 		10
v -29.229 		29.925 		10
v -29.229 		30.925 		10
v -13.842 		27.175 		9
v -28.229 		30.925 		10
v -12.842 		27.175 		9
v -28.229 		29.925 		10
v -12.842 		28.175 		9
v -26.665 		29.925 		10
v -13.842 		28.175 		9
v -26.665 		30.925 		10
v -21.486 		12.925 		10
v -21.486 		12.925 		9
v -41.052 		29.925 		9
v -41.052 		30.925 		9
v -31.794 		29.925 		10
v -42.052 		30.925 		9
v -20.486 		12.925 		10
v -42.052 		29.925 		9
v -20.486 		12.925 		9
v -15.406 		27.175 		9
v -15.406 		28.175 		9
v -42.052 		29.925 		10
v -41.052 		29.925 		10
v -42.052 		30.925 		10
v -31.794 		30.925 		10
v -17.922 		12.925 		9
v -17.922 		12.925 		10
v -41.052 		30.925 		10
v -18.922 		12.925 		10
v -18.922 		12.925 		9
v -16.406 		27.175 		10
v -18.922 		10.925 		10
v -18.922 		9.925 		10
v -18.922 		9.925 		9
v -18.922 		10.925 		9
v -17.971 		27.175 		10
v -18.971 		27.175 		10
v -17.922 		10.925 		10
v -17.922 		10.925 		9
v -17.922 		11.925 		9
v -18.922 		11.925 		9
v -18.922 		11.925 		10
v -15.406 		25.425 		9
v -17.922 		11.925 		10
v -18.971 		28.175 		10
v -16.406 		28.175 		10
v -17.971 		28.175 		10
v -48.745 		29.925 		9
v -48.745 		30.925 		9
v -17.922 		9.925 		10
v -17.922 		9.925 		9
v -12.842 		25.425 		9
v -13.842 		25.425 		9
v -48.745 		29.925 		10
v -48.745 		30.925 		10
v -16.406 		25.425 		10
v -17.971 		25.425 		10
v -20.486 		11.925 		9
v -18.971 		25.425 		10
v -21.486 		11.925 		9
v -21.486 		11.925 		10
v -20.486 		11.925 		10
v -11.277 		24.425 		9
v -10.277 		24.425 		9
v -20.486 		9.925 		9
v -21.486 		9.925 		9
v -21.486 		9.925 		10
v -20.486 		9.925 		10
v -47.181 		30.925 		9
v -47.181 		29.925 		9
v -46.181 		29.925 		9
v -46.181 		30.925 		9
v -20.486 		10.925 		10
v -21.486 		10.925 		10
v -21.486 		10.925 		9
v -20.486 		10.925 		9
v -46.181 		30.925 		10
v -47.181 		30.925 		10
v -20.535 		28.175 		10
v -20.535 		27.175 		10
v -21.535 		27.175 		10
v -46.181 		29.925 		10
v -23.1 		27.175 		10
v -24.1 		27.175 		10
v -30.794 		19.925 		9
v -87.213 		25.425 		10
v -30.794 		18.925 		9
v -24.1 		28.175 		10
v -30.794 		18.925 		10
v -30.794 		19.925 		10
v -47.181 		29.925 		10
v -26.665 		19.925 		10
v -26.665 		18.925 		10
v -26.665 		18.925 		9
v -21.535 		28.175 		10
v -26.665 		19.925 		9
v -23.1 		28.175 		10
v -29.229 		19.925 		10
v -29.229 		18.925 		10
v -29.229 		18.925 		9
v -29.229 		19.925 		9
v -28.229 		19.925 		9
v -74.39 		25.425 		9
v -75.39 		25.425 		9
v -28.229 		18.925 		9
v -28.229 		18.925 		10
v -24.1 		25.425 		10
v -28.229 		19.925 		10
v -25.665 		19.925 		9
v -25.665 		18.925 		9
v -25.665 		18.925 		10
v -25.665 		19.925 		10
v -76.955 		25.425 		9
v -23.1 		25.425 		10
v -31.794 		18.925 		10
v -21.535 		25.425 		10
v -31.794 		18.925 		9
v -20.535 		25.425 		10
v -89.777 		28.175 		10
v -89.777 		27.175 		10
v -16.406 		24.425 		10
v -89.777 		25.425 		10
v -17.971 		24.425 		10
v -77.955 		28.175 		9
v -77.955 		27.175 		9
v -18.971 		24.425 		10
v -33.358 		27.175 		9
v -33.358 		28.175 		9
v -34.358 		28.175 		9
v -34.358 		27.175 		9
v -17.971 		21.675 		10
v -18.971 		21.675 		10
v -34.358 		27.175 		10
v -33.358 		27.175 		10
v -18.971 		22.675 		10
v -34.358 		28.175 		10
v -17.971 		22.675 		10
v -80.519 		27.175 		9
v -79.519 		27.175 		9
v -16.406 		21.675 		10
v -31.794 		19.925 		10
v -35.923 		27.175 		9
v -79.519 		28.175 		9
v -35.923 		28.175 		9
v -80.519 		28.175 		9
v -16.406 		22.675 		10
v -85.648 		24.425 		10
v -35.923 		27.175 		10
v -35.923 		28.175 		10
v -83.084 		24.425 		10
v -84.648 		24.425 		10
v -24.1 		24.425 		10
v -33.358 		28.175 		10
v -82.084 		24.425 		10
v -23.1 		24.425 		10
v -21.535 		24.425 		10
v -20.535 		24.425 		10
v -79.519 		25.425 		9
v -80.519 		25.425 		9
v -82.084 		22.675 		10
v -82.084 		21.675 		10
v -83.084 		21.675 		10
v -21.535 		22.675 		10
v -83.084 		22.675 		10
v -20.535 		22.675 		10
v -84.648 		22.675 		10
v -84.648 		21.675 		10
v -20.535 		21.675 		10
v 41.73 		8.425 		0
v -85.648 		21.675 		10
v 41.73 		7.875 		0
v -77.955 		25.425 		9
v -31.794 		19.925 		9
v -21.535 		21.675 		10
v 46.28 		8.425 		0
v -24.1 		21.675 		10
v -24.1 		22.675 		10
v 46.28 		7.875 		0
v -35.923 		25.425 		9
v -23.1 		22.675 		10
v -35.923 		25.425 		10
v -23.1 		21.675 		10
v -26.614 		12.925 		10
v -75.39 		24.425 		9
v -74.39 		24.425 		9
v -33.358 		25.425 		9
v -34.358 		25.425 		9
v -85.648 		22.675 		10
v -34.358 		25.425 		10
v -28.229 		27.175 		10
v -33.358 		25.425 		10
v -28.229 		28.175 		10
v -26.614 		12.925 		9
v -28.178 		12.925 		9
v -25.665 		28.175 		10
v -25.665 		27.175 		10
v -87.213 		24.425 		10
v -28.178 		12.925 		10
v -26.665 		27.175 		10
v -29.178 		12.925 		10
v -88.213 		24.425 		10
v -29.178 		12.925 		9
v -26.665 		28.175 		10
v -30.741 		12.925 		9
v -21.32 		8.425 		0
v -30.741 		12.925 		10
v -21.32 		7.875 		0
v -31.741 		12.925 		10
v -25.665 		25.425 		10
v -31.741 		12.925 		9
v -25.614 		12.925 		10
v -26.665 		25.425 		10
v -25.614 		12.925 		9
v -28.229 		25.425 		10
v -25.87 		8.425 		0
v -25.87 		7.875 		0
v -89.777 		24.425 		10
v -30.794 		27.175 		10
v -31.794 		27.175 		10
v -31.794 		28.175 		10
v -87.213 		22.675 		10
v -87.213 		21.675 		10
v -30.794 		28.175 		10
v -29.229 		27.175 		10
v -88.92 		8.425 		0
v -88.92 		7.875 		0
v -29.229 		28.175 		10
v -25.614 		11.925 		9
v -26.614 		11.925 		9
v -26.614 		11.925 		10
v -25.614 		11.925 		10
v -31.794 		25.425 		10
v -30.794 		25.425 		10
v -93.47 		8.425 		0
v -25.614 		10.925 		10
v -93.47 		7.875 		0
v -26.614 		10.925 		10
v -26.614 		10.925 		9
v -25.614 		10.925 		9
v -29.229 		25.425 		10
v 58.9 		61.425 		10
v -28.178 		11.925 		10
v -25.665 		24.425 		10
v -28.178 		11.925 		9
v -26.665 		24.425 		10
v -28.178 		10.925 		10
v -28.229 		24.425 		10
v -28.178 		10.925 		9
v -26.665 		21.675 		10
v -26.665 		22.675 		10
v -28.229 		22.675 		10
v -28.229 		21.675 		10
v 58.9 		34.925 		10
v -25.665 		22.675 		10
v 58.9 		32.925 		10
v -25.665 		21.675 		10
v -25.614 		9.925 		9
v -25.614 		9.925 		10
v 58.9 		34.925 		8
v 58.9 		32.925 		8
v -26.614 		9.925 		10
v -26.614 		9.925 		9
v -30.794 		21.675 		10
v -31.794 		21.675 		10
v -31.794 		22.675 		10
v -28.178 		9.925 		9
v -28.178 		9.925 		10
v -30.794 		24.425 		10
v -31.794 		24.425 		10
v -30.794 		22.675 		10
v -29.178 		11.925 		9
v -29.178 		11.925 		10
v -29.178 		10.925 		10
v -29.178 		10.925 		9
v -29.229 		21.675 		10
v -38.487 		27.175 		9
v -38.487 		28.175 		9
v -39.487 		28.175 		9
v -39.487 		27.175 		9
v -29.229 		22.675 		10
v -39.487 		27.175 		10
v -29.229 		24.425 		10
v -38.487 		27.175 		10
v 41.7 		63.175 		7
v 45.9 		63.175 		7
v -39.487 		28.175 		10
v -38.487 		28.175 		10
v -88.9 		63.175 		7
v -93.1 		63.175 		7
v -36.869 		57.925 		10
v -35.869 		57.925 		10
v -36.923 		28.175 		9
v -36.923 		27.175 		9
v 50.3 		57.925 		10
v 51.3 		57.925 		10
v -34.305 		57.925 		10
v -33.305 		57.925 		10
v -36.923 		27.175 		10
v 51.3 		56.925 		10
v 50.3 		56.925 		10
v 50.3 		55.925 		10
v 51.3 		55.925 		10
v -36.923 		28.175 		10
v 51.3 		54.925 		10
v 50.3 		54.925 		10
v -38.487 		25.425 		9
v -39.487 		25.425 		9
v -35.869 		55.925 		10
v -35.869 		56.925 		10
v -34.305 		55.925 		10
v -33.305 		55.925 		10
v -33.305 		56.925 		10
v -34.305 		56.925 		10
v -38.487 		25.425 		10
v -36.923 		25.425 		9
v -36.923 		25.425 		10
v 56.4 		48.925 		10
v -88.213 		21.675 		10
v 56.4 		47.925 		10
v -33.305 		54.925 		10
v -89.777 		22.675 		10
v -89.777 		21.675 		10
v 55.4 		47.925 		10
v -88.213 		22.675 		10
v -34.305 		54.925 		10
v -35.869 		54.925 		10
v 53.835 		48.925 		10
v 53.835 		47.925 		10
v 55.4 		48.925 		10
v -36.869 		55.925 		10
v -36.869 		56.925 		10
v -92.342 		27.175 		10
v -39.487 		25.425 		10
v -93.342 		27.175 		10
v 56.4 		46.175 		10
v -93.342 		28.175 		10
v 55.4 		46.175 		10
v 53.835 		46.175 		10
v -35.923 		24.425 		9
v -35.923 		24.425 		10
v 52.835 		47.925 		10
v -30.741 		11.925 		10
v 51.271 		48.925 		10
v 51.271 		47.925 		10
v -30.741 		11.925 		9
v -34.358 		24.425 		9
v -33.358 		24.425 		9
v 52.835 		48.925 		10
v -34.358 		24.425 		10
v -33.358 		24.425 		10
v -31.741 		11.925 		9
v 50.271 		47.925 		10
v -31.741 		11.925 		10
v -30.741 		10.925 		10
v -31.741 		10.925 		10
v -31.741 		10.925 		9
v -30.741 		10.925 		9
v 50.271 		48.925 		10
v -34.358 		22.675 		9
v -34.358 		21.675 		9
v -33.358 		21.675 		9
v -33.358 		22.675 		9
v -33.358 		22.675 		10
v -34.358 		22.675 		10
v -33.358 		21.675 		10
v 52.835 		46.175 		10
v 51.271 		46.175 		10
v -31.741 		9.925 		10
v -31.741 		9.925 		9
v -34.358 		21.675 		10
v 50.271 		46.175 		10
v -30.741 		9.925 		9
v -30.741 		9.925 		10
v -35.923 		21.675 		9
v -35.923 		22.675 		9
v -29.178 		9.925 		10
v -29.178 		9.925 		9
v -35.923 		22.675 		10
v -35.923 		21.675 		10
v -35.923 		19.925 		9
v -35.923 		18.925 		9
v -35.923 		18.925 		10
v -35.923 		19.925 		10
v -36.869 		54.925 		10
v -33.358 		19.925 		9
v -33.358 		18.925 		9
v -33.358 		18.925 		10
v -33.358 		19.925 		10
v 56.4 		43.425 		10
v -34.358 		19.925 		10
v -34.358 		18.925 		10
v -34.358 		18.925 		9
v -34.358 		19.925 		9
v 55.4 		43.425 		10
v -47.124 		57.925 		10
v 53.835 		43.425 		10
v -46.124 		57.925 		10
v -36.923 		18.925 		10
v -36.923 		18.925 		9
v -44.56 		57.925 		10
v -43.56 		57.925 		10
v 56.4 		45.175 		10
v -41.997 		57.925 		10
v -40.997 		57.925 		10
v -36.923 		19.925 		10
v 53.835 		45.175 		10
v 55.4 		45.175 		10
v -36.923 		19.925 		9
v -38.487 		19.925 		9
v -38.487 		18.925 		9
v -38.487 		18.925 		10
v -38.487 		19.925 		10
v -39.487 		18.925 		9
v -39.487 		18.925 		10
v -39.487 		19.925 		10
v 56.4 		42.425 		10
v -39.487 		19.925 		9
v 55.4 		42.425 		10
v -48.688 		57.925 		10
v 53.835 		42.425 		10
v -41.997 		55.925 		10
v -40.997 		55.925 		10
v -92.342 		28.175 		10
v -38.487 		21.675 		9
v -38.487 		22.675 		9
v -39.487 		22.675 		9
v -90.777 		27.175 		10
v -39.487 		21.675 		9
v 51.271 		43.425 		10
v 51.271 		42.425 		10
v 52.835 		42.425 		10
v 52.835 		43.425 		10
v -39.487 		21.675 		10
v -38.487 		21.675 		10
v -90.777 		28.175 		10
v -39.487 		22.675 		10
v 50.271 		42.425 		10
v -38.487 		22.675 		10
v 50.271 		43.425 		10
v -39.487 		24.425 		9
v -38.487 		24.425 		9
v -39.487 		24.425 		10
v -38.487 		24.425 		10
v 51.271 		45.175 		10
v -36.869 		12.925 		10
v 52.835 		45.175 		10
v -36.869 		12.925 		9
v -35.869 		12.925 		10
v -35.869 		12.925 		9
v 50.271 		45.175 		10
v -33.305 		12.925 		9
v -33.305 		12.925 		10
v -36.923 		24.425 		9
v -34.305 		12.925 		10
v 56.4 		40.675 		10
v 56.4 		39.675 		10
v -34.305 		12.925 		9
v -36.923 		24.425 		10
v -36.923 		22.675 		9
v 55.4 		39.675 		10
v -36.923 		21.675 		9
v -35.869 		11.925 		10
v 53.835 		40.675 		10
v -36.923 		22.675 		10
v -35.869 		11.925 		9
v 53.835 		39.675 		10
v 55.4 		40.675 		10
v -33.305 		11.925 		10
v -33.305 		11.925 		9
v -36.923 		21.675 		10
v -34.305 		11.925 		10
v -34.305 		11.925 		9
v -43.616 		27.175 		9
v -43.616 		28.175 		9
v -44.616 		28.175 		9
v -44.616 		27.175 		9
v 56.4 		37.925 		10
v -93.342 		25.425 		10
v -44.616 		27.175 		10
v -43.616 		27.175 		10
v 55.4 		37.925 		10
v -44.616 		28.175 		10
v 53.835 		37.925 		10
v -40.997 		56.925 		10
v -41.997 		56.925 		10
v 51.271 		40.675 		10
v -33.305 		10.925 		10
v -34.305 		10.925 		10
v 51.271 		39.675 		10
v -34.305 		10.925 		9
v 52.835 		39.675 		10
v -33.305 		10.925 		9
v 52.835 		40.675 		10
v -43.56 		56.925 		10
v 50.271 		39.675 		10
v -44.56 		55.925 		10
v -43.56 		55.925 		10
v -44.56 		56.925 		10
v -35.869 		10.925 		10
v 50.271 		40.675 		10
v -35.869 		10.925 		9
v -33.305 		9.925 		9
v -33.305 		9.925 		10
v -40.997 		54.925 		10
v -34.305 		9.925 		10
v 52.835 		37.925 		10
v 51.271 		37.925 		10
v -34.305 		9.925 		9
v -41.997 		54.925 		10
v -92.342 		25.425 		10
v 50.271 		37.925 		10
v -43.56 		54.925 		10
v -90.777 		25.425 		10
v -44.56 		54.925 		10
v 45.172 		57.925 		10
v 46.172 		57.925 		10
v -46.124 		56.925 		10
v 47.736 		57.925 		10
v -97.471 		28.175 		10
v 48.736 		57.925 		10
v -97.471 		27.175 		10
v -95.906 		27.175 		10
v -95.906 		28.175 		10
v -47.124 		55.925 		10
v -46.124 		55.925 		10
v -47.124 		56.925 		10
v -94.906 		28.175 		10
v -43.616 		28.175 		10
v -48.688 		56.925 		10
v -42.052 		27.175 		9
v -41.052 		27.175 		9
v -41.052 		28.175 		9
v -42.052 		28.175 		9
v -48.688 		55.925 		10
v 41.045 		57.925 		10
v -42.052 		28.175 		10
v -42.052 		27.175 		10
v 42.609 		57.925 		10
v -41.052 		28.175 		10
v 43.609 		57.925 		10
v -41.052 		27.175 		10
v -46.124 		54.925 		10
v -43.616 		25.425 		9
v -48.688 		54.925 		10
v -44.616 		25.425 		9
v -47.124 		54.925 		10
v 47.736 		55.925 		10
v 48.736 		55.925 		10
v 48.736 		56.925 		10
v -44.616 		25.425 		10
v 47.736 		56.925 		10
v -43.616 		25.425 		10
v -41.052 		25.425 		9
v -42.052 		25.425 		9
v -33.358 		48.925 		10
v -33.358 		47.925 		10
v 46.172 		56.925 		10
v -41.052 		25.425 		10
v -34.358 		47.925 		10
v -42.052 		25.425 		10
v -34.358 		48.925 		10
v -35.923 		48.925 		10
v -35.923 		47.925 		10
v 45.172 		55.925 		10
v 46.172 		55.925 		10
v 45.172 		56.925 		10
v -48.745 		27.175 		9
v -48.745 		28.175 		9
v -48.745 		27.175 		10
v -48.745 		28.175 		10
v -46.181 		28.175 		9
v -47.181 		28.175 		9
v -47.181 		27.175 		9
v -46.181 		27.175 		9
v -33.358 		46.175 		10
v 48.736 		54.925 		10
v -47.181 		28.175 		10
v -47.181 		27.175 		10
v 47.736 		54.925 		10
v -46.181 		27.175 		10
v -46.181 		28.175 		10
v -94.906 		27.175 		10
v 46.172 		54.925 		10
v 45.172 		54.925 		10
v -97.471 		25.425 		10
v -95.906 		25.425 		10
v 43.609 		56.925 		10
v -48.745 		25.425 		9
v -94.906 		25.425 		10
v 41.045 		56.925 		10
v 42.609 		56.925 		10
v -48.745 		25.425 		10
v -46.181 		25.425 		9
v -47.181 		25.425 		9
v 42.609 		55.925 		10
v 43.609 		55.925 		10
v -46.181 		25.425 		10
v -93.342 		24.425 		10
v -47.181 		25.425 		10
v -92.342 		24.425 		10
v -90.777 		24.425 		10
v 41.045 		55.925 		10
v -44.616 		24.425 		9
v -43.616 		24.425 		9
v 43.609 		54.925 		10
v -90.777 		22.675 		10
v -44.616 		24.425 		10
v 42.609 		54.925 		10
v -90.777 		21.675 		10
v -43.616 		24.425 		10
v 41.045 		54.925 		10
v -93.342 		21.675 		10
v -42.052 		24.425 		9
v -93.342 		22.675 		10
v -41.052 		24.425 		9
v -92.342 		22.675 		10
v 40.045 		57.925 		10
v -34.358 		46.175 		10
v -35.923 		46.175 		10
v -35.869 		9.925 		9
v 33.353 		57.925 		10
v -35.869 		9.925 		10
v 34.917 		57.925 		10
v -36.923 		47.925 		10
v 35.917 		57.925 		10
v -92.342 		21.675 		10
v -38.487 		48.925 		10
v -38.487 		47.925 		10
v -36.923 		48.925 		10
v -39.487 		47.925 		10
v -39.487 		48.925 		10
v -36.869 		11.925 		10
v -36.869 		11.925 		9
v 40.045 		56.925 		10
v 40.045 		55.925 		10
v 40.045 		54.925 		10
v -97.471 		24.425 		10
v -95.906 		24.425 		10
v -36.923 		46.175 		10
v -38.487 		46.175 		10
v -94.906 		24.425 		10
v -39.487 		46.175 		10
v 35.917 		56.925 		10
v 33.353 		56.925 		10
v -97.471 		22.675 		10
v 34.917 		56.925 		10
v -97.471 		21.675 		10
v -95.906 		21.675 		10
v -95.906 		22.675 		10
v 33.353 		55.925 		10
v -94.906 		22.675 		10
v -94.906 		21.675 		10
v -41.052 		48.925 		10
v -41.052 		47.925 		10
v 34.917 		55.925 		10
v 35.917 		55.925 		10
v -43.616 		48.925 		10
v -43.616 		47.925 		10
v -42.052 		47.925 		10
v -42.052 		48.925 		10
v -44.616 		47.925 		10
v -44.616 		48.925 		10
v 35.917 		54.925 		10
v -41.052 		24.425 		10
v -42.052 		24.425 		10
v 33.353 		54.925 		10
v 34.917 		54.925 		10
v -44.616 		21.675 		9
v -41.052 		46.175 		10
v -43.616 		21.675 		9
v -43.616 		22.675 		9
v -44.616 		22.675 		9
v -44.616 		22.675 		10
v -44.616 		21.675 		10
v -42.052 		46.175 		10
v -43.616 		46.175 		10
v -8.713 		24.425 		9
v 48.706 		48.925 		10
v 48.706 		47.925 		10
v -44.616 		46.175 		10
v 47.706 		47.925 		10
v 46.142 		48.925 		10
v 46.142 		47.925 		10
v 47.706 		48.925 		10
v -8.713 		22.675 		9
v -8.713 		21.675 		9
v 45.142 		47.925 		10
v -43.616 		22.675 		10
v 45.142 		48.925 		10
v -10.277 		22.675 		9
v -11.277 		22.675 		9
v -11.277 		21.675 		9
v -10.277 		21.675 		9
v -43.616 		21.675 		10
v -42.052 		22.675 		9
v -42.052 		21.675 		9
v -41.052 		21.675 		9
v -41.052 		22.675 		9
v 48.706 		46.175 		10
v -41.052 		22.675 		10
v -42.052 		22.675 		10
v 47.706 		46.175 		10
v 46.142 		46.175 		10
v -41.052 		21.675 		10
v 45.142 		46.175 		10
v -42.052 		21.675 		10
v -15.406 		24.425 		9
v 43.577 		46.175 		10
v -13.842 		24.425 		9
v -12.842 		24.425 		9
v -48.745 		24.425 		9
v 42.577 		46.175 		10
v 41.013 		46.175 		10
v -48.745 		24.425 		10
v 43.577 		48.925 		10
v 43.577 		47.925 		10
v 41.013 		48.925 		10
v -47.181 		24.425 		9
v 41.013 		47.925 		10
v -46.181 		24.425 		9
v 42.577 		47.925 		10
v -46.181 		48.925 		10
v -46.181 		47.925 		10
v 42.577 		48.925 		10
v -47.181 		47.925 		10
v -48.745 		48.925 		10
v -48.745 		47.925 		10
v -47.181 		48.925 		10
v -15.406 		21.675 		9
v -15.406 		22.675 		9
v -12.842 		22.675 		9
v -13.842 		22.675 		9
v -13.842 		21.675 		9
v -12.842 		21.675 		9
v 40.013 		47.925 		10
v -46.181 		46.175 		10
v 38.448 		48.925 		10
v 38.448 		47.925 		10
v 40.013 		48.925 		10
v -47.181 		46.175 		10
v -48.745 		46.175 		10
v 37.448 		47.925 		10
v 37.448 		48.925 		10
v -33.358 		43.425 		10
v -16.406 		36.925 		9
v -34.358 		43.425 		10
v -35.923 		43.425 		10
v 40.013 		46.175 		10
v 38.448 		46.175 		10
v -33.358 		45.175 		10
v 37.448 		46.175 		10
v -36.869 		9.925 		9
v -36.869 		9.925 		10
v -36.869 		10.925 		9
v -36.869 		10.925 		10
v -34.358 		45.175 		10
v 35.884 		48.925 		10
v 35.884 		47.925 		10
v -35.923 		45.175 		10
v -42.052 		19.925 		10
v -42.052 		18.925 		10
v -42.052 		18.925 		9
v -42.052 		19.925 		9
v 34.884 		47.925 		10
v -44.616 		19.925 		10
v -44.616 		18.925 		10
v -44.616 		18.925 		9
v -44.616 		19.925 		9
v 33.319 		48.925 		10
v 33.319 		47.925 		10
v -43.616 		19.925 		9
v -43.616 		18.925 		9
v -43.616 		18.925 		10
v -43.616 		19.925 		10
v 34.884 		48.925 		10
v -41.052 		19.925 		10
v -41.052 		19.925 		9
v -46.181 		24.425 		10
v -47.181 		24.425 		10
v -41.052 		18.925 		10
v -41.052 		18.925 		9
v 35.884 		46.175 		10
v 34.884 		46.175 		10
v 33.319 		46.175 		10
v -48.745 		21.675 		9
v -48.745 		22.675 		9
v -48.745 		22.675 		10
v -18.971 		36.925 		9
v -17.971 		36.925 		9
v 48.706 		43.425 		10
v 47.706 		43.425 		10
v -48.745 		21.675 		10
v 12.803 		46.175 		9
v -47.181 		22.675 		9
v -47.181 		21.675 		9
v -46.181 		21.675 		9
v -46.181 		22.675 		9
v -33.358 		42.425 		10
v 12.803 		46.175 		10
v -46.181 		22.675 		10
v -47.181 		22.675 		10
v -34.358 		42.425 		10
v -35.923 		42.425 		10
v -46.181 		21.675 		10
v -47.181 		21.675 		10
v 10.239 		48.925 		9
v 9.239 		48.925 		9
v 9.239 		47.925 		9
v 10.239 		47.925 		9
v 48.706 		45.175 		10
v 10.239 		47.925 		10
v 10.239 		48.925 		10
v 47.706 		45.175 		10
v -52.31 		36.925 		9
v -51.31 		36.925 		9
v 11.803 		48.925 		9
v 11.803 		47.925 		9
v -51.31 		36.925 		10
v 11.803 		48.925 		10
v 11.803 		47.925 		10
v 46.142 		45.175 		10
v -49.745 		36.925 		9
v 9.239 		47.925 		10
v 46.142 		43.425 		10
v -49.745 		36.925 		10
v 45.142 		43.425 		10
v -52.31 		36.925 		10
v 9.239 		48.925 		10
v 45.142 		45.175 		10
v 48.706 		42.425 		10
v -36.923 		42.425 		10
v -38.487 		43.425 		10
v 47.706 		42.425 		10
v -38.487 		42.425 		10
v -36.923 		43.425 		10
v -54.874 		36.925 		9
v -53.874 		36.925 		9
v 46.142 		42.425 		10
v -53.874 		36.925 		10
v -39.487 		42.425 		10
v -54.874 		36.925 		10
v -39.487 		43.425 		10
v 45.142 		42.425 		10
v -36.923 		45.175 		10
v 43.577 		45.175 		10
v -38.487 		45.175 		10
v -56.439 		36.925 		9
v 43.577 		43.425 		10
v -56.439 		36.925 		10
v -39.487 		45.175 		10
v 42.577 		45.175 		10
v 42.577 		43.425 		10
v 41.013 		43.425 		10
v -33.358 		40.675 		10
v -33.358 		39.675 		10
v -49.745 		30.925 		9
v -49.745 		29.925 		9
v 41.013 		45.175 		10
v -34.358 		39.675 		10
v -49.745 		29.925 		10
v -34.358 		40.675 		10
v -35.923 		40.675 		10
v -35.923 		39.675 		10
v -49.745 		30.925 		10
v -51.31 		30.925 		9
v 43.577 		42.425 		10
v -52.31 		30.925 		9
v -52.31 		29.925 		9
v -51.31 		29.925 		9
v -52.31 		30.925 		10
v -52.31 		29.925 		10
v 42.577 		42.425 		10
v -51.31 		29.925 		10
v -51.31 		30.925 		10
v -33.358 		37.925 		10
v 41.013 		42.425 		10
v -34.358 		37.925 		10
v -35.923 		37.925 		10
v 48.706 		40.675 		10
v 48.706 		39.675 		10
v 47.706 		39.675 		10
v -36.923 		39.675 		10
v 46.142 		40.675 		10
v 46.142 		39.675 		10
v -56.439 		29.925 		9
v 47.706 		40.675 		10
v -38.487 		40.675 		10
v -56.439 		30.925 		9
v -38.487 		39.675 		10
v -36.923 		40.675 		10
v -56.439 		29.925 		10
v -39.487 		39.675 		10
v 45.142 		39.675 		10
v -56.439 		30.925 		10
v -39.487 		40.675 		10
v 45.142 		40.675 		10
v -53.874 		29.925 		9
v -53.874 		30.925 		9
v -54.874 		30.925 		9
v -54.874 		29.925 		9
v -54.874 		29.925 		10
v -53.874 		29.925 		10
v -54.874 		30.925 		10
v -36.923 		37.925 		10
v -38.487 		37.925 		10
v 48.706 		37.925 		10
v -53.874 		30.925 		10
v -39.487 		37.925 		10
v 47.706 		37.925 		10
v 46.142 		37.925 		10
v 45.142 		37.925 		10
v -41.052 		43.425 		10
v -42.052 		43.425 		10
v -41.052 		45.175 		10
v -21.535 		36.925 		9
v -20.535 		36.925 		9
v -42.052 		45.175 		10
v -43.616 		43.425 		10
v -60.003 		36.925 		9
v -59.003 		36.925 		9
v -44.616 		43.425 		10
v -24.1 		36.925 		9
v -23.1 		36.925 		9
v -59.003 		36.925 		10
v -43.616 		45.175 		10
v -57.439 		36.925 		9
v -44.616 		45.175 		10
v -57.439 		36.925 		10
v -60.003 		36.925 		10
v -41.052 		42.425 		10
v -16.406 		30.925 		9
v -16.406 		29.925 		9
v -42.052 		42.425 		10
v -43.616 		42.425 		10
v -100.035 		36.925 		10
v -98.471 		36.925 		10
v -102.6 		36.925 		10
v -101.035 		36.925 		10
v -44.616 		42.425 		10
v -103.6 		36.925 		10
v -62.568 		36.925 		9
v -61.568 		36.925 		9
v -61.568 		36.925 		10
v -46.181 		43.425 		10
v -100.035 		30.925 		10
v -100.035 		29.925 		10
v -98.471 		29.925 		10
v -98.471 		30.925 		10
v -48.745 		43.425 		10
v -47.181 		43.425 		10
v -101.035 		29.925 		10
v -62.568 		36.925 		10
v -102.6 		29.925 		10
v -46.181 		45.175 		10
v -103.6 		29.925 		10
v -103.6 		30.925 		10
v -48.745 		45.175 		10
v -47.181 		45.175 		10
v -102.6 		30.925 		10
v -101.035 		30.925 		10
v -65.132 		36.925 		9
v -64.132 		36.925 		9
v -64.132 		36.925 		10
v -98.471 		27.175 		10
v -46.181 		42.425 		10
v -98.471 		28.175 		10
v -100.035 		28.175 		10
v -100.035 		27.175 		10
v -65.132 		36.925 		10
v -48.745 		42.425 		10
v -47.181 		42.425 		10
v -101.035 		27.175 		10
v -101.035 		28.175 		10
v -41.052 		40.675 		10
v -41.052 		39.675 		10
v -98.471 		25.425 		10
v -100.035 		25.425 		10
v -42.052 		39.675 		10
v -101.035 		25.425 		10
v -57.439 		30.925 		9
v -48.745 		18.925 		9
v -57.439 		29.925 		9
v -43.616 		40.675 		10
v -43.616 		39.675 		10
v -48.745 		18.925 		10
v -42.052 		40.675 		10
v -57.439 		29.925 		10
v -48.745 		19.925 		10
v -48.745 		19.925 		9
v -44.616 		39.675 		10
v -57.439 		30.925 		10
v -46.181 		19.925 		10
v -47.181 		19.925 		10
v -44.616 		40.675 		10
v -59.003 		30.925 		9
v -47.181 		19.925 		9
v -60.003 		30.925 		9
v -60.003 		29.925 		9
v -59.003 		29.925 		9
v -46.181 		19.925 		9
v -46.181 		18.925 		10
v -60.003 		30.925 		10
v -60.003 		29.925 		10
v -46.181 		18.925 		9
v 43.577 		40.675 		10
v -59.003 		29.925 		10
v -59.003 		30.925 		10
v 43.577 		39.675 		10
v 41.013 		40.675 		10
v 41.013 		39.675 		10
v 42.577 		39.675 		10
v 42.577 		40.675 		10
v 10.239 		46.175 		9
v 9.239 		46.175 		9
v 43.577 		37.925 		10
v 10.239 		46.175 		10
v 42.577 		37.925 		10
v 41.013 		37.925 		10
v 11.803 		46.175 		9
v -61.568 		29.925 		9
v -61.568 		30.925 		9
v -62.568 		30.925 		9
v 11.803 		46.175 		10
v -62.568 		29.925 		9
v 9.239 		46.175 		10
v -102.6 		27.175 		10
v 40.013 		43.425 		10
v -103.6 		27.175 		10
v 5.11 		48.925 		9
v 38.448 		43.425 		10
v 4.11 		48.925 		9
v 4.11 		47.925 		9
v 5.11 		47.925 		9
v -103.6 		25.425 		10
v -102.6 		25.425 		10
v 5.11 		47.925 		10
v 5.11 		48.925 		10
v 37.448 		43.425 		10
v -103.6 		28.175 		10
v 7.674 		48.925 		9
v 6.674 		48.925 		9
v 6.674 		47.925 		9
v 7.674 		47.925 		9
v 40.013 		45.175 		10
v -102.6 		28.175 		10
v 7.674 		47.925 		10
v 7.674 		48.925 		10
v 38.448 		45.175 		10
v 6.674 		48.925 		10
v 6.674 		47.925 		10
v 4.11 		47.925 		10
v -62.568 		29.925 		10
v -61.568 		29.925 		10
v -98.471 		21.675 		10
v -62.568 		30.925 		10
v 4.11 		48.925 		10
v -100.035 		22.675 		10
v -100.035 		21.675 		10
v -98.471 		22.675 		10
v -64.132 		30.925 		9
v -65.132 		30.925 		9
v -65.132 		29.925 		9
v -64.132 		29.925 		9
v -101.035 		21.675 		10
v -65.132 		30.925 		10
v -65.132 		29.925 		10
v 7.674 		46.175 		9
v 6.674 		46.175 		9
v -101.035 		22.675 		10
v 37.448 		45.175 		10
v 7.674 		46.175 		10
v -100.035 		24.425 		10
v -98.471 		24.425 		10
v 6.674 		46.175 		10
v -101.035 		24.425 		10
v 5.11 		46.175 		9
v 4.11 		46.175 		9
v 40.013 		42.425 		10
v 5.11 		46.175 		10
v 38.448 		42.425 		10
v 4.11 		46.175 		10
v -102.6 		24.425 		10
v -103.6 		24.425 		10
v 37.448 		42.425 		10
v -103.6 		22.675 		10
v -102.6 		22.675 		10
v 2.545 		48.925 		9
v 1.545 		48.925 		9
v -102.6 		21.675 		10
v 1.545 		47.925 		9
v 2.545 		47.925 		9
v 35.884 		45.175 		10
v 2.545 		47.925 		10
v 2.545 		48.925 		10
v -103.6 		21.675 		10
v 1.545 		47.925 		10
v 35.884 		43.425 		10
v 1.545 		46.175 		9
v 2.545 		46.175 		9
v 34.884 		45.175 		10
v 34.884 		43.425 		10
v 2.545 		46.175 		10
v 33.319 		45.175 		10
v 1.545 		46.175 		10
v 50.3 		55.925 		9
v 50.3 		54.925 		9
v 51.3 		54.925 		9
v 51.3 		55.925 		9
v 1.545 		48.925 		10
v 33.319 		43.425 		10
v 50.3 		57.925 		9
v 50.3 		56.925 		9
v 51.3 		56.925 		9
v 51.3 		57.925 		9
v 15.368 		43.425 		9
v 14.368 		43.425 		9
v 35.884 		42.425 		10
v 15.368 		43.425 		10
v 33.319 		42.425 		10
v 34.884 		42.425 		10
v 14.368 		43.425 		10
v 12.803 		43.425 		9
v 40.013 		39.675 		10
v 12.803 		43.425 		10
v 38.448 		40.675 		10
v 38.448 		39.675 		10
v 40.013 		40.675 		10
v -64.132 		29.925 		10
v -64.132 		30.925 		10
v 14.368 		45.175 		9
v 15.368 		45.175 		9
v 15.368 		45.175 		10
v 14.368 		45.175 		10
v -61.568 		30.925 		10
v 56.4 		48.925 		9
v 55.4 		48.925 		9
v 55.4 		47.925 		9
v 56.4 		47.925 		9
v 12.803 		45.175 		9
v 12.803 		45.175 		10
v 14.368 		42.425 		9
v 15.368 		42.425 		9
v 15.368 		42.425 		10
v 53.835 		47.925 		9
v 53.835 		48.925 		9
v 14.368 		42.425 		10
v 12.803 		42.425 		9
v 12.803 		42.425 		10
v -49.745 		28.175 		9
v -49.745 		27.175 		9
v 10.239 		43.425 		9
v 9.239 		43.425 		9
v 9.239 		42.425 		9
v 10.239 		42.425 		9
v -49.745 		27.175 		10
v 10.239 		42.425 		10
v 10.239 		43.425 		10
v 37.448 		39.675 		10
v 11.803 		43.425 		9
v -49.745 		28.175 		10
v 11.803 		42.425 		9
v 11.803 		43.425 		10
v 11.803 		42.425 		10
v -51.31 		28.175 		9
v -52.31 		28.175 		9
v -52.31 		27.175 		9
v -51.31 		27.175 		9
v 9.239 		42.425 		10
v 37.448 		40.675 		10
v 53.835 		46.175 		9
v 9.239 		43.425 		10
v 56.4 		46.175 		9
v 55.4 		46.175 		9
v 40.013 		37.925 		10
v 38.448 		37.925 		10
v 9.239 		45.175 		9
v -51.31 		27.175 		10
v -51.31 		28.175 		10
v -52.31 		27.175 		10
v 37.448 		37.925 		10
v -52.31 		28.175 		10
v 35.884 		40.675 		10
v 35.884 		39.675 		10
v 33.319 		40.675 		10
v 33.319 		39.675 		10
v 34.884 		39.675 		10
v 52.835 		48.925 		9
v 34.884 		40.675 		10
v 52.835 		47.925 		9
v -49.745 		25.425 		9
v -49.745 		25.425 		10
v -51.31 		25.425 		9
v -52.31 		25.425 		9
v 51.271 		48.925 		9
v 50.271 		48.925 		9
v 50.271 		47.925 		9
v 51.271 		47.925 		9
v 35.884 		37.925 		10
v -47.181 		18.925 		9
v -47.181 		18.925 		10
v -51.31 		25.425 		10
v -52.31 		25.425 		10
v -46.124 		12.925 		9
v -46.124 		12.925 		10
v -41.997 		12.925 		10
v -41.997 		12.925 		9
v -44.56 		12.925 		10
v -44.56 		12.925 		9
v -43.56 		12.925 		9
v 10.239 		45.175 		9
v -56.439 		27.175 		9
v -56.439 		28.175 		9
v 51.271 		46.175 		9
v 50.271 		46.175 		9
v 10.239 		45.175 		10
v -56.439 		28.175 		10
v 11.803 		45.175 		9
v -56.439 		27.175 		10
v 11.803 		45.175 		10
v 52.835 		46.175 		9
v 9.239 		45.175 		10
v 12.803 		39.675 		9
v 12.803 		40.675 		9
v -41.052 		37.925 		10
v 12.803 		39.675 		10
v 12.803 		40.675 		10
v 56.4 		43.425 		9
v -42.052 		37.925 		10
v 55.4 		43.425 		9
v -43.616 		37.925 		10
v 15.368 		40.675 		9
v 14.368 		40.675 		9
v 14.368 		39.675 		9
v 15.368 		39.675 		9
v -44.616 		37.925 		10
v 15.368 		39.675 		10
v 15.368 		40.675 		10
v 14.368 		40.675 		10
v 14.368 		39.675 		10
v 53.835 		43.425 		9
v -46.181 		40.675 		10
v -46.181 		39.675 		10
v -48.745 		40.675 		10
v -48.745 		39.675 		10
v -47.181 		39.675 		10
v -47.181 		40.675 		10
v 12.803 		37.925 		9
v 12.803 		37.925 		10
v 53.835 		45.175 		9
v 15.368 		37.925 		9
v 14.368 		37.925 		9
v -46.181 		37.925 		10
v 15.368 		37.925 		10
v 55.4 		45.175 		9
v 14.368 		37.925 		10
v 56.4 		45.175 		9
v -47.181 		37.925 		10
v -48.745 		37.925 		10
v 11.803 		40.675 		9
v 11.803 		39.675 		9
v -49.688 		57.925 		10
v 11.803 		39.675 		10
v -56.379 		57.925 		10
v 11.803 		40.675 		10
v -52.252 		57.925 		10
v 10.239 		40.675 		9
v -51.252 		57.925 		10
v 9.239 		40.675 		9
v 55.4 		42.425 		9
v 56.4 		42.425 		9
v -17.971 		30.925 		9
v -18.971 		30.925 		9
v -18.971 		29.925 		9
v -17.971 		29.925 		9
v -49.688 		56.925 		10
v -49.688 		55.925 		10
v 53.835 		42.425 		9
v -51.252 		56.925 		10
v -52.252 		55.925 		10
v -51.252 		55.925 		10
v -53.874 		28.175 		9
v -54.874 		28.175 		9
v -52.252 		56.925 		10
v -54.874 		27.175 		9
v -53.874 		27.175 		9
v 51.271 		43.425 		9
v 50.271 		43.425 		9
v 50.271 		42.425 		9
v 51.271 		42.425 		9
v -53.874 		27.175 		10
v -53.874 		28.175 		10
v -54.874 		28.175 		10
v -54.874 		27.175 		10
v 52.835 		43.425 		9
v 52.835 		42.425 		9
v -49.688 		54.925 		10
v -51.252 		54.925 		10
v -52.252 		54.925 		10
v 34.884 		37.925 		10
v 33.319 		37.925 		10
v -56.379 		56.925 		10
v -56.379 		55.925 		10
v 50.271 		45.175 		9
v 51.271 		45.175 		9
v 56.4 		36.925 		10
v -56.439 		25.425 		9
v 53.835 		36.925 		10
v 55.4 		36.925 		10
v 52.835 		45.175 		9
v -56.439 		25.425 		10
v -43.56 		12.925 		10
v 51.271 		36.925 		10
v 52.835 		36.925 		10
v 50.271 		36.925 		10
v -53.874 		25.425 		9
v -54.874 		25.425 		9
v -54.874 		25.425 		10
v 56.4 		40.675 		9
v 55.4 		40.675 		9
v 55.4 		39.675 		9
v 56.4 		39.675 		9
v 52.835 		30.925 		10
v 53.835 		30.925 		10
v -53.874 		25.425 		10
v 56.4 		30.925 		10
v 56.4 		29.925 		10
v 55.4 		29.925 		10
v 55.4 		30.925 		10
v 53.835 		29.925 		10
v -49.745 		24.425 		9
v -49.745 		24.425 		10
v 52.835 		29.925 		10
v 53.835 		39.675 		9
v 53.835 		40.675 		9
v -49.745 		22.675 		9
v -49.745 		21.675 		9
v 50.271 		29.925 		10
v 50.271 		30.925 		10
v -49.745 		22.675 		10
v 51.271 		30.925 		10
v -49.745 		21.675 		10
v 51.271 		29.925 		10
v 53.835 		37.925 		9
v -52.31 		21.675 		9
v -51.31 		21.675 		9
v -51.31 		22.675 		9
v -52.31 		22.675 		9
v 55.4 		28.175 		10
v 56.4 		28.175 		10
v 56.4 		37.925 		9
v 55.4 		37.925 		9
v -52.31 		22.675 		10
v -52.31 		21.675 		10
v 56.4 		27.175 		10
v -51.31 		22.675 		10
v 55.4 		27.175 		10
v 53.835 		27.175 		10
v -52.31 		24.425 		9
v -51.31 		24.425 		9
v 53.835 		28.175 		10
v -52.31 		24.425 		10
v -51.31 		24.425 		10
v 51.271 		40.675 		9
v 50.271 		40.675 		9
v 56.4 		25.425 		10
v 50.271 		39.675 		9
v 51.271 		39.675 		9
v -51.31 		21.675 		10
v 55.4 		25.425 		10
v 53.835 		25.425 		10
v 52.835 		40.675 		9
v 52.835 		39.675 		9
v 52.835 		27.175 		10
v -56.439 		24.425 		9
v 50.271 		27.175 		10
v 50.271 		28.175 		10
v 51.271 		28.175 		10
v 51.271 		27.175 		10
v -56.439 		24.425 		10
v 52.835 		28.175 		10
v -54.874 		24.425 		9
v -53.874 		24.425 		9
v -54.874 		24.425 		10
v 51.271 		25.425 		10
v 52.835 		25.425 		10
v -53.874 		24.425 		10
v 50.271 		25.425 		10
v 51.271 		37.925 		9
v 50.271 		37.925 		9
v 56.4 		24.425 		10
v 53.835 		24.425 		10
v 55.4 		24.425 		10
v -56.439 		21.675 		9
v -56.439 		22.675 		9
v 52.835 		37.925 		9
v -56.439 		22.675 		10
v 56.4 		22.675 		10
v 56.4 		21.675 		10
v 53.835 		22.675 		10
v 53.835 		21.675 		10
v 55.4 		21.675 		10
v 55.4 		22.675 		10
v -56.439 		21.675 		10
v -54.874 		21.675 		9
v -53.874 		21.675 		9
v -53.874 		22.675 		9
v -54.874 		22.675 		9
v -54.874 		22.675 		10
v -54.874 		21.675 		10
v 45.172 		57.925 		9
v 52.835 		21.675 		10
v 46.172 		57.925 		9
v -53.874 		22.675 		10
v 52.835 		22.675 		10
v 52.835 		24.425 		10
v 51.271 		22.675 		10
v 51.271 		21.675 		10
v 50.271 		21.675 		10
v 47.736 		57.925 		9
v 50.271 		22.675 		10
v 48.736 		57.925 		9
v 51.271 		24.425 		10
v -53.874 		21.675 		10
v 50.271 		24.425 		10
v 48.706 		36.925 		10
v -57.439 		28.175 		9
v -57.439 		27.175 		9
v 46.142 		36.925 		10
v 47.706 		36.925 		10
v -57.439 		28.175 		10
v 45.142 		36.925 		10
v -57.439 		27.175 		10
v 43.577 		36.925 		10
v -60.003 		28.175 		9
v 42.577 		36.925 		10
v -60.003 		27.175 		9
v -59.003 		27.175 		9
v -59.003 		28.175 		9
v 41.045 		57.925 		9
v 41.013 		36.925 		10
v -59.003 		28.175 		10
v -60.003 		28.175 		10
v -59.003 		27.175 		10
v 46.142 		29.925 		10
v 45.142 		29.925 		10
v -60.003 		27.175 		10
v 45.142 		30.925 		10
v 42.609 		57.925 		9
v 43.609 		57.925 		9
v 46.142 		30.925 		10
v -57.439 		25.425 		9
v 48.706 		30.925 		10
v 48.706 		29.925 		10
v -57.439 		25.425 		10
v 47.706 		29.925 		10
v 47.706 		30.925 		10
v -59.003 		25.425 		9
v -60.003 		25.425 		9
v 41.013 		30.925 		10
v 41.013 		29.925 		10
v 42.577 		29.925 		10
v 42.577 		30.925 		10
v -60.003 		25.425 		10
v 43.577 		30.925 		10
v 43.577 		29.925 		10
v -59.003 		25.425 		10
v 47.736 		55.925 		9
v 48.736 		55.925 		9
v -65.132 		27.175 		9
v -64.132 		27.175 		9
v -64.132 		28.175 		9
v -65.132 		28.175 		9
v 38.448 		36.925 		10
v 40.013 		36.925 		10
v -65.132 		28.175 		10
v -65.132 		27.175 		10
v 47.736 		56.925 		9
v 48.736 		56.925 		9
v 35.884 		36.925 		10
v 37.448 		36.925 		10
v -64.132 		28.175 		10
v 33.319 		36.925 		10
v 34.884 		36.925 		10
v -64.132 		27.175 		10
v -62.568 		28.175 		9
v -56.379 		54.925 		10
v -62.568 		27.175 		9
v -61.568 		27.175 		9
v -61.568 		28.175 		9
v -61.568 		28.175 		10
v -62.568 		28.175 		10
v -61.568 		27.175 		10
v -57.379 		57.925 		10
v -59.943 		57.925 		10
v -58.943 		57.925 		10
v 45.172 		56.925 		9
v -62.568 		27.175 		10
v -21.535 		29.925 		9
v -20.535 		29.925 		9
v -20.535 		30.925 		9
v -21.535 		30.925 		9
v 40.013 		29.925 		10
v -62.507 		57.925 		10
v -61.507 		57.925 		10
v 38.448 		30.925 		10
v 38.448 		29.925 		10
v -23.1 		30.925 		9
v -24.1 		30.925 		9
v 40.013 		30.925 		10
v -24.1 		29.925 		9
v -23.1 		29.925 		9
v 37.448 		29.925 		10
v -65.071 		57.925 		10
v -64.071 		57.925 		10
v 37.448 		30.925 		10
v 34.884 		30.925 		10
v 35.884 		30.925 		10
v -57.379 		56.925 		10
v -57.379 		55.925 		10
v 35.884 		29.925 		10
v -57.379 		54.925 		10
v -61.568 		25.425 		9
v -62.568 		25.425 		9
v -58.943 		56.925 		10
v -59.943 		55.925 		10
v -58.943 		55.925 		10
v -61.568 		25.425 		10
v -59.943 		56.925 		10
v -62.568 		25.425 		10
v -58.943 		54.925 		10
v -64.132 		25.425 		9
v -65.132 		25.425 		9
v -59.943 		54.925 		10
v -65.132 		25.425 		10
v -29.229 		36.925 		9
v -28.229 		36.925 		9
v 34.884 		29.925 		10
v -61.507 		56.925 		10
v -62.507 		56.925 		10
v -26.665 		36.925 		9
v -62.507 		55.925 		10
v -25.665 		36.925 		9
v -61.507 		55.925 		10
v 33.319 		29.925 		10
v 33.319 		30.925 		10
v 9.239 		39.675 		9
v 10.239 		39.675 		9
v 10.239 		39.675 		10
v 10.239 		40.675 		10
v -64.071 		56.925 		10
v -65.071 		56.925 		10
v -65.071 		55.925 		10
v -64.071 		55.925 		10
v 46.142 		27.175 		10
v 45.142 		27.175 		10
v 45.142 		28.175 		10
v 46.142 		28.175 		10
v -61.507 		54.925 		10
v 48.706 		28.175 		10
v 48.706 		27.175 		10
v -31.794 		36.925 		9
v -30.794 		36.925 		9
v -62.507 		54.925 		10
v 47.706 		27.175 		10
v -64.071 		54.925 		10
v 47.706 		28.175 		10
v -65.071 		54.925 		10
v 45.142 		25.425 		10
v -30.794 		30.925 		9
v -31.794 		30.925 		9
v -31.794 		29.925 		9
v -30.794 		29.925 		9
v 47.706 		25.425 		10
v 46.142 		25.425 		10
v -25.665 		30.925 		9
v -26.665 		30.925 		9
v -49.745 		47.925 		10
v -26.665 		29.925 		9
v -25.665 		29.925 		9
v -64.132 		25.425 		10
v -51.31 		48.925 		10
v -51.31 		47.925 		10
v -49.745 		48.925 		10
v 48.706 		25.425 		10
v -28.229 		30.925 		9
v -29.229 		30.925 		9
v -29.229 		29.925 		9
v -52.31 		47.925 		10
v -28.229 		29.925 		9
v -52.31 		48.925 		10
v 41.013 		25.425 		10
v 42.577 		25.425 		10
v 41.013 		28.175 		10
v 41.013 		27.175 		10
v 42.577 		27.175 		10
v 42.577 		28.175 		10
v 43.577 		28.175 		10
v 43.577 		25.425 		10
v 43.577 		27.175 		10
v 45.142 		24.425 		10
v 46.142 		24.425 		10
v 47.706 		24.425 		10
v 48.706 		24.425 		10
v -16.406 		28.175 		9
v -16.406 		27.175 		9
v 48.706 		22.675 		10
v 48.706 		21.675 		10
v 46.142 		22.675 		10
v 46.142 		21.675 		10
v 47.706 		21.675 		10
v 47.706 		22.675 		10
v -17.971 		28.175 		9
v -18.971 		28.175 		9
v -18.971 		27.175 		9
v -17.971 		27.175 		9
v 45.142 		21.675 		10
v -57.439 		24.425 		9
v -57.439 		24.425 		10
v -16.406 		25.425 		9
v -57.439 		22.675 		9
v -57.439 		21.675 		9
v -57.439 		22.675 		10
v -17.971 		25.425 		9
v -18.971 		25.425 		9
v -57.439 		21.675 		10
v -59.003 		22.675 		9
v -60.003 		22.675 		9
v -60.003 		21.675 		9
v -59.003 		21.675 		9
v -20.535 		28.175 		9
v -21.535 		28.175 		9
v -21.535 		27.175 		9
v -20.535 		27.175 		9
v -59.003 		21.675 		10
v -59.003 		22.675 		10
v -60.003 		21.675 		10
v -60.003 		22.675 		10
v -23.1 		28.175 		9
v -24.1 		28.175 		9
v -24.1 		27.175 		9
v -23.1 		27.175 		9
v -60.003 		24.425 		9
v -59.003 		24.425 		9
v -60.003 		24.425 		10
v -59.003 		24.425 		10
v -23.1 		25.425 		9
v -24.1 		25.425 		9
v -62.568 		24.425 		9
v -61.568 		24.425 		9
v -61.568 		24.425 		10
v -20.535 		25.425 		9
v -21.535 		25.425 		9
v -62.568 		24.425 		10
v -65.132 		24.425 		9
v -64.132 		24.425 		9
v -65.132 		24.425 		10
v 46.172 		56.925 		9
v -64.132 		24.425 		10
v -16.406 		24.425 		9
v -18.971 		24.425 		9
v -17.971 		24.425 		9
v -61.568 		22.675 		9
v -62.568 		22.675 		9
v 45.172 		55.925 		9
v -62.568 		21.675 		9
v -61.568 		21.675 		9
v 46.172 		55.925 		9
v -61.568 		21.675 		10
v -61.568 		22.675 		10
v -62.568 		21.675 		10
v -17.971 		21.675 		9
v -62.568 		22.675 		10
v -17.971 		22.675 		9
v -18.971 		22.675 		9
v -18.971 		21.675 		9
v -64.132 		22.675 		9
v -65.132 		22.675 		9
v -65.132 		21.675 		9
v -64.132 		21.675 		9
v -64.132 		21.675 		10
v -64.132 		22.675 		10
v 47.736 		54.925 		9
v 48.736 		54.925 		9
v -65.132 		21.675 		10
v -65.132 		22.675 		10
v -16.406 		22.675 		9
v -16.406 		21.675 		9
v 45.172 		54.925 		9
v 46.172 		54.925 		9
v -67.634 		57.925 		9
v -66.634 		57.925 		9
v -24.1 		24.425 		9
v -66.634 		57.925 		10
v -23.1 		24.425 		9
v -67.634 		57.925 		10
v -21.535 		24.425 		9
v -20.535 		24.425 		9
v 41.045 		56.925 		9
v 42.609 		56.925 		9
v 43.609 		56.925 		9
v -72.762 		57.925 		9
v -71.762 		57.925 		9
v -71.762 		57.925 		10
v -72.762 		57.925 		10
v -21.535 		22.675 		9
v -21.535 		21.675 		9
v -20.535 		21.675 		9
v -20.535 		22.675 		9
v -71.762 		61.425 		10
v -24.1 		21.675 		9
v -23.1 		21.675 		9
v -23.1 		22.675 		9
v -24.1 		22.675 		9
v 45.142 		22.675 		10
v 41.013 		24.425 		10
v 42.577 		24.425 		10
v -28.229 		27.175 		9
v -28.229 		28.175 		9
v 43.577 		24.425 		10
v 43.577 		22.675 		10
v 43.577 		21.675 		10
v -25.665 		28.175 		9
v -26.665 		28.175 		9
v -26.665 		27.175 		9
v -25.665 		27.175 		9
v 42.577 		21.675 		10
v 41.013 		22.675 		10
v 41.013 		21.675 		10
v -40.997 		12.925 		9
v -40.997 		12.925 		10
v 42.577 		22.675 		10
v -25.665 		25.425 		9
v -26.665 		25.425 		9
v 9.239 		39.675 		10
v 9.239 		40.675 		10
v -67.634 		56.925 		9
v -66.634 		56.925 		9
v -66.634 		56.925 		10
v -67.634 		56.925 		10
v 11.803 		37.925 		9
v -67.634 		55.925 		9
v -67.634 		54.925 		9
v -66.634 		54.925 		9
v 11.803 		37.925 		10
v -66.634 		55.925 		9
v 40.013 		27.175 		10
v 40.013 		28.175 		10
v 38.448 		28.175 		10
v 38.448 		27.175 		10
v -66.634 		55.925 		10
v -67.634 		55.925 		10
v 10.239 		37.925 		9
v 9.239 		37.925 		9
v -66.634 		54.925 		10
v -67.634 		54.925 		10
v 10.239 		37.925 		10
v 9.239 		37.925 		10
v -72.762 		55.925 		9
v -72.762 		54.925 		9
v -71.762 		54.925 		9
v 7.674 		43.425 		9
v -71.762 		55.925 		9
v 37.448 		27.175 		10
v 6.674 		43.425 		9
v -71.762 		55.925 		10
v -72.762 		55.925 		10
v 37.448 		28.175 		10
v 37.448 		25.425 		10
v -72.762 		56.925 		9
v -71.762 		56.925 		9
v 40.013 		25.425 		10
v -72.762 		56.925 		10
v 38.448 		25.425 		10
v -71.762 		56.925 		10
v 42.609 		55.925 		9
v 43.609 		55.925 		9
v -71.762 		54.925 		10
v 35.884 		27.175 		10
v 34.884 		27.175 		10
v -28.229 		25.425 		9
v 33.319 		28.175 		10
v 33.319 		27.175 		10
v 34.884 		28.175 		10
v 41.045 		55.925 		9
v -30.794 		27.175 		9
v -30.794 		28.175 		9
v -31.794 		28.175 		9
v -31.794 		27.175 		9
v 35.884 		28.175 		10
v 33.319 		25.425 		10
v 34.884 		25.425 		10
v -29.229 		28.175 		9
v -29.229 		27.175 		9
v 35.884 		25.425 		10
v 37.448 		24.425 		10
v -31.794 		25.425 		9
v -30.794 		25.425 		9
v 38.448 		24.425 		10
v 40.013 		24.425 		10
v -29.229 		25.425 		9
v 38.448 		21.675 		10
v 37.448 		21.675 		10
v 37.448 		22.675 		10
v 38.448 		22.675 		10
v -26.665 		24.425 		9
v -25.665 		24.425 		9
v 40.013 		21.675 		10
v 40.013 		22.675 		10
v -28.229 		24.425 		9
v 35.884 		24.425 		10
v 34.884 		24.425 		10
v 33.319 		24.425 		10
v -26.665 		21.675 		9
v -25.665 		21.675 		9
v -25.665 		22.675 		9
v -26.665 		22.675 		9
v -28.229 		21.675 		9
v -28.229 		22.675 		9
v 35.884 		22.675 		10
v 42.609 		54.925 		9
v 43.609 		54.925 		9
v -30.794 		21.675 		9
v -30.794 		22.675 		9
v -31.794 		22.675 		9
v -31.794 		21.675 		9
v 41.045 		54.925 		9
v -31.794 		24.425 		9
v -30.794 		24.425 		9
v 45.9 		61.425 		7
v 41.7 		61.425 		7
v -29.229 		22.675 		9
v -29.229 		21.675 		9
v 40.045 		57.925 		9
v -29.229 		24.425 		9
v -36.869 		57.925 		9
v -35.869 		57.925 		9
v 33.353 		57.925 		9
v -34.305 		57.925 		9
v -33.305 		57.925 		9
v 34.917 		57.925 		9
v 35.917 		57.925 		9
v -35.869 		55.925 		9
v 40.045 		56.925 		9
v -72.762 		54.925 		10
v 40.045 		55.925 		9
v 40.045 		54.925 		9
v -77.89 		57.925 		9
v -76.89 		57.925 		9
v -76.89 		57.925 		10
v -77.89 		57.925 		10
v -47.124 		12.925 		10
v 35.884 		21.675 		10
v -47.124 		12.925 		9
v -48.688 		12.925 		9
v 33.319 		22.675 		10
v 33.319 		21.675 		10
v -48.688 		12.925 		10
v 34.884 		21.675 		10
v 34.884 		22.675 		10
v -41.997 		10.925 		10
v -41.997 		10.925 		9
v -40.997 		10.925 		10
v -40.997 		10.925 		9
v -75.326 		57.925 		9
v -74.326 		57.925 		9
v -40.997 		11.925 		9
v -41.997 		11.925 		9
v -41.997 		11.925 		10
v -40.997 		11.925 		10
v -74.326 		57.925 		10
v -75.326 		57.925 		10
v -43.56 		10.925 		9
v -43.56 		10.925 		10
v -44.56 		10.925 		10
v -44.56 		10.925 		9
v -80.453 		57.925 		9
v -79.453 		57.925 		9
v -43.56 		11.925 		9
v -79.453 		57.925 		10
v -44.56 		11.925 		9
v -44.56 		11.925 		10
v -43.56 		11.925 		10
v -43.56 		9.925 		9
v -43.56 		9.925 		10
v 29.79 		57.925 		10
v 30.79 		57.925 		10
v -41.997 		9.925 		10
v -41.997 		9.925 		9
v 32.353 		57.925 		10
v 33.353 		56.925 		9
v 27.226 		57.925 		10
v 28.226 		57.925 		10
v 34.917 		56.925 		9
v 35.917 		56.925 		9
v 24.662 		57.925 		10
v 25.662 		57.925 		10
v 32.353 		56.925 		10
v 30.79 		56.925 		10
v 29.79 		55.925 		10
v 30.79 		55.925 		10
v 29.79 		56.925 		10
v 32.353 		55.925 		10
v 33.353 		55.925 		9
v 32.353 		54.925 		10
v 34.917 		55.925 		9
v 30.79 		54.925 		10
v 35.917 		55.925 		9
v 29.79 		54.925 		10
v 28.226 		56.925 		10
v 27.226 		55.925 		10
v 28.226 		55.925 		10
v 27.226 		56.925 		10
v 33.353 		54.925 		9
v 25.662 		56.925 		10
v 34.917 		54.925 		9
v 35.917 		54.925 		9
v 24.662 		55.925 		10
v 25.662 		55.925 		10
v 24.662 		56.925 		10
v 28.226 		54.925 		10
v 27.226 		54.925 		10
v 25.662 		54.925 		10
v 24.662 		54.925 		10
v 48.706 		48.925 		9
v 47.706 		48.925 		9
v 47.706 		47.925 		9
v 48.706 		47.925 		9
v 16.971 		57.925 		10
v 17.971 		57.925 		10
v 19.534 		57.925 		10
v 20.534 		57.925 		10
v 46.142 		48.925 		9
v 45.142 		48.925 		9
v 45.142 		47.925 		9
v 46.142 		47.925 		9
v 20.534 		56.925 		10
v -40.997 		9.925 		9
v -40.997 		9.925 		10
v 20.534 		55.925 		10
v -44.56 		9.925 		10
v -44.56 		9.925 		9
v 20.534 		54.925 		10
v 17.971 		56.925 		10
v 19.534 		56.925 		10
v -46.124 		11.925 		10
v -46.124 		11.925 		9
v -80.453 		57.925 		10
v 19.534 		55.925 		10
v 16.971 		55.925 		10
v 17.971 		55.925 		10
v 16.971 		56.925 		10
v -76.89 		56.925 		9
v 19.534 		54.925 		10
v -76.89 		56.925 		10
v 17.971 		54.925 		10
v -75.326 		56.925 		9
v -74.326 		56.925 		9
v 16.971 		54.925 		10
v -74.326 		56.925 		10
v -75.326 		56.925 		10
v -75.326 		55.925 		9
v -35.869 		56.925 		9
v -74.326 		55.925 		9
v 32.319 		47.925 		10
v 30.755 		47.925 		10
v -74.326 		55.925 		10
v -75.326 		55.925 		10
v -76.89 		55.925 		9
v -76.89 		55.925 		10
v -75.326 		54.925 		9
v -74.326 		54.925 		9
v -74.326 		54.925 		10
v -75.326 		54.925 		10
v -76.89 		54.925 		9
v -76.89 		54.925 		10
v -77.89 		56.925 		9
v -77.89 		56.925 		10
v -77.89 		55.925 		9
v -77.89 		54.925 		9
v -77.89 		55.925 		10
v -77.89 		54.925 		10
v -80.453 		55.925 		9
v -80.453 		54.925 		9
v -79.453 		54.925 		9
v -79.453 		55.925 		9
v -79.453 		55.925 		10
v -80.453 		55.925 		10
v -80.453 		56.925 		9
v -79.453 		56.925 		9
v -80.453 		56.925 		10
v -79.453 		56.925 		10
v -79.453 		54.925 		10
v -80.453 		54.925 		10
v -69.261 		47.925 		9
v -69.261 		48.925 		9
v -69.261 		47.925 		10
v -69.261 		48.925 		10
v -66.697 		48.925 		9
v -67.697 		48.925 		9
v -67.697 		47.925 		9
v -66.697 		47.925 		9
v -66.697 		47.925 		10
v -66.697 		48.925 		10
v -67.697 		48.925 		10
v -67.697 		47.925 		10
v -66.697 		46.175 		9
v -67.697 		46.175 		9
v -34.305 		55.925 		9
v -33.305 		55.925 		9
v -34.305 		56.925 		9
v -33.305 		56.925 		9
v -35.869 		54.925 		9
v -34.305 		54.925 		9
v -33.305 		54.925 		9
v -36.869 		55.925 		9
v -36.869 		54.925 		9
v -36.869 		56.925 		9
v -47.124 		11.925 		9
v -47.124 		11.925 		10
v -46.124 		10.925 		9
v -46.124 		10.925 		10
v -47.124 		57.925 		9
v -46.124 		57.925 		9
v -47.124 		10.925 		10
v -47.124 		10.925 		9
v -44.56 		57.925 		9
v -43.56 		57.925 		9
v -48.688 		10.925 		9
v -48.688 		10.925 		10
v -48.688 		11.925 		10
v -48.688 		11.925 		9
v -41.997 		57.925 		9
v -40.997 		57.925 		9
v -46.124 		9.925 		9
v -46.124 		9.925 		10
v -47.124 		9.925 		9
v -47.124 		9.925 		10
v -66.697 		46.175 		10
v -48.688 		9.925 		9
v -48.688 		9.925 		10
v -67.697 		46.175 		10
v -49.745 		18.925 		10
v -49.745 		18.925 		9
v -49.745 		19.925 		10
v -49.745 		19.925 		9
v -51.31 		19.925 		9
v -51.31 		18.925 		9
v -51.31 		18.925 		10
v -51.31 		19.925 		10
v -52.31 		18.925 		9
v -52.31 		18.925 		10
v -52.31 		19.925 		10
v -52.31 		19.925 		9
v -56.439 		19.925 		10
v -56.439 		19.925 		9
v -56.439 		18.925 		10
v -56.439 		18.925 		9
v -54.874 		19.925 		10
v -54.874 		18.925 		10
v -54.874 		18.925 		9
v -54.874 		19.925 		9
v -53.874 		19.925 		10
v -53.874 		19.925 		9
v -53.874 		18.925 		10
v -53.874 		18.925 		9
v -51.252 		12.925 		10
v -52.252 		12.925 		10
v -52.252 		12.925 		9
v -51.252 		12.925 		9
v -49.688 		12.925 		10
v -49.688 		12.925 		9
v -56.379 		12.925 		10
v -56.379 		12.925 		9
v -51.252 		11.925 		10
v -51.252 		11.925 		9
v -49.688 		11.925 		10
v -49.688 		11.925 		9
v -52.252 		11.925 		10
v -52.252 		11.925 		9
v 46.142 		46.175 		9
v 45.142 		46.175 		9
v 48.706 		46.175 		9
v 47.706 		46.175 		9
v 43.577 		46.175 		9
v 42.577 		46.175 		9
v 41.013 		46.175 		9
v 41.013 		47.925 		9
v 41.013 		48.925 		9
v 43.577 		48.925 		9
v 42.577 		48.925 		9
v 42.577 		47.925 		9
v 43.577 		47.925 		9
v -69.261 		46.175 		9
v -69.261 		46.175 		10
v -70.261 		48.925 		9
v -70.261 		47.925 		9
v -70.261 		47.925 		10
v -70.261 		48.925 		10
v -49.688 		10.925 		10
v -49.688 		10.925 		9
v -71.826 		48.925 		9
v -72.826 		48.925 		9
v -72.826 		47.925 		9
v -71.826 		47.925 		9
v -71.826 		47.925 		10
v -71.826 		48.925 		10
v -72.826 		47.925 		10
v -72.826 		48.925 		10
v -51.252 		10.925 		9
v -51.252 		10.925 		10
v -71.826 		46.175 		9
v -72.826 		46.175 		9
v -52.252 		10.925 		10
v -52.252 		10.925 		9
v -49.688 		9.925 		10
v -49.688 		9.925 		9
v -52.252 		9.925 		10
v -52.252 		9.925 		9
v -51.252 		9.925 		9
v -51.252 		9.925 		10
v -56.379 		11.925 		10
v -56.379 		11.925 		9
v -56.379 		9.925 		9
v -56.379 		9.925 		10
v -56.379 		10.925 		10
v -56.379 		10.925 		9
v -59.003 		19.925 		9
v -59.003 		18.925 		9
v -59.003 		18.925 		10
v -59.003 		19.925 		10
v -57.439 		19.925 		10
v -57.439 		18.925 		10
v -57.439 		18.925 		9
v -57.439 		19.925 		9
v -60.003 		18.925 		10
v -60.003 		18.925 		9
v -60.003 		19.925 		10
v -60.003 		19.925 		9
v -61.568 		18.925 		9
v -62.568 		18.925 		9
v -62.568 		18.925 		10
v -61.568 		18.925 		10
v -62.568 		19.925 		10
v -62.568 		19.925 		9
v -65.132 		19.925 		10
v -65.132 		18.925 		10
v -65.132 		18.925 		9
v -65.132 		19.925 		9
v -64.132 		19.925 		9
v -64.132 		18.925 		9
v -64.132 		18.925 		10
v -64.132 		19.925 		10
v -61.568 		19.925 		10
v -61.568 		19.925 		9
v -64.071 		12.925 		9
v -64.071 		12.925 		10
v -61.507 		12.925 		9
v -61.507 		12.925 		10
v -59.943 		12.925 		10
v -71.826 		46.175 		10
v -59.943 		12.925 		9
v -58.943 		12.925 		9
v -70.261 		46.175 		9
v -58.943 		12.925 		10
v -70.261 		46.175 		10
v -57.379 		12.925 		10
v -57.379 		12.925 		9
v -72.826 		46.175 		10
v -62.507 		12.925 		10
v -62.507 		12.925 		9
v -65.071 		12.925 		10
v -65.071 		12.925 		9
v -76.955 		47.925 		9
v -76.955 		48.925 		9
v -76.955 		47.925 		10
v -76.955 		48.925 		10
v -74.39 		48.925 		9
v -75.39 		48.925 		9
v -75.39 		47.925 		9
v -74.39 		47.925 		9
v -74.39 		47.925 		10
v -74.39 		48.925 		10
v -58.943 		9.925 		9
v -59.943 		9.925 		9
v -59.943 		9.925 		10
v -75.39 		48.925 		10
v -58.943 		9.925 		10
v -75.39 		47.925 		10
v -59.943 		10.925 		9
v -74.39 		46.175 		9
v -75.39 		46.175 		9
v -74.39 		46.175 		10
v -75.39 		46.175 		10
v -76.955 		46.175 		9
v -76.955 		46.175 		10
v -79.519 		48.925 		9
v -80.519 		48.925 		9
v -80.519 		47.925 		9
v -79.519 		47.925 		9
v -79.519 		47.925 		10
v -79.519 		48.925 		10
v -77.955 		48.925 		9
v -77.955 		47.925 		9
v -77.955 		48.925 		10
v -77.955 		47.925 		10
v -80.519 		47.925 		10
v -80.519 		48.925 		10
v -77.955 		46.175 		9
v -77.955 		46.175 		10
v -79.519 		46.175 		9
v -80.519 		46.175 		9
v -79.519 		46.175 		10
v -80.519 		46.175 		10
v -59.943 		10.925 		10
v -58.943 		10.925 		10
v -58.943 		10.925 		9
v -48.688 		57.925 		9
v -58.943 		11.925 		9
v -59.943 		11.925 		9
v -59.943 		11.925 		10
v -58.943 		11.925 		10
v -41.997 		55.925 		9
v -40.997 		55.925 		9
v -57.379 		11.925 		10
v -57.379 		11.925 		9
v 40.013 		48.925 		9
v 40.013 		47.925 		9
v -41.997 		56.925 		9
v -40.997 		56.925 		9
v 38.448 		48.925 		9
v 37.448 		48.925 		9
v 37.448 		47.925 		9
v 38.448 		47.925 		9
v -44.56 		56.925 		9
v -43.56 		56.925 		9
v -44.56 		55.925 		9
v -43.56 		55.925 		9
v 40.013 		46.175 		9
v 38.448 		46.175 		9
v 37.448 		46.175 		9
v -41.997 		54.925 		9
v -40.997 		54.925 		9
v -44.56 		54.925 		9
v -43.56 		54.925 		9
v 35.884 		48.925 		9
v 34.884 		48.925 		9
v 34.884 		47.925 		9
v 35.884 		47.925 		9
v -47.124 		56.925 		9
v -46.124 		56.925 		9
v 33.319 		47.925 		9
v 33.319 		48.925 		9
v -47.124 		55.925 		9
v -46.124 		55.925 		9
v -57.379 		9.925 		10
v -57.379 		9.925 		9
v -57.379 		10.925 		9
v -57.379 		10.925 		10
v -61.507 		11.925 		10
v -48.688 		56.925 		9
v -61.507 		11.925 		9
v -62.507 		11.925 		9
v -62.507 		11.925 		10
v -61.507 		10.925 		10
v -62.507 		10.925 		10
v -62.507 		10.925 		9
v -61.507 		10.925 		9
v -48.688 		55.925 		9
v -48.688 		54.925 		9
v -47.124 		54.925 		9
v -46.124 		54.925 		9
v 35.884 		46.175 		9
v 34.884 		46.175 		9
v -35.923 		47.925 		9
v -35.923 		48.925 		9
v 33.319 		46.175 		9
v -33.358 		48.925 		9
v -34.358 		48.925 		9
v -34.358 		47.925 		9
v -33.358 		47.925 		9
v -64.071 		11.925 		10
v -64.071 		11.925 		9
v -65.071 		11.925 		9
v -65.071 		11.925 		10
v -64.071 		10.925 		10
v -65.071 		10.925 		10
v -65.071 		10.925 		9
v -64.071 		10.925 		9
v -33.358 		46.175 		9
v -34.358 		46.175 		9
v 48.706 		43.425 		9
v 47.706 		43.425 		9
v -35.923 		46.175 		9
v 47.706 		45.175 		9
v 48.706 		45.175 		9
v -36.923 		48.925 		9
v -36.923 		47.925 		9
v -38.487 		48.925 		9
v -39.487 		48.925 		9
v -39.487 		47.925 		9
v -38.487 		47.925 		9
v 45.142 		45.175 		9
v 46.142 		45.175 		9
v 7.674 		43.425 		10
v 6.674 		43.425 		10
v 7.674 		45.175 		10
v 45.142 		43.425 		9
v -67.697 		45.175 		9
v 6.674 		45.175 		10
v -66.697 		45.175 		9
v -66.697 		45.175 		10
v -67.697 		45.175 		10
v 46.142 		43.425 		9
v 5.11 		43.425 		10
v -67.697 		43.425 		9
v -66.697 		43.425 		9
v 4.11 		43.425 		10
v -66.697 		43.425 		10
v 5.11 		45.175 		10
v -67.697 		43.425 		10
v 4.11 		45.175 		10
v 47.706 		42.425 		9
v 48.706 		42.425 		9
v -69.261 		43.425 		9
v 7.674 		42.425 		10
v -69.261 		43.425 		10
v -61.507 		9.925 		9
v 6.674 		42.425 		10
v 5.11 		42.425 		10
v -69.261 		45.175 		9
v 4.11 		42.425 		10
v -69.261 		45.175 		10
v 45.142 		42.425 		9
v 46.142 		42.425 		9
v -69.261 		42.425 		9
v 2.545 		45.175 		10
v -69.261 		42.425 		10
v 2.545 		43.425 		10
v 2.545 		42.425 		10
v -67.697 		42.425 		9
v -66.697 		42.425 		9
v 1.545 		42.425 		10
v -66.697 		42.425 		10
v -62.507 		9.925 		9
v -62.507 		9.925 		10
v -61.507 		9.925 		10
v 1.545 		45.175 		10
v 1.545 		43.425 		10
v -67.697 		42.425 		10
v -65.071 		9.925 		10
v -65.071 		9.925 		9
v -64.071 		9.925 		9
v -64.071 		9.925 		10
v -71.826 		43.425 		9
v -72.826 		43.425 		9
v -72.826 		42.425 		9
v -71.826 		42.425 		9
v 7.674 		40.675 		10
v 7.674 		39.675 		10
v -71.826 		42.425 		10
v -71.826 		43.425 		10
v 6.674 		39.675 		10
v -70.261 		43.425 		9
v -70.261 		42.425 		9
v 5.11 		40.675 		10
v -72.826 		19.925 		10
v 5.11 		39.675 		10
v -72.826 		18.925 		10
v -72.826 		18.925 		9
v -70.261 		43.425 		10
v 6.674 		40.675 		10
v -70.261 		42.425 		10
v -72.826 		42.425 		10
v 4.11 		39.675 		10
v -72.826 		19.925 		9
v 42.577 		45.175 		9
v 43.577 		45.175 		9
v 4.11 		40.675 		10
v -72.826 		43.425 		10
v -71.826 		19.925 		10
v -71.826 		19.925 		9
v -71.826 		18.925 		10
v -71.826 		18.925 		9
v -66.697 		19.925 		9
v -66.697 		18.925 		9
v -66.697 		18.925 		10
v -66.697 		19.925 		10
v -67.697 		19.925 		10
v -67.697 		18.925 		10
v -67.697 		18.925 		9
v 7.674 		37.925 		10
v -67.697 		19.925 		9
v -70.261 		19.925 		10
v -70.261 		18.925 		10
v -70.261 		18.925 		9
v -70.261 		19.925 		9
v 6.674 		37.925 		10
v 5.11 		37.925 		10
v -69.261 		19.925 		9
v -69.261 		18.925 		9
v -69.261 		18.925 		10
v -69.261 		19.925 		10
v 4.11 		37.925 		10
v 2.545 		37.925 		10
v 1.545 		37.925 		10
v -72.762 		12.925 		10
v 2.545 		40.675 		10
v 2.545 		39.675 		10
v -72.762 		12.925 		9
v -71.762 		12.925 		10
v -71.762 		12.925 		9
v 1.545 		39.675 		10
v -67.634 		12.925 		10
v 1.545 		40.675 		10
v -67.634 		12.925 		9
v -66.634 		12.925 		10
v -66.634 		12.925 		9
v -66.634 		9.925 		9
v -67.634 		9.925 		9
v -67.634 		9.925 		10
v -66.634 		9.925 		10
v 32.319 		36.925 		10
v -67.634 		10.925 		9
v -67.634 		10.925 		10
v -66.634 		10.925 		10
v -66.634 		10.925 		9
v 30.755 		36.925 		10
v -67.634 		11.925 		10
v -67.634 		11.925 		9
v 29.755 		36.925 		10
v -66.634 		11.925 		9
v -66.634 		11.925 		10
v 28.19 		36.925 		10
v 25.626 		36.925 		10
v 27.19 		36.925 		10
v -71.762 		10.925 		9
v -71.762 		9.925 		9
v -71.762 		9.925 		10
v -71.762 		10.925 		10
v 24.626 		36.925 		10
v -72.762 		9.925 		9
v -72.762 		9.925 		10
v -72.762 		10.925 		9
v -72.762 		10.925 		10
v 32.319 		29.925 		10
v 32.319 		30.925 		10
v 30.755 		30.925 		10
v 30.755 		29.925 		10
v -71.762 		11.925 		9
v -72.762 		11.925 		9
v -72.762 		11.925 		10
v -71.762 		11.925 		10
v 29.755 		29.925 		10
v 42.577 		43.425 		9
v 43.577 		43.425 		9
v 29.755 		30.925 		10
v 28.19 		30.925 		10
v 28.19 		29.925 		10
v 27.19 		29.925 		10
v 25.626 		30.925 		10
v 25.626 		29.925 		10
v 27.19 		30.925 		10
v 41.013 		43.425 		9
v 24.626 		29.925 		10
v 24.626 		30.925 		10
v -79.519 		19.925 		9
v -79.519 		18.925 		9
v -79.519 		18.925 		10
v -79.519 		19.925 		10
v -76.955 		19.925 		9
v -76.955 		18.925 		9
v -76.955 		18.925 		10
v -76.955 		19.925 		10
v 23.061 		36.925 		10
v 20.497 		36.925 		10
v 22.061 		36.925 		10
v 41.013 		45.175 		9
v 19.497 		36.925 		10
v 17.932 		36.925 		10
v 16.932 		36.925 		10
v 42.577 		42.425 		9
v 43.577 		42.425 		9
v 17.932 		29.925 		10
v 16.932 		29.925 		10
v 16.932 		30.925 		10
v 41.013 		42.425 		9
v 17.932 		30.925 		10
v 22.061 		30.925 		10
v 23.061 		30.925 		10
v 23.061 		29.925 		10
v 48.706 		40.675 		9
v 47.706 		40.675 		9
v 47.706 		39.675 		9
v 48.706 		39.675 		9
v 22.061 		29.925 		10
v 20.497 		29.925 		10
v 19.497 		29.925 		10
v 19.497 		30.925 		10
v 46.142 		40.675 		9
v 45.142 		40.675 		9
v 45.142 		39.675 		9
v 46.142 		39.675 		9
v 20.497 		30.925 		10
v 29.755 		27.175 		10
v 29.755 		28.175 		10
v 30.755 		28.175 		10
v 32.319 		27.175 		10
v 32.319 		28.175 		10
v 30.755 		27.175 		10
v 46.142 		37.925 		9
v 45.142 		37.925 		9
v 48.706 		37.925 		9
v 47.706 		37.925 		9
v 32.319 		25.425 		10
v 30.755 		25.425 		10
v -72.826 		45.175 		9
v -71.826 		45.175 		9
v 29.755 		25.425 		10
v -71.826 		45.175 		10
v 24.626 		28.175 		10
v 25.626 		28.175 		10
v 27.19 		27.175 		10
v 27.19 		28.175 		10
v 25.626 		27.175 		10
v 28.19 		28.175 		10
v 41.013 		39.675 		9
v 41.013 		40.675 		9
v 28.19 		27.175 		10
v 43.577 		40.675 		9
v 42.577 		40.675 		9
v 42.577 		39.675 		9
v 43.577 		39.675 		9
v 24.626 		27.175 		10
v -74.39 		19.925 		9
v -74.39 		18.925 		9
v -74.39 		18.925 		10
v -74.39 		19.925 		10
v -75.39 		19.925 		10
v -75.39 		18.925 		10
v -75.39 		18.925 		9
v -75.39 		19.925 		9
v -77.955 		19.925 		10
v -77.955 		18.925 		10
v 27.19 		25.425 		10
v -77.955 		18.925 		9
v 28.19 		25.425 		10
v -77.955 		19.925 		9
v -80.519 		18.925 		10
v -80.519 		18.925 		9
v 25.626 		25.425 		10
v 24.626 		25.425 		10
v -80.519 		19.925 		10
v -80.519 		19.925 		9
v 32.319 		21.675 		10
v 29.755 		21.675 		10
v 29.755 		22.675 		10
v -75.326 		12.925 		10
v -75.326 		12.925 		9
v 30.755 		22.675 		10
v 30.755 		21.675 		10
v 32.319 		22.675 		10
v -80.453 		12.925 		10
v -80.453 		12.925 		9
v -79.453 		12.925 		9
v -79.453 		12.925 		10
v 32.319 		24.425 		10
v -76.89 		12.925 		9
v -76.89 		12.925 		10
v -77.89 		12.925 		10
v 30.755 		24.425 		10
v -77.89 		12.925 		9
v -74.326 		12.925 		10
v -74.326 		12.925 		9
v 29.755 		24.425 		10
v 28.19 		24.425 		10
v -76.89 		10.925 		10
v 27.19 		24.425 		10
v -76.89 		10.925 		9
v -76.89 		11.925 		9
v 25.626 		24.425 		10
v -76.89 		11.925 		10
v 24.626 		24.425 		10
v -74.326 		11.925 		9
v 28.19 		22.675 		10
v -75.326 		11.925 		9
v 28.19 		21.675 		10
v -75.326 		11.925 		10
v -74.326 		11.925 		10
v -74.326 		10.925 		10
v -75.326 		10.925 		10
v -75.326 		10.925 		9
v -74.326 		10.925 		9
v 27.19 		21.675 		10
v 25.626 		22.675 		10
v 25.626 		21.675 		10
v 27.19 		22.675 		10
v 24.626 		21.675 		10
v -70.261 		45.175 		10
v 24.626 		22.675 		10
v -72.826 		45.175 		10
v -76.89 		9.925 		9
v -76.89 		9.925 		10
v -66.697 		40.675 		10
v -66.697 		39.675 		10
v 20.497 		28.175 		10
v -74.326 		9.925 		9
v -67.697 		39.675 		10
v -75.326 		9.925 		9
v -67.697 		40.675 		10
v -75.326 		9.925 		10
v -69.261 		40.675 		10
v -74.326 		9.925 		10
v -69.261 		39.675 		10
v 22.061 		28.175 		10
v 23.061 		28.175 		10
v 23.061 		27.175 		10
v -77.89 		9.925 		9
v -77.89 		9.925 		10
v 20.497 		27.175 		10
v 22.061 		27.175 		10
v -77.89 		10.925 		9
v -66.697 		37.925 		10
v -77.89 		10.925 		10
v 20.497 		25.425 		10
v -80.453 		10.925 		10
v -67.697 		37.925 		10
v -69.261 		37.925 		10
v 22.061 		25.425 		10
v 23.061 		25.425 		10
v -71.826 		40.675 		10
v -71.826 		39.675 		10
v -70.261 		39.675 		10
v -70.261 		40.675 		10
v -72.826 		39.675 		10
v 43.577 		37.925 		9
v 42.577 		37.925 		9
v -72.826 		40.675 		10
v 16.932 		27.175 		10
v 16.932 		28.175 		10
v 17.932 		28.175 		10
v 17.932 		27.175 		10
v 19.497 		27.175 		10
v 19.497 		28.175 		10
v -70.261 		37.925 		10
v -71.826 		37.925 		10
v -72.826 		37.925 		10
v 41.013 		37.925 		9
v -80.453 		9.925 		10
v -80.453 		9.925 		9
v -80.453 		10.925 		9
v -79.453 		10.925 		9
v -79.453 		9.925 		9
v -74.39 		43.425 		10
v -79.453 		9.925 		10
v -79.453 		10.925 		10
v 19.497 		25.425 		10
v -75.39 		43.425 		10
v -76.955 		43.425 		10
v 17.932 		25.425 		10
v -74.39 		45.175 		10
v 16.932 		25.425 		10
v -75.39 		45.175 		10
v -76.955 		45.175 		10
v 23.061 		24.425 		10
v 20.497 		24.425 		10
v 22.061 		24.425 		10
v -74.39 		42.425 		10
v -75.39 		42.425 		10
v 40.013 		43.425 		9
v -76.955 		42.425 		10
v 23.061 		21.675 		10
v 22.061 		21.675 		10
v 20.497 		22.675 		10
v 20.497 		21.675 		10
v 22.061 		22.675 		10
v -77.955 		42.425 		10
v -80.453 		11.925 		10
v -77.955 		45.175 		10
v -80.453 		11.925 		9
v -77.955 		43.425 		10
v 38.448 		43.425 		9
v 37.448 		43.425 		9
v -79.519 		43.425 		10
v 23.061 		22.675 		10
v -79.519 		42.425 		10
v -76.955 		24.425 		9
v -70.261 		45.175 		9
v 19.497 		24.425 		10
v 17.932 		24.425 		10
v 16.932 		24.425 		10
v -74.39 		22.675 		9
v -75.39 		22.675 		9
v -75.39 		21.675 		9
v -74.39 		21.675 		9
v -69.261 		39.675 		9
v -69.261 		40.675 		9
v -79.453 		11.925 		10
v -79.453 		11.925 		9
v 17.932 		21.675 		10
v 16.932 		21.675 		10
v -77.89 		11.925 		10
v -77.89 		11.925 		9
v -66.697 		40.675 		9
v -67.697 		40.675 		9
v -67.697 		39.675 		9
v -66.697 		39.675 		9
v 16.932 		22.675 		10
v 40.013 		45.175 		9
v -76.955 		21.675 		9
v -76.955 		22.675 		9
v 17.932 		22.675 		10
v -82.084 		18.925 		9
v -83.084 		18.925 		9
v -83.084 		18.925 		10
v -82.084 		18.925 		10
v 19.497 		22.675 		10
v -83.084 		19.925 		10
v -83.084 		19.925 		9
v 19.497 		21.675 		10
v -84.648 		18.925 		9
v -85.648 		18.925 		9
v -85.648 		18.925 		10
v -84.648 		18.925 		10
v -66.697 		37.925 		9
v -67.697 		37.925 		9
v -85.648 		19.925 		10
v -79.519 		22.675 		9
v -85.648 		19.925 		9
v -80.519 		22.675 		9
v -80.519 		21.675 		9
v -79.519 		21.675 		9
v -84.648 		19.925 		9
v -84.648 		19.925 		10
v -82.084 		19.925 		10
v 6.674 		45.175 		9
v 7.674 		45.175 		9
v -77.955 		22.675 		9
v -77.955 		21.675 		9
v 15.368 		36.925 		10
v 12.803 		36.925 		10
v 14.368 		36.925 		10
v 37.448 		45.175 		9
v -82.084 		19.925 		9
v 11.803 		36.925 		10
v 5.11 		43.425 		9
v 4.11 		43.425 		9
v 10.239 		36.925 		10
v -87.213 		19.925 		10
v -88.213 		19.925 		10
v -88.213 		19.925 		9
v -87.213 		19.925 		9
v -80.519 		42.425 		10
v 9.239 		36.925 		10
v -87.213 		18.925 		10
v -87.213 		18.925 		9
v 38.448 		45.175 		9
v -80.519 		43.425 		10
v 15.368 		30.925 		10
v 15.368 		29.925 		10
v -69.261 		37.925 		9
v -79.519 		45.175 		10
v 11.803 		29.925 		10
v 11.803 		30.925 		10
v 10.239 		30.925 		10
v 10.239 		29.925 		10
v -80.519 		45.175 		10
v 14.368 		29.925 		10
v 14.368 		30.925 		10
v 12.803 		30.925 		10
v 12.803 		29.925 		10
v 40.013 		42.425 		9
v -36.923 		46.175 		9
v 9.239 		29.925 		10
v 9.239 		30.925 		10
v -74.39 		40.675 		10
v -38.487 		46.175 		9
v -74.39 		39.675 		10
v -39.487 		46.175 		9
v -88.213 		18.925 		9
v -88.213 		18.925 		10
v -89.777 		19.925 		10
v -89.777 		19.925 		9
v 7.674 		36.925 		10
v -89.777 		18.925 		10
v -89.777 		18.925 		9
v 5.11 		36.925 		10
v 6.674 		36.925 		10
v 4.11 		45.175 		9
v -43.616 		48.925 		9
v 5.11 		45.175 		9
v -44.616 		48.925 		9
v -44.616 		47.925 		9
v -43.616 		47.925 		9
v -89.709 		12.925 		10
v -89.709 		12.925 		9
v 2.545 		36.925 		10
v 4.11 		36.925 		10
v -41.052 		48.925 		9
v -42.052 		48.925 		9
v -42.052 		47.925 		9
v -41.052 		47.925 		9
v 1.545 		36.925 		10
v -83.017 		12.925 		10
v -83.017 		12.925 		9
v -88.145 		12.925 		10
v 4.11 		42.425 		9
v -88.145 		12.925 		9
v 5.11 		42.425 		9
v -87.145 		12.925 		9
v -87.145 		12.925 		10
v 7.674 		30.925 		10
v 7.674 		29.925 		10
v -82.017 		12.925 		10
v -82.017 		12.925 		9
v 6.674 		29.925 		10
v 6.674 		42.425 		9
v 7.674 		42.425 		9
v 5.11 		29.925 		10
v 4.11 		29.925 		10
v 2.545 		30.925 		10
v 2.545 		29.925 		10
v 37.448 		42.425 		9
v 38.448 		42.425 		9
v 4.11 		30.925 		10
v -71.826 		40.675 		9
v 1.545 		29.925 		10
v -72.826 		40.675 		9
v -72.826 		39.675 		9
v -71.826 		39.675 		9
v 1.545 		30.925 		10
v -70.261 		40.675 		9
v -70.261 		39.675 		9
v 5.11 		30.925 		10
v 34.884 		45.175 		9
v 35.884 		45.175 		9
v 6.674 		30.925 		10
v -80.519 		24.425 		9
v -79.519 		24.425 		9
v -41.052 		46.175 		9
v -42.052 		46.175 		9
v 34.884 		43.425 		9
v 35.884 		43.425 		9
v 15.368 		27.175 		10
v 14.368 		27.175 		10
v 12.803 		28.175 		10
v -43.616 		46.175 		9
v 12.803 		27.175 		10
v -44.616 		46.175 		9
v 14.368 		28.175 		10
v -77.955 		24.425 		9
v 15.368 		28.175 		10
v 33.319 		45.175 		9
v -46.181 		48.925 		9
v -47.181 		48.925 		9
v -47.181 		47.925 		9
v -46.181 		47.925 		9
v 14.368 		25.425 		10
v 12.803 		25.425 		10
v 1.545 		45.175 		9
v 15.368 		25.425 		10
v 2.545 		45.175 		9
v 33.319 		43.425 		9
v -48.745 		47.925 		9
v -48.745 		48.925 		9
v 11.803 		27.175 		10
v 1.545 		43.425 		9
v 1.545 		42.425 		9
v 2.545 		42.425 		9
v 2.545 		43.425 		9
v 10.239 		27.175 		10
v -83.017 		11.925 		10
v 9.239 		27.175 		10
v -83.017 		11.925 		9
v -82.017 		11.925 		10
v 9.239 		28.175 		10
v -82.017 		11.925 		9
v -48.745 		46.175 		9
v 11.803 		28.175 		10
v 10.239 		28.175 		10
v -82.017 		10.925 		10
v -83.017 		10.925 		10
v -83.017 		10.925 		9
v -46.181 		46.175 		9
v -82.017 		10.925 		9
v -47.181 		46.175 		9
v -82.017 		9.925 		9
v -82.017 		9.925 		10
v -83.017 		9.925 		10
v -83.017 		9.925 		9
v 7.674 		40.675 		9
v 11.803 		25.425 		10
v 6.674 		40.675 		9
v 6.674 		39.675 		9
v 7.674 		39.675 		9
v 9.239 		25.425 		10
v -89.709 		11.925 		10
v -89.709 		11.925 		9
v 10.239 		25.425 		10
v -88.145 		11.925 		10
v -88.145 		11.925 		9
v -35.923 		43.425 		9
v -87.145 		11.925 		10
v -87.145 		11.925 		9
v 5.11 		40.675 		9
v 4.11 		40.675 		9
v 4.11 		39.675 		9
v 5.11 		39.675 		9
v -33.358 		43.425 		9
v -34.358 		43.425 		9
v 15.368 		24.425 		10
v 14.368 		24.425 		10
v 33.319 		42.425 		9
v 12.803 		24.425 		10
v 34.884 		42.425 		9
v 35.884 		42.425 		9
v -34.358 		45.175 		9
v -33.358 		45.175 		9
v 15.368 		22.675 		10
v 15.368 		21.675 		10
v 7.674 		37.925 		9
v 6.674 		37.925 		9
v 14.368 		21.675 		10
v 14.368 		22.675 		10
v 12.803 		22.675 		10
v 12.803 		21.675 		10
v 5.11 		37.925 		9
v 4.11 		37.925 		9
v -71.826 		37.925 		9
v -72.826 		37.925 		9
v 11.803 		21.675 		10
v 40.013 		40.675 		9
v 40.013 		39.675 		9
v 9.239 		21.675 		10
v -70.261 		37.925 		9
v 9.239 		22.675 		10
v 10.239 		22.675 		10
v 10.239 		21.675 		10
v 11.803 		22.675 		10
v 2.545 		37.925 		9
v 38.448 		40.675 		9
v 1.545 		37.925 		9
v 37.448 		40.675 		9
v 37.448 		39.675 		9
v 38.448 		39.675 		9
v 11.803 		24.425 		10
v -74.39 		43.425 		9
v -75.39 		43.425 		9
v 10.239 		24.425 		10
v 9.239 		24.425 		10
v 2.545 		40.675 		9
v -76.955 		43.425 		9
v 1.545 		40.675 		9
v 1.545 		39.675 		9
v 2.545 		39.675 		9
v 7.674 		28.175 		10
v 7.674 		27.175 		10
v 40.013 		37.925 		9
v 6.674 		27.175 		10
v -75.39 		45.175 		9
v -74.39 		45.175 		9
v 5.11 		28.175 		10
v 5.11 		27.175 		10
v 38.448 		37.925 		9
v 6.674 		28.175 		10
v 37.448 		37.925 		9
v 4.11 		27.175 		10
v 32.319 		36.925 		9
v 4.11 		28.175 		10
v -76.955 		45.175 		9
v 33.319 		39.675 		9
v 33.319 		40.675 		9
v 4.11 		25.425 		10
v -76.955 		40.675 		10
v -76.955 		39.675 		10
v -75.39 		39.675 		10
v -75.39 		40.675 		10
v -87.145 		10.925 		9
v 6.674 		25.425 		10
v 5.11 		25.425 		10
v 29.755 		36.925 		9
v 30.755 		36.925 		9
v 35.884 		40.675 		9
v 34.884 		40.675 		9
v 34.884 		39.675 		9
v 35.884 		39.675 		9
v 7.674 		25.425 		10
v 2.545 		27.175 		10
v 1.545 		27.175 		10
v 1.545 		25.425 		10
v 2.545 		25.425 		10
v 1.545 		28.175 		10
v -83.084 		36.925 		9
v -82.084 		36.925 		9
v 2.545 		28.175 		10
v 33.319 		37.925 		9
v 7.674 		24.425 		10
v 6.674 		24.425 		10
v 35.884 		37.925 		9
v 34.884 		37.925 		9
v 4.11 		24.425 		10
v 5.11 		24.425 		10
v 24.626 		36.925 		9
v 25.626 		36.925 		9
v 27.19 		36.925 		9
v 28.19 		36.925 		9
v 4.11 		21.675 		10
v 4.11 		22.675 		10
v 5.11 		22.675 		10
v 50.271 		36.925 		9
v 51.271 		36.925 		9
v 7.674 		22.675 		10
v 7.674 		21.675 		10
v -87.145 		10.925 		10
v 6.674 		21.675 		10
v 6.674 		22.675 		10
v -88.145 		10.925 		10
v -88.145 		10.925 		9
v 5.11 		21.675 		10
v -89.709 		10.925 		9
v -89.709 		10.925 		10
v 30.755 		30.925 		9
v 29.755 		30.925 		9
v 29.755 		29.925 		9
v 30.755 		29.925 		9
v -87.145 		9.925 		9
v -87.145 		9.925 		10
v 32.319 		30.925 		9
v 32.319 		29.925 		9
v 52.835 		36.925 		9
v 53.835 		36.925 		9
v 55.4 		36.925 		9
v 56.4 		36.925 		9
v -74.39 		37.925 		10
v -75.39 		37.925 		10
v -76.955 		37.925 		10
v 28.19 		30.925 		9
v 27.19 		30.925 		9
v 27.19 		29.925 		9
v 28.19 		29.925 		9
v -88.145 		9.925 		9
v -88.145 		9.925 		10
v 25.626 		30.925 		9
v 24.626 		30.925 		9
v 24.626 		29.925 		9
v 25.626 		29.925 		9
v -79.519 		40.675 		10
v -79.519 		39.675 		10
v -89.709 		9.925 		9
v -77.955 		39.675 		10
v -89.709 		9.925 		10
v -77.955 		40.675 		10
v -80.519 		39.675 		10
v -90.777 		19.925 		10
v -90.777 		19.925 		9
v -80.519 		40.675 		10
v -90.777 		18.925 		10
v -90.777 		18.925 		9
v -92.342 		19.925 		9
v -92.342 		18.925 		9
v -92.342 		18.925 		10
v -92.342 		19.925 		10
v -77.955 		37.925 		10
v -79.519 		37.925 		10
v -93.342 		18.925 		9
v -93.342 		18.925 		10
v -80.519 		37.925 		10
v -93.342 		19.925 		10
v -93.342 		19.925 		9
v 19.497 		36.925 		9
v 20.497 		36.925 		9
v -95.906 		19.925 		10
v -95.906 		18.925 		10
v -95.906 		18.925 		9
v -95.906 		19.925 		9
v -88.145 		57.925 		10
v -87.145 		57.925 		10
v -97.471 		19.925 		9
v -97.471 		18.925 		9
v -97.471 		18.925 		10
v 22.061 		36.925 		9
v -97.471 		19.925 		10
v -83.017 		57.925 		10
v -82.017 		57.925 		10
v -94.906 		19.925 		10
v -85.648 		36.925 		9
v -84.648 		36.925 		9
v -94.906 		19.925 		9
v -94.906 		18.925 		10
v -94.906 		18.925 		9
v -89.709 		57.925 		10
v -90.709 		12.925 		10
v -90.709 		12.925 		9
v -89.777 		36.925 		9
v -95.836 		12.925 		10
v -95.836 		12.925 		9
v 1.545 		24.425 		10
v -82.017 		56.925 		10
v -88.213 		36.925 		9
v -87.213 		36.925 		9
v 2.545 		24.425 		10
v -97.4 		12.925 		9
v 1.545 		22.675 		10
v -97.4 		12.925 		10
v 2.545 		22.675 		10
v -94.836 		12.925 		9
v -94.836 		12.925 		10
v -92.272 		12.925 		9
v -92.272 		12.925 		10
v 2.545 		21.675 		10
v -93.272 		12.925 		10
v -93.272 		12.925 		9
v 1.545 		21.675 		10
v -83.084 		30.925 		9
v -83.084 		29.925 		9
v -82.084 		29.925 		9
v -82.084 		30.925 		9
v -83.017 		55.925 		10
v -82.017 		55.925 		10
v -83.017 		56.925 		10
v -82.017 		54.925 		10
v -83.017 		54.925 		10
v -0.976 		57.925 		10
v -3.54 		57.925 		10
v -2.54 		57.925 		10
v -87.145 		56.925 		10
v -84.648 		29.925 		9
v -84.648 		30.925 		9
v -85.648 		30.925 		9
v -85.648 		29.925 		9
v -88.145 		55.925 		10
v -87.145 		55.925 		10
v -88.145 		56.925 		10
v -6.103 		57.925 		10
v -5.103 		57.925 		10
v -89.709 		55.925 		10
v -89.709 		56.925 		10
v -0.976 		56.925 		10
v -87.145 		54.925 		10
v -0.976 		55.925 		10
v -89.777 		29.925 		9
v -89.777 		30.925 		9
v -89.709 		54.925 		10
v -88.145 		54.925 		10
v -93.272 		57.925 		10
v -92.272 		57.925 		10
v -88.213 		29.925 		9
v -87.213 		29.925 		9
v -87.213 		30.925 		9
v -90.709 		57.925 		10
v -88.213 		30.925 		9
v 52.835 		30.925 		9
v 52.835 		29.925 		9
v 53.835 		29.925 		9
v 53.835 		30.925 		9
v -95.836 		57.925 		10
v -94.836 		57.925 		10
v 56.4 		30.925 		9
v 55.4 		30.925 		9
v 55.4 		29.925 		9
v 56.4 		29.925 		9
v -97.4 		57.925 		10
v -90.709 		56.925 		10
v -90.709 		55.925 		10
v -92.272 		56.925 		10
v -93.272 		55.925 		10
v -92.272 		55.925 		10
v -93.272 		56.925 		10
v 23.061 		36.925 		9
v 50.271 		29.925 		9
v 51.271 		29.925 		9
v 51.271 		30.925 		9
v 50.271 		30.925 		9
v -90.709 		54.925 		10
v 16.932 		36.925 		9
v 17.932 		36.925 		9
v -2.54 		56.925 		10
v -92.272 		54.925 		10
v -90.709 		11.925 		10
v -90.709 		11.925 		9
v -93.272 		54.925 		10
v -92.272 		11.925 		10
v -92.272 		11.925 		9
v -93.272 		11.925 		10
v 17.932 		29.925 		9
v -93.272 		11.925 		9
v 17.932 		30.925 		9
v -3.54 		55.925 		10
v 16.932 		30.925 		9
v 16.932 		29.925 		9
v -2.54 		55.925 		10
v -3.54 		56.925 		10
v -94.836 		56.925 		10
v -95.836 		55.925 		10
v -94.836 		55.925 		10
v -95.836 		56.925 		10
v 22.061 		30.925 		9
v 22.061 		29.925 		9
v 23.061 		29.925 		9
v 23.061 		30.925 		9
v -35.923 		45.175 		9
v -97.4 		56.925 		10
v -97.4 		55.925 		10
v -97.471 		36.925 		9
v -35.923 		42.425 		9
v -90.777 		36.925 		9
v -34.358 		42.425 		9
v -33.358 		42.425 		9
v -93.342 		36.925 		9
v -92.342 		36.925 		9
v 20.497 		29.925 		9
v 20.497 		30.925 		9
v 19.497 		30.925 		9
v 19.497 		29.925 		9
v -95.906 		36.925 		9
v -94.906 		36.925 		9
v -92.272 		10.925 		9
v -92.272 		10.925 		10
v -90.709 		10.925 		10
v -90.709 		10.925 		9
v -93.272 		10.925 		10
v -93.272 		10.925 		9
v -92.272 		9.925 		9
v -92.272 		9.925 		10
v -90.777 		30.925 		9
v -90.777 		29.925 		9
v -90.709 		9.925 		10
v -90.709 		9.925 		9
v -93.272 		9.925 		10
v -93.272 		9.925 		9
v 29.755 		27.175 		9
v 30.755 		27.175 		9
v 30.755 		28.175 		9
v 29.755 		28.175 		9
v -92.342 		30.925 		9
v -93.342 		30.925 		9
v -93.342 		29.925 		9
v -92.342 		29.925 		9
v -95.836 		11.925 		10
v -95.836 		11.925 		9
v -97.4 		11.925 		10
v -97.4 		11.925 		9
v 32.319 		28.175 		9
v 32.319 		27.175 		9
v -94.836 		11.925 		10
v -94.836 		11.925 		9
v -97.471 		29.925 		9
v -97.471 		30.925 		9
v -97.4 		10.925 		10
v -97.4 		10.925 		9
v 32.319 		25.425 		9
v -95.906 		29.925 		9
v -94.906 		29.925 		9
v -94.906 		30.925 		9
v -95.906 		30.925 		9
v 30.755 		25.425 		9
v 29.755 		25.425 		9
v -94.836 		54.925 		10
v -97.4 		54.925 		10
v -95.836 		54.925 		10
v 24.626 		28.175 		9
v 24.626 		27.175 		9
v 25.626 		27.175 		9
v 25.626 		28.175 		9
v -82.084 		48.925 		10
v -82.084 		47.925 		10
v -83.084 		47.925 		10
v -83.084 		48.925 		10
v -84.648 		48.925 		10
v -84.648 		47.925 		10
v -85.648 		47.925 		10
v 27.19 		27.175 		9
v -82.084 		27.175 		9
v 28.19 		27.175 		9
v -82.084 		28.175 		9
v 28.19 		28.175 		9
v -83.084 		28.175 		9
v 27.19 		28.175 		9
v -83.084 		27.175 		9
v -85.648 		48.925 		10
v -84.648 		28.175 		9
v -85.648 		28.175 		9
v -85.648 		27.175 		9
v -84.648 		27.175 		9
v -82.084 		46.175 		10
v -83.084 		46.175 		10
v -84.648 		46.175 		10
v -85.648 		46.175 		10
v 27.19 		25.425 		9
v 28.19 		25.425 		9
v -87.213 		48.925 		10
v -87.213 		47.925 		10
v -84.648 		25.425 		9
v -85.648 		25.425 		9
v -89.777 		48.925 		10
v -89.777 		47.925 		10
v -88.213 		47.925 		10
v -88.213 		48.925 		10
v 25.626 		25.425 		9
v 24.626 		25.425 		9
v -82.084 		25.425 		9
v -83.084 		25.425 		9
v -87.213 		46.175 		10
v -88.213 		46.175 		10
v -89.777 		46.175 		10
v 32.319 		22.675 		9
v -88.213 		25.425 		9
v 32.319 		21.675 		9
v -87.213 		25.425 		9
v -88.213 		28.175 		9
v -88.213 		27.175 		9
v -87.213 		27.175 		9
v -87.213 		28.175 		9
v -95.836 		10.925 		10
v 30.755 		22.675 		9
v 29.755 		22.675 		9
v 29.755 		21.675 		9
v -95.836 		10.925 		9
v 30.755 		21.675 		9
v -94.836 		10.925 		10
v -94.836 		10.925 		9
v -0.976 		54.925 		10
v -2.54 		54.925 		10
v -3.54 		54.925 		10
v -89.777 		27.175 		9
v -89.777 		28.175 		9
v 32.319 		24.425 		9
v -6.103 		55.925 		10
v -5.103 		55.925 		10
v -5.103 		56.925 		10
v -6.103 		56.925 		10
v -89.777 		25.425 		9
v -5.103 		54.925 		10
v -6.103 		54.925 		10
v 29.755 		24.425 		9
v 30.755 		24.425 		9
v -85.648 		24.425 		9
v -84.648 		24.425 		9
v -11.231 		57.925 		10
v -10.231 		57.925 		10
v -97.4 		9.925 		9
v -97.4 		9.925 		10
v -95.836 		9.925 		10
v -95.836 		9.925 		9
v -16.359 		57.925 		10
v -15.359 		57.925 		10
v -83.084 		24.425 		9
v -82.084 		24.425 		9
v -94.836 		9.925 		9
v -94.836 		9.925 		10
v -13.795 		57.925 		10
v -12.795 		57.925 		10
v -100.035 		18.925 		9
v -101.035 		18.925 		9
v -84.648 		22.675 		9
v -90.777 		47.925 		10
v -85.648 		22.675 		9
v -85.648 		21.675 		9
v -84.648 		21.675 		9
v -92.342 		48.925 		10
v -92.342 		47.925 		10
v -11.231 		55.925 		10
v -90.777 		48.925 		10
v -10.231 		55.925 		10
v -10.231 		56.925 		10
v -11.231 		56.925 		10
v -82.084 		22.675 		9
v -83.084 		22.675 		9
v -83.084 		21.675 		9
v -82.084 		21.675 		9
v -93.342 		47.925 		10
v -10.231 		54.925 		10
v -93.342 		48.925 		10
v -11.231 		54.925 		10
v -90.777 		46.175 		10
v -92.342 		46.175 		10
v -36.923 		43.425 		9
v -36.923 		42.425 		9
v -93.342 		46.175 		10
v -88.213 		24.425 		9
v -87.213 		24.425 		9
v -38.487 		43.425 		9
v -39.487 		43.425 		9
v -94.906 		48.925 		10
v -39.487 		42.425 		9
v -38.487 		42.425 		9
v -94.906 		47.925 		10
v -95.906 		47.925 		10
v -89.777 		24.425 		9
v -97.471 		48.925 		10
v -97.471 		47.925 		10
v -95.906 		48.925 		10
v -87.213 		22.675 		9
v -88.213 		22.675 		9
v -88.213 		21.675 		9
v -87.213 		21.675 		9
v -94.906 		46.175 		10
v -36.923 		45.175 		9
v -95.906 		46.175 		10
v -97.471 		46.175 		10
v 27.19 		24.425 		9
v 28.19 		24.425 		9
v -39.487 		45.175 		9
v -38.487 		45.175 		9
v -82.084 		43.425 		10
v -83.084 		43.425 		10
v 24.626 		24.425 		9
v 25.626 		24.425 		9
v -82.084 		45.175 		10
v -12.795 		56.925 		10
v -13.795 		56.925 		10
v -83.084 		45.175 		10
v -13.795 		55.925 		10
v -12.795 		55.925 		10
v 28.19 		22.675 		9
v 27.19 		22.675 		9
v 27.19 		21.675 		9
v 28.19 		21.675 		9
v -35.923 		39.675 		9
v -84.648 		43.425 		10
v -35.923 		40.675 		9
v -85.648 		43.425 		10
v -84.648 		45.175 		10
v 25.626 		22.675 		9
v 24.626 		22.675 		9
v 24.626 		21.675 		9
v 25.626 		21.675 		9
v -89.777 		21.675 		9
v -89.777 		22.675 		9
v -85.648 		45.175 		10
v -82.084 		42.425 		10
v -83.084 		42.425 		10
v -92.342 		27.175 		9
v -92.342 		28.175 		9
v -93.342 		28.175 		9
v -93.342 		27.175 		9
v -84.648 		42.425 		10
v 20.497 		27.175 		9
v 20.497 		28.175 		9
v -85.648 		42.425 		10
v 22.061 		28.175 		9
v 22.061 		27.175 		9
v 23.061 		27.175 		9
v 23.061 		28.175 		9
v -87.213 		45.175 		10
v -90.777 		28.175 		9
v -90.777 		27.175 		9
v -89.777 		45.175 		10
v -88.213 		45.175 		10
v -87.213 		43.425 		10
v -89.777 		43.425 		10
v -88.213 		43.425 		10
v -92.342 		25.425 		9
v -93.342 		25.425 		9
v 20.497 		25.425 		9
v -87.213 		42.425 		10
v -89.777 		42.425 		10
v -88.213 		42.425 		10
v -90.777 		25.425 		9
v 22.061 		25.425 		9
v 23.061 		25.425 		9
v -95.906 		27.175 		9
v -94.906 		27.175 		9
v -94.906 		28.175 		9
v -95.906 		28.175 		9
v -97.471 		27.175 		9
v -97.471 		28.175 		9
v 19.497 		28.175 		9
v 19.497 		27.175 		9
v 17.932 		28.175 		9
v 16.932 		28.175 		9
v 16.932 		27.175 		9
v 17.932 		27.175 		9
v -33.358 		40.675 		9
v -34.358 		40.675 		9
v -34.358 		39.675 		9
v -33.358 		39.675 		9
v -97.471 		25.425 		9
v 19.497 		25.425 		9
v -94.906 		25.425 		9
v -95.906 		25.425 		9
v -35.923 		37.925 		9
v 17.932 		25.425 		9
v 16.932 		25.425 		9
v -33.358 		37.925 		9
v -34.358 		37.925 		9
v -93.342 		24.425 		9
v -92.342 		24.425 		9
v -90.777 		24.425 		9
v 20.497 		24.425 		9
v -36.923 		40.675 		9
v -36.923 		39.675 		9
v 22.061 		24.425 		9
v 23.061 		24.425 		9
v -90.777 		22.675 		9
v -90.777 		21.675 		9
v -38.487 		40.675 		9
v -39.487 		40.675 		9
v -39.487 		39.675 		9
v -38.487 		39.675 		9
v -93.342 		21.675 		9
v -92.342 		21.675 		9
v -92.342 		22.675 		9
v -93.342 		22.675 		9
v 23.061 		21.675 		9
v 23.061 		22.675 		9
v 22.061 		22.675 		9
v 22.061 		21.675 		9
v -82.084 		39.675 		10
v -83.084 		39.675 		10
v -84.648 		39.675 		10
v -97.471 		24.425 		9
v 20.497 		21.675 		9
v 20.497 		22.675 		9
v -85.648 		39.675 		10
v -95.906 		24.425 		9
v -94.906 		24.425 		9
v 19.497 		24.425 		9
v -97.471 		21.675 		9
v -97.471 		22.675 		9
v -94.906 		22.675 		9
v -36.923 		37.925 		9
v -95.906 		22.675 		9
v -95.906 		21.675 		9
v -94.906 		21.675 		9
v 16.932 		24.425 		9
v 17.932 		24.425 		9
v -38.487 		37.925 		9
v -39.487 		37.925 		9
v 17.932 		21.675 		9
v 17.932 		22.675 		9
v 16.932 		22.675 		9
v 16.932 		21.675 		9
v -103.6 		36.925 		9
v -102.6 		36.925 		9
v -41.052 		43.425 		9
v -42.052 		43.425 		9
v -101.035 		36.925 		9
v -100.035 		36.925 		9
v -98.471 		36.925 		9
v 19.497 		22.675 		9
v 19.497 		21.675 		9
v -42.052 		45.175 		9
v -41.052 		45.175 		9
v 11.803 		36.925 		9
v 12.803 		36.925 		9
v -75.39 		42.425 		9
v -74.39 		42.425 		9
v 14.368 		36.925 		9
v 15.368 		36.925 		9
v -100.035 		30.925 		9
v -101.035 		30.925 		9
v -101.035 		29.925 		9
v -100.035 		29.925 		9
v -76.955 		42.425 		9
v -98.471 		30.925 		9
v -98.471 		29.925 		9
v -77.955 		45.175 		9
v -77.955 		43.425 		9
v -77.955 		42.425 		9
v -102.6 		30.925 		9
v -103.6 		30.925 		9
v 9.239 		36.925 		9
v -103.6 		29.925 		9
v 10.239 		36.925 		9
v -102.6 		29.925 		9
v -79.519 		43.425 		9
v -80.519 		43.425 		9
v -80.519 		42.425 		9
v -79.519 		42.425 		9
v 10.239 		30.925 		9
v 9.239 		30.925 		9
v 9.239 		29.925 		9
v 10.239 		29.925 		9
v -80.519 		45.175 		9
v -79.519 		45.175 		9
v 15.368 		30.925 		9
v 14.368 		30.925 		9
v 14.368 		29.925 		9
v 15.368 		29.925 		9
v -100.035 		28.175 		9
v -101.035 		28.175 		9
v -101.035 		27.175 		9
v -100.035 		27.175 		9
v 12.803 		30.925 		9
v 11.803 		30.925 		9
v 11.803 		29.925 		9
v -76.955 		39.675 		9
v 12.803 		29.925 		9
v -76.955 		40.675 		9
v -74.39 		40.675 		9
v -75.39 		40.675 		9
v -75.39 		39.675 		9
v -74.39 		39.675 		9
v -98.471 		28.175 		9
v -98.471 		27.175 		9
v -76.955 		37.925 		9
v -98.471 		25.425 		9
v -74.39 		37.925 		9
v -75.39 		37.925 		9
v -100.035 		25.425 		9
v -101.035 		25.425 		9
v -79.519 		40.675 		9
v -80.519 		40.675 		9
v -80.519 		39.675 		9
v -79.519 		39.675 		9
v 1.545 		36.925 		9
v 2.545 		36.925 		9
v -77.955 		40.675 		9
v -77.955 		39.675 		9
v -43.616 		43.425 		9
v -44.616 		43.425 		9
v 6.674 		36.925 		9
v 7.674 		36.925 		9
v -77.955 		37.925 		9
v 4.11 		36.925 		9
v 5.11 		36.925 		9
v -44.616 		45.175 		9
v -43.616 		45.175 		9
v -79.519 		37.925 		9
v -80.519 		37.925 		9
v -102.6 		27.175 		9
v -102.6 		28.175 		9
v -103.6 		28.175 		9
v -103.6 		27.175 		9
v -42.052 		42.425 		9
v -41.052 		42.425 		9
v -88.145 		57.925 		9
v -87.145 		57.925 		9
v -103.6 		25.425 		9
v -102.6 		25.425 		9
v -44.616 		42.425 		9
v -83.017 		57.925 		9
v -43.616 		42.425 		9
v -82.017 		57.925 		9
v -98.471 		22.675 		9
v -48.745 		43.425 		9
v -98.471 		21.675 		9
v -46.181 		43.425 		9
v -47.181 		43.425 		9
v -89.709 		57.925 		9
v -83.017 		56.925 		9
v -82.017 		56.925 		9
v -48.745 		45.175 		9
v 7.674 		30.925 		9
v 6.674 		30.925 		9
v 6.674 		29.925 		9
v 7.674 		29.925 		9
v -83.017 		55.925 		9
v -83.017 		54.925 		9
v -82.017 		54.925 		9
v -82.017 		55.925 		9
v -47.181 		45.175 		9
v -46.181 		45.175 		9
v 5.11 		30.925 		9
v 4.11 		30.925 		9
v 4.11 		29.925 		9
v 5.11 		29.925 		9
v -48.745 		42.425 		9
v 2.545 		30.925 		9
v 1.545 		30.925 		9
v 1.545 		29.925 		9
v 2.545 		29.925 		9
v -47.181 		42.425 		9
v -46.181 		42.425 		9
v 55.4 		28.175 		9
v 55.4 		27.175 		9
v 56.4 		27.175 		9
v 56.4 		28.175 		9
v 53.835 		27.175 		9
v 53.835 		28.175 		9
v -41.052 		40.675 		9
v -42.052 		40.675 		9
v -42.052 		39.675 		9
v -41.052 		39.675 		9
v 53.835 		25.425 		9
v -100.035 		22.675 		9
v -101.035 		22.675 		9
v -101.035 		21.675 		9
v -100.035 		21.675 		9
v 56.4 		25.425 		9
v 55.4 		25.425 		9
v 15.368 		27.175 		9
v 15.368 		28.175 		9
v 14.368 		28.175 		9
v 14.368 		27.175 		9
v -43.616 		40.675 		9
v -44.616 		40.675 		9
v -44.616 		39.675 		9
v -43.616 		39.675 		9
v 52.835 		28.175 		9
v 12.803 		27.175 		9
v 52.835 		27.175 		9
v 12.803 		28.175 		9
v 51.271 		28.175 		9
v 50.271 		28.175 		9
v 50.271 		27.175 		9
v 51.271 		27.175 		9
v -43.616 		37.925 		9
v -44.616 		37.925 		9
v 15.368 		25.425 		9
v 14.368 		25.425 		9
v -41.052 		37.925 		9
v -42.052 		37.925 		9
v 52.835 		25.425 		9
v 12.803 		25.425 		9
v 51.271 		25.425 		9
v 50.271 		25.425 		9
v 53.835 		24.425 		9
v 11.803 		28.175 		9
v 11.803 		27.175 		9
v -48.745 		39.675 		9
v -48.745 		40.675 		9
v 55.4 		24.425 		9
v 56.4 		24.425 		9
v -46.181 		40.675 		9
v -47.181 		40.675 		9
v -47.181 		39.675 		9
v 10.239 		28.175 		9
v -46.181 		39.675 		9
v 9.239 		28.175 		9
v 9.239 		27.175 		9
v 10.239 		27.175 		9
v 53.835 		21.675 		9
v 53.835 		22.675 		9
v 56.4 		22.675 		9
v 55.4 		22.675 		9
v 55.4 		21.675 		9
v 56.4 		21.675 		9
v 11.803 		25.425 		9
v 10.239 		25.425 		9
v 9.239 		25.425 		9
v 52.835 		24.425 		9
v 52.835 		22.675 		9
v 52.835 		21.675 		9
v -88.145 		56.925 		9
v -87.145 		56.925 		9
v 14.368 		24.425 		9
v 15.368 		24.425 		9
v -88.145 		55.925 		9
v -87.145 		55.925 		9
v 51.271 		22.675 		9
v 50.271 		22.675 		9
v 50.271 		21.675 		9
v 51.271 		21.675 		9
v 12.803 		24.425 		9
v 50.271 		24.425 		9
v 51.271 		24.425 		9
v 12.803 		21.675 		9
v 12.803 		22.675 		9
v -98.471 		24.425 		9
v 15.368 		22.675 		9
v 14.368 		22.675 		9
v 14.368 		21.675 		9
v 15.368 		21.675 		9
v 45.142 		36.925 		9
v 46.142 		36.925 		9
v -101.035 		24.425 		9
v -100.035 		24.425 		9
v -101.035 		19.925 		9
v -103.6 		18.925 		9
v -103.6 		19.925 		9
v -102.6 		19.925 		9
v -102.6 		18.925 		9
v -100.035 		19.925 		9
v -103.6 		22.675 		9
v -103.6 		21.675 		9
v -102.6 		21.675 		9
v -102.6 		22.675 		9
v -98.471 		18.925 		9
v -98.471 		19.925 		9
v 11.803 		22.675 		9
v 11.803 		21.675 		9
v -103.6 		24.425 		9
v -102.6 		24.425 		9
v -98.4 		12.925 		9
v -98.4 		9.925 		9
v -98.4 		10.925 		9
v 10.239 		22.675 		9
v 9.239 		22.675 		9
v 9.239 		21.675 		9
v 10.239 		21.675 		9
v -98.4 		11.925 		9
v 47.706 		36.925 		9
v 48.706 		36.925 		9
v 11.803 		24.425 		9
v 9.239 		24.425 		9
v 10.239 		24.425 		9
v 42.577 		36.925 		9
v 43.577 		36.925 		9
v 7.674 		28.175 		9
v 6.674 		28.175 		9
v 6.674 		27.175 		9
v 7.674 		27.175 		9
v -46.181 		37.925 		9
v -47.181 		37.925 		9
v 41.013 		36.925 		9
v 5.11 		28.175 		9
v 4.11 		28.175 		9
v 4.11 		27.175 		9
v 5.11 		27.175 		9
v -48.745 		37.925 		9
v 46.142 		29.925 		9
v 46.142 		30.925 		9
v 45.142 		30.925 		9
v 45.142 		29.925 		9
v -49.688 		57.925 		9
v 7.674 		25.425 		9
v 6.674 		25.425 		9
v 48.706 		30.925 		9
v 47.706 		30.925 		9
v 47.706 		29.925 		9
v 48.706 		29.925 		9
v 5.11 		25.425 		9
v 4.11 		25.425 		9
v -56.379 		57.925 		9
v 41.013 		29.925 		9
v 41.013 		30.925 		9
v 43.577 		30.925 		9
v 2.545 		27.175 		9
v 42.577 		30.925 		9
v 2.545 		28.175 		9
v -52.252 		57.925 		9
v -51.252 		57.925 		9
v 1.545 		28.175 		9
v 1.545 		27.175 		9
v 1.545 		25.425 		9
v 2.545 		25.425 		9
v -49.688 		56.925 		9
v 6.674 		24.425 		9
v 7.674 		24.425 		9
v -49.688 		55.925 		9
v -52.252 		56.925 		9
v -51.252 		56.925 		9
v -52.252 		55.925 		9
v -51.252 		55.925 		9
v 4.11 		24.425 		9
v 5.11 		24.425 		9
v -49.688 		54.925 		9
v 4.11 		21.675 		9
v 5.11 		21.675 		9
v 5.11 		22.675 		9
v 4.11 		22.675 		9
v -52.252 		54.925 		9
v -51.252 		54.925 		9
v 7.674 		22.675 		9
v 6.674 		22.675 		9
v 6.674 		21.675 		9
v 7.674 		21.675 		9
v 1.545 		24.425 		9
v 2.545 		24.425 		9
v 1.545 		22.675 		9
v 1.545 		21.675 		9
v 2.545 		21.675 		9
v 2.545 		22.675 		9
v -0.976 		57.925 		9
v -3.54 		57.925 		9
v -2.54 		57.925 		9
v -56.379 		56.925 		9
v -6.103 		57.925 		9
v -5.103 		57.925 		9
v -56.379 		54.925 		9
v -56.379 		55.925 		9
v -57.379 		57.925 		9
v -0.976 		56.925 		9
v -59.943 		57.925 		9
v -58.943 		57.925 		9
v -0.976 		55.925 		9
v -3.54 		56.925 		9
v -62.507 		57.925 		9
v -2.54 		56.925 		9
v -61.507 		57.925 		9
v -3.54 		55.925 		9
v -2.54 		55.925 		9
v -65.071 		57.925 		9
v -64.071 		57.925 		9
v -3.54 		54.925 		9
v -2.54 		54.925 		9
v -57.379 		56.925 		9
v -0.976 		54.925 		9
v -57.379 		55.925 		9
v -57.379 		54.925 		9
v -6.103 		55.925 		9
v -6.103 		54.925 		9
v -5.103 		54.925 		9
v -5.103 		55.925 		9
v -59.943 		56.925 		9
v -58.943 		56.925 		9
v -6.103 		56.925 		9
v -5.103 		56.925 		9
v -59.943 		55.925 		9
v -59.943 		54.925 		9
v -58.943 		54.925 		9
v -58.943 		55.925 		9
v -62.507 		55.925 		9
v -61.507 		55.925 		9
v 42.577 		29.925 		9
v 43.577 		29.925 		9
v -11.231 		57.925 		9
v -10.231 		57.925 		9
v -89.709 		55.925 		9
v -62.507 		56.925 		9
v -61.507 		56.925 		9
v -65.071 		55.925 		9
v -64.071 		55.925 		9
v -65.071 		56.925 		9
v -64.071 		56.925 		9
v 33.319 		36.925 		9
v 34.884 		36.925 		9
v 35.884 		36.925 		9
v -62.507 		54.925 		9
v -61.507 		54.925 		9
v 40.013 		36.925 		9
v 37.448 		36.925 		9
v 38.448 		36.925 		9
v -65.071 		54.925 		9
v -64.071 		54.925 		9
v -49.745 		48.925 		9
v -49.745 		47.925 		9
v -51.31 		48.925 		9
v -52.31 		48.925 		9
v -52.31 		47.925 		9
v -51.31 		47.925 		9
v 40.013 		30.925 		9
v 40.013 		29.925 		9
v 38.448 		30.925 		9
v 37.448 		30.925 		9
v 37.448 		29.925 		9
v 38.448 		29.925 		9
v 34.884 		30.925 		9
v 34.884 		29.925 		9
v 35.884 		29.925 		9
v 35.884 		30.925 		9
v 33.319 		29.925 		9
v 33.319 		30.925 		9
v -89.709 		56.925 		9
v -89.709 		54.925 		9
v 46.142 		27.175 		9
v 46.142 		28.175 		9
v 45.142 		28.175 		9
v 45.142 		27.175 		9
v -88.145 		54.925 		9
v -87.145 		54.925 		9
v 48.706 		28.175 		9
v 47.706 		28.175 		9
v 47.706 		27.175 		9
v 48.706 		27.175 		9
v -88.9 		61.425 		7
v -93.272 		57.925 		9
v -92.272 		57.925 		9
v 48.706 		25.425 		9
v 47.706 		25.425 		9
v 46.142 		25.425 		9
v 45.142 		25.425 		9
v -90.709 		57.925 		9
v -16.359 		57.925 		9
v 43.577 		25.425 		9
v 42.577 		25.425 		9
v -95.836 		57.925 		9
v -15.359 		57.925 		9
v -94.836 		57.925 		9
v 41.013 		25.425 		9
v -13.795 		57.925 		9
v -12.795 		57.925 		9
v -97.4 		57.925 		9
v 43.577 		27.175 		9
v 43.577 		28.175 		9
v 42.577 		28.175 		9
v 42.577 		27.175 		9
v 41.013 		27.175 		9
v 41.013 		28.175 		9
v -90.709 		55.925 		9
v -90.709 		56.925 		9
v -93.272 		56.925 		9
v -92.272 		56.925 		9
v 47.706 		24.425 		9
v 48.706 		24.425 		9
v -93.272 		55.925 		9
v -92.272 		55.925 		9
v 45.142 		24.425 		9
v 46.142 		24.425 		9
v -90.709 		54.925 		9
v -93.272 		54.925 		9
v -92.272 		54.925 		9
v 46.142 		22.675 		9
v 45.142 		22.675 		9
v 45.142 		21.675 		9
v 46.142 		21.675 		9
v 48.706 		22.675 		9
v 47.706 		22.675 		9
v 47.706 		21.675 		9
v 48.706 		21.675 		9
v -95.836 		56.925 		9
v -94.836 		56.925 		9
v -95.836 		55.925 		9
v -94.836 		55.925 		9
v -97.4 		56.925 		9
v 42.577 		24.425 		9
v 43.577 		24.425 		9
v 41.013 		24.425 		9
v -97.4 		55.925 		9
v -97.4 		54.925 		9
v -95.836 		54.925 		9
v -94.836 		54.925 		9
v 43.577 		22.675 		9
v -11.231 		55.925 		9
v 42.577 		22.675 		9
v -11.231 		54.925 		9
v 42.577 		21.675 		9
v -10.231 		54.925 		9
v -10.231 		55.925 		9
v 43.577 		21.675 		9
v -11.231 		56.925 		9
v -10.231 		56.925 		9
v 41.013 		21.675 		9
v 41.013 		22.675 		9
v -13.795 		55.925 		9
v -12.795 		55.925 		9
v 38.448 		28.175 		9
v 37.448 		28.175 		9
v 37.448 		27.175 		9
v 38.448 		27.175 		9
v -13.795 		56.925 		9
v -12.795 		56.925 		9
v 40.013 		28.175 		9
v 40.013 		27.175 		9
v -16.359 		55.925 		9
v -15.359 		55.925 		9
v 40.013 		25.425 		9
v -16.359 		56.925 		9
v -15.359 		56.925 		9
v 38.448 		25.425 		9
v 37.448 		25.425 		9
v 35.884 		27.175 		9
v 35.884 		28.175 		9
v 34.884 		28.175 		9
v 34.884 		27.175 		9
v -16.359 		54.925 		9
v -15.359 		54.925 		9
v -13.795 		54.925 		9
v -12.795 		54.925 		9
v 33.319 		27.175 		9
v 33.319 		28.175 		9
v 35.884 		25.425 		9
v 34.884 		25.425 		9
v 33.319 		25.425 		9
v -93.1 		61.425 		7
v -0.019 		48.925 		9
v -1.019 		48.925 		9
v -1.019 		47.925 		9
v -0.019 		47.925 		9
v -84.648 		48.925 		9
v -85.648 		48.925 		9
v -85.648 		47.925 		9
v -84.648 		47.925 		9
v 40.013 		24.425 		9
v -82.084 		48.925 		9
v -83.084 		48.925 		9
v -83.084 		47.925 		9
v -82.084 		47.925 		9
v 37.448 		24.425 		9
v 38.448 		24.425 		9
v 38.448 		21.675 		9
v 38.448 		22.675 		9
v 37.448 		22.675 		9
v 37.448 		21.675 		9
v -82.084 		46.175 		9
v -83.084 		46.175 		9
v -84.648 		46.175 		9
v -85.648 		46.175 		9
v 40.013 		22.675 		9
v 40.013 		21.675 		9
v -89.777 		47.925 		9
v -89.777 		48.925 		9
v 34.884 		24.425 		9
v -87.213 		48.925 		9
v -88.213 		48.925 		9
v 35.884 		24.425 		9
v -88.213 		47.925 		9
v -87.213 		47.925 		9
v -2.584 		48.925 		9
v -3.584 		48.925 		9
v -3.584 		47.925 		9
v -2.584 		47.925 		9
v 33.319 		24.425 		9
v 33.319 		21.675 		9
v 33.319 		22.675 		9
v -0.019 		46.175 		9
v -1.019 		46.175 		9
v 35.884 		22.675 		9
v 34.884 		22.675 		9
v 34.884 		21.675 		9
v 35.884 		21.675 		9
v -2.584 		46.175 		9
v -3.584 		46.175 		9
v 29.79 		57.925 		9
v 30.79 		57.925 		9
v 32.353 		57.925 		9
v 27.226 		57.925 		9
v 28.226 		57.925 		9
v -7.713 		47.925 		9
v -7.713 		48.925 		9
v -5.148 		48.925 		9
v -6.148 		48.925 		9
v -6.148 		47.925 		9
v -5.148 		47.925 		9
v 24.662 		57.925 		9
v 25.662 		57.925 		9
v -7.713 		46.175 		9
v 29.79 		56.925 		9
v 30.79 		56.925 		9
v -5.148 		46.175 		9
v -6.148 		46.175 		9
v 32.353 		56.925 		9
v 29.79 		55.925 		9
v 30.79 		55.925 		9
v -8.713 		48.925 		9
v -89.777 		46.175 		9
v -8.713 		47.925 		9
v -87.213 		46.175 		9
v -88.213 		46.175 		9
v 32.353 		55.925 		9
v -10.277 		48.925 		9
v -11.277 		48.925 		9
v -11.277 		47.925 		9
v -10.277 		47.925 		9
v -90.777 		48.925 		9
v -90.777 		47.925 		9
v 29.79 		54.925 		9
v 30.79 		54.925 		9
v -8.713 		46.175 		9
v 32.353 		54.925 		9
v -92.342 		48.925 		9
v -93.342 		48.925 		9
v -93.342 		47.925 		9
v -92.342 		47.925 		9
v -10.277 		46.175 		9
v -11.277 		46.175 		9
v 27.226 		56.925 		9
v 28.226 		56.925 		9
v -90.777 		46.175 		9
v 27.226 		55.925 		9
v 28.226 		55.925 		9
v -92.342 		46.175 		9
v -93.342 		46.175 		9
v -12.842 		48.925 		9
v -13.842 		48.925 		9
v -13.842 		47.925 		9
v -12.842 		47.925 		9
v 24.662 		56.925 		9
v 25.662 		56.925 		9
v -94.906 		48.925 		9
v -95.906 		48.925 		9
v -95.906 		47.925 		9
v -94.906 		47.925 		9
v -15.406 		47.925 		9
v -15.406 		48.925 		9
v 24.662 		55.925 		9
v 25.662 		55.925 		9
v -97.471 		47.925 		9
v -97.471 		48.925 		9
v -12.842 		46.175 		9
v -13.842 		46.175 		9
v 27.226 		54.925 		9
v 28.226 		54.925 		9
v -97.471 		46.175 		9
v -15.406 		46.175 		9
v -94.906 		46.175 		9
v -95.906 		46.175 		9
v 24.662 		54.925 		9
v 25.662 		54.925 		9
v -1.019 		45.175 		9
v -0.019 		45.175 		9
v -82.084 		43.425 		9
v -83.084 		43.425 		9
v -1.019 		43.425 		9
v -0.019 		43.425 		9
v 16.971 		57.925 		9
v 17.971 		57.925 		9
v -83.084 		45.175 		9
v -82.084 		45.175 		9
v 19.534 		57.925 		9
v 20.534 		57.925 		9
v -3.584 		45.175 		9
v -2.584 		45.175 		9
v -84.648 		43.425 		9
v -85.648 		43.425 		9
v -3.584 		43.425 		9
v -2.584 		43.425 		9
v -85.648 		45.175 		9
v -84.648 		45.175 		9
v 20.534 		56.925 		9
v -3.584 		42.425 		9
v -2.584 		42.425 		9
v -83.084 		42.425 		9
v -82.084 		42.425 		9
v -1.019 		42.425 		9
v -0.019 		42.425 		9
v 20.534 		54.925 		9
v 20.534 		55.925 		9
v -85.648 		42.425 		9
v -84.648 		42.425 		9
v 16.971 		56.925 		9
v 17.971 		56.925 		9
v 19.534 		56.925 		9
v -89.777 		45.175 		9
v -88.213 		45.175 		9
v -87.213 		45.175 		9
v 19.534 		55.925 		9
v -5.148 		43.425 		9
v -6.148 		43.425 		9
v 16.971 		55.925 		9
v 17.971 		55.925 		9
v -7.713 		43.425 		9
v -89.777 		43.425 		9
v -87.213 		43.425 		9
v -88.213 		43.425 		9
v 19.534 		54.925 		9
v -7.713 		45.175 		9
v 16.971 		54.925 		9
v -6.148 		45.175 		9
v 17.971 		54.925 		9
v -5.148 		45.175 		9
v -89.777 		42.425 		9
v -88.213 		42.425 		9
v -87.213 		42.425 		9
v 30.755 		47.925 		9
v -84.648 		40.675 		9
v -85.648 		40.675 		9
v -85.648 		39.675 		9
v -84.648 		39.675 		9
v -6.148 		42.425 		9
v -5.148 		42.425 		9
v -82.084 		40.675 		9
v -83.084 		40.675 		9
v -83.084 		39.675 		9
v -82.084 		39.675 		9
v -7.713 		42.425 		9
v -82.084 		37.925 		9
v -83.084 		37.925 		9
v -84.648 		37.925 		9
v -85.648 		37.925 		9
v -89.777 		39.675 		9
v -89.777 		40.675 		9
v -87.213 		40.675 		9
v -88.213 		40.675 		9
v -88.213 		39.675 		9
v -87.213 		39.675 		9
v 32.319 		47.925 		9
v -2.584 		40.675 		9
v -3.584 		40.675 		9
v -3.584 		39.675 		9
v -2.584 		39.675 		9
v -0.019 		40.675 		9
v -89.777 		37.925 		9
v -1.019 		40.675 		9
v -1.019 		39.675 		9
v -0.019 		39.675 		9
v -87.213 		37.925 		9
v -88.213 		37.925 		9
v -90.777 		45.175 		9
v -90.777 		43.425 		9
v -90.777 		42.425 		9
v -93.342 		45.175 		9
v -92.342 		45.175 		9
v -93.342 		43.425 		9
v -93.342 		42.425 		9
v -92.342 		42.425 		9
v -92.342 		43.425 		9
v -2.584 		37.925 		9
v -3.584 		37.925 		9
v -0.019 		37.925 		9
v -1.019 		37.925 		9
v -7.713 		39.675 		9
v -7.713 		40.675 		9
v -5.148 		40.675 		9
v -6.148 		40.675 		9
v -6.148 		39.675 		9
v -5.148 		39.675 		9
v -5.148 		37.925 		9
v -6.148 		37.925 		9
v -7.713 		37.925 		9
v -10.277 		43.425 		9
v -11.277 		43.425 		9
v -11.277 		42.425 		9
v -10.277 		42.425 		9
v -8.713 		43.425 		9
v -8.713 		42.425 		9
v -8.713 		45.175 		9
v 41.73 		8.425 		6
v 41.73 		7.875 		6
v 46.28 		8.425 		6
v -11.277 		45.175 		9
v -10.277 		45.175 		9
v 46.28 		7.875 		6
v -13.842 		45.175 		9
v -12.842 		45.175 		9
v -21.32 		8.425 		6
v -21.32 		7.875 		6
v -13.842 		43.425 		9
v -12.842 		43.425 		9
v -25.87 		7.875 		6
v -25.87 		8.425 		6
v -15.406 		45.175 		9
v -88.92 		8.425 		6
v -15.406 		43.425 		9
v -88.92 		7.875 		6
v -13.842 		42.425 		9
v -12.842 		42.425 		9
v -93.47 		7.875 		6
v -93.47 		8.425 		6
v -15.406 		42.425 		9
v -8.713 		40.675 		9
v -8.713 		39.675 		9
v -10.277 		40.675 		9
v -11.277 		40.675 		9
v -11.277 		39.675 		9
v -10.277 		39.675 		9
v -8.713 		37.925 		9
v -10.277 		37.925 		9
v -11.277 		37.925 		9
# 6719 vertices

g group_2_14541540

usemtl color_14541540
s 0

f 1083 	6874 	1067
f 1067 	6872 	1066
f 1068 	1069 	1207
f 1078 	1080 	1081
f 1078 	1081 	1082
f 6874 	1083 	1084
f 1079 	1077 	1085
f 1079 	1085 	1086
f 1074 	1076 	1091
f 1074 	1091 	1092
f 1092 	1093 	1095
f 1092 	1095 	1074
f 1090 	1094 	1096
f 1090 	1096 	1097
f 1090 	1097 	1098
f 1090 	1098 	1099
f 1100 	1101 	5714
f 1102 	1103 	1096
f 1102 	1096 	1094
f 1098 	1097 	1096
f 1098 	1096 	1103
f 1079 	1086 	2263
f 1094 	1090 	1099
f 1094 	1099 	1102
f 1106 	1107 	1647
f 1106 	1647 	1109
f 1112 	1113 	2970
f 1112 	2970 	1114
f 1107 	1106 	1109
f 1107 	1109 	1111
f 1115 	2784 	1113
f 1116 	1117 	1118
f 1116 	1118 	1119
f 1108 	1110 	2284
f 1116 	1119 	1120
f 1116 	1120 	1121
f 1120 	1119 	1118
f 1120 	1118 	1122
f 1113 	1112 	1114
f 1113 	1114 	1115
f 1123 	1122 	1118
f 1123 	1118 	1117
f 6893 	6898 	1071
f 6892 	6893 	1072
f 1072 	1073 	6892
f 6517 	6892 	1073
f 1127 	1128 	1124
f 1127 	1124 	1125
f 1759 	1414 	1130
f 1223 	1759 	1130
f 1083 	1130 	1414
f 1126 	1133 	1134
f 1126 	1134 	1136
f 1135 	1138 	1139
f 1135 	1139 	1140
f 1126 	1136 	1141
f 1126 	1141 	1142
f 1207 	1217 	1068
f 1141 	1136 	1134
f 1141 	1134 	1147
f 1143 	1144 	1716
f 1149 	1146 	1150
f 1149 	1150 	1151
f 1137 	1152 	1153
f 1137 	1153 	1131
f 1154 	1155 	1157
f 1154 	1157 	1158
f 4109 	4516 	1160
f 1160 	6543 	4109
f 4110 	4109 	6543
f 1159 	1160 	1132
f 1159 	1132 	1163
f 6543 	6533 	4110
f 1162 	1165 	3054
f 1154 	1158 	1161
f 1154 	1161 	1164
f 1172 	1173 	1157
f 1172 	1157 	1155
f 1124 	1128 	1210
f 1148 	1147 	1134
f 1148 	1134 	1133
f 1117 	1116 	1121
f 1117 	1121 	1123
f 6971 	1165 	1162
f 6971 	1162 	1145
f 1177 	1065 	1176
f 1133 	1126 	1142
f 1133 	1142 	1148
f 1180 	6976 	1179
f 1169 	1064 	1177
f 1064 	1065 	1177
f 1150 	1146 	1392
f 1181 	1183 	1175
f 1181 	1175 	1178
f 1065 	1275 	1176
f 1184 	1185 	1671
f 1186 	1187 	1188
f 1186 	1188 	1191
f 1184 	1671 	1675
f 1184 	1675 	1192
f 1189 	1190 	1182
f 1189 	1182 	1193
f 1231 	1229 	1190
f 1221 	1220 	1188
f 1221 	1188 	1187
f 1196 	1197 	1754
f 1175 	1183 	1262
f 1196 	1754 	1770
f 1196 	1770 	1201
f 1200 	1248 	1195
f 1248 	1231 	1195
f 1174 	1176 	1222
f 1125 	1124 	1204
f 1125 	1204 	1205
f 1222 	1211 	1171
f 1163 	1081 	1171
f 1080 	1089 	1222
f 1207 	1127 	1205
f 1125 	1205 	1127
f 1209 	1222 	1208
f 1179 	6917 	1191
f 6917 	6919 	1191
f 1186 	1191 	6919
f 1210 	1207 	1205
f 1210 	1205 	1204
f 1193 	1167 	6783
f 1212 	1213 	1214
f 1212 	1214 	1216
f 1211 	1222 	1209
f 1185 	1184 	1192
f 1185 	1192 	1194
f 1217 	1219 	1212
f 1217 	1212 	1216
f 6860 	1206 	1198
f 1197 	1196 	1201
f 1197 	1201 	1202
f 1217 	1216 	1214
f 1217 	1214 	1223
f 1166 	1156 	1735
f 1224 	1225 	2128
f 1227 	1223 	1214
f 1227 	1214 	1213
f 1228 	1229 	1464
f 1203 	1199 	1198
f 1203 	1198 	1206
f 1224 	2128 	2132
f 1224 	2132 	1230
f 1161 	1158 	1157
f 1161 	1157 	1173
f 1210 	1204 	1124
f 1149 	1151 	1399
f 1213 	1212 	1219
f 1213 	1219 	1227
f 1236 	1237 	1238
f 1236 	1238 	1239
f 1155 	1154 	1164
f 1155 	1164 	1172
f 1190 	1195 	1231
f 1182 	1190 	1229
f 1182 	1229 	1228
f 1182 	1228 	1218
f 1243 	1137 	1241
f 1232 	1225 	1224
f 1232 	1224 	1230
f 1245 	1247 	1924
f 1242 	1244 	1236
f 1242 	1236 	1239
f 1243 	1249 	1153
f 1451 	1234 	1240
f 1245 	1924 	1255
f 1178 	1175 	1257
f 1178 	1257 	1258
f 1220 	1221 	3064
f 1254 	1256 	1259
f 1254 	1259 	1260
f 1250 	1251 	1253
f 1250 	1253 	1261
f 1258 	1257 	1262
f 1258 	1262 	1263
f 1254 	1260 	1264
f 1254 	1264 	1266
f 1281 	1280 	1253
f 1251 	1281 	1253
f 1269 	1264 	1260
f 1269 	1260 	1259
f 1246 	6795 	1261
f 1200 	6794 	1246
f 1246 	1248 	1200
f 1242 	1239 	1238
f 1242 	1238 	1271
f 1272 	1269 	1259
f 1272 	1259 	1256
f 1263 	1181 	1258
f 1178 	1258 	1181
f 1222 	1176 	1275
f 1247 	1245 	1255
f 1247 	1255 	1265
f 1271 	1238 	1237
f 1271 	1237 	1278
f 1280 	1281 	1534
f 1237 	1236 	1244
f 1237 	1244 	1278
f 1226 	1252 	1267
f 1226 	1267 	1268
f 1220 	1215 	1180
f 1215 	1170 	6976
f 1165 	6976 	1170
f 1180 	1188 	1220
f 1274 	1248 	1280
f 1248 	1253 	1280
f 1475 	1231 	1274
f 1262 	1257 	1175
f 1282 	1226 	1268
f 1282 	1268 	1283
f 1282 	1283 	1285
f 1282 	1285 	1286
f 1416 	1402 	1084
f 1084 	1083 	1416
f 1414 	1416 	1083
f 1286 	1285 	1267
f 1286 	1267 	1252
f 1241 	1137 	1290
f 1131 	1290 	1137
f 1291 	1292 	1293
f 1291 	1293 	1294
f 1299 	1291 	1294
f 1299 	1294 	1300
f 1301 	1302 	1297
f 1301 	1297 	1287
f 1423 	1270 	1273
f 1423 	1273 	1428
f 1303 	1299 	1300
f 1303 	1300 	1304
f 1277 	1276 	1295
f 1277 	1295 	1296
f 1305 	1306 	1298
f 1305 	1298 	1307
f 1308 	1309 	1310
f 1308 	1310 	1311
f 1312 	1313 	1314
f 1312 	1314 	1317
f 1249 	1243 	1241
f 1249 	1241 	1290
f 1306 	1338 	1298
f 1308 	1311 	1312
f 1308 	1312 	1317
f 1319 	1320 	1315
f 1319 	1315 	1318
f 1303 	1304 	1293
f 1303 	1293 	1292
f 1323 	1403 	1316
f 1310 	1309 	1314
f 1310 	1314 	1313
f 1324 	1187 	1322
f 1250 	6833 	1307
f 1305 	1307 	6833
f 6833 	6835 	1305
f 1328 	1288 	6836
f 1327 	1324 	1322
f 1327 	1322 	1321
f 1329 	1345 	1330
f 1289 	1332 	1334
f 1289 	1334 	1284
f 1331 	1333 	1335
f 1331 	1335 	1336
f 1325 	1326 	1329
f 1325 	1329 	1330
f 1331 	1336 	1340
f 1331 	1340 	1341
f 1343 	1326 	1342
f 1325 	1342 	1326
f 1343 	1342 	1345
f 1343 	1345 	1346
f 1340 	1336 	1335
f 1340 	1335 	1344
f 1295 	1276 	1384
f 1347 	1348 	1349
f 1347 	1349 	1352
f 1351 	1344 	1335
f 1351 	1335 	1333
f 1256 	1254 	1266
f 1256 	1266 	1272
f 1347 	1352 	1353
f 1347 	1353 	1354
f 1186 	1327 	1321
f 1354 	1353 	1356
f 1354 	1356 	1357
f 1277 	1296 	1382
f 1333 	1331 	1341
f 1333 	1341 	1351
f 1346 	1345 	1329
f 1357 	1356 	1349
f 1357 	1349 	1348
f 1316 	1421 	1350
f 1360 	1361 	1362
f 1360 	1362 	1363
f 1365 	1366 	1367
f 1365 	1367 	1368
f 1360 	1363 	1369
f 1360 	1369 	1370
f 1372 	1367 	1366
f 1372 	1366 	1373
f 1371 	3168 	6667
f 1371 	6667 	1364
f 1375 	1377 	1277
f 1276 	1277 	1377
f 1374 	1376 	1355
f 1374 	1355 	1358
f 1378 	1372 	1373
f 1378 	1373 	1379
f 1380 	1383 	1328
f 1383 	1332 	1328
f 1288 	1328 	1332
f 1288 	1332 	1289
f 1385 	1387 	1149
f 1146 	1149 	1387
f 1386 	1388 	1390
f 1386 	1390 	1391
f 1390 	1388 	1393
f 1390 	1393 	1394
f 1339 	1383 	1249
f 1380 	1153 	1383
f 1249 	1383 	1153
f 1146 	1387 	1392
f 3167 	1395 	1381
f 1338 	1337 	1298
f 1251 	1298 	1337
f 1281 	1251 	1337
f 1350 	1338 	1316
f 1316 	1338 	1306
f 1400 	3172 	1389
f 1399 	1392 	1387
f 1399 	1387 	1385
f 1402 	1403 	1323
f 1144 	1235 	1131
f 1382 	1384 	1377
f 1382 	1377 	1375
f 1404 	1405 	1408
f 1404 	1408 	1409
f 1406 	1407 	1396
f 1406 	1396 	1401
f 1410 	1425 	1403
f 1369 	1363 	1362
f 1369 	1362 	1411
f 1404 	1409 	1412
f 1404 	1412 	1413
f 1166 	1206 	6860
f 1414 	1415 	1410
f 1414 	1410 	1416
f 1276 	1377 	1384
f 1412 	1409 	1408
f 1412 	1408 	1417
f 1419 	1417 	1408
f 1419 	1408 	1405
f 1397 	1394 	1393
f 1397 	1393 	1398
f 1418 	1411 	1362
f 1418 	1362 	1361
f 1399 	1385 	1149
f 1365 	1368 	1378
f 1365 	1378 	1379
f 1396 	1407 	1552
f 1075 	1084 	1402
f 1361 	1360 	1370
f 1361 	1370 	1418
f 1405 	1404 	1413
f 1405 	1413 	1419
f 1386 	1391 	1397
f 1386 	1397 	1398
f 1753 	1350 	1421
f 1221 	1371 	1364
f 1424 	1420 	1422
f 1424 	1422 	1427
f 1389 	1381 	1395
f 1389 	1395 	1400
f 1425 	1426 	1783
f 1355 	1376 	1584
f 1428 	2305 	2300
f 1428 	2300 	1423
f 1429 	1430 	1431
f 1429 	1431 	1432
f 1433 	1429 	1432
f 1433 	1432 	1436
f 1203 	1206 	1131
f 1153 	1203 	1131
f 1144 	1131 	1206
f 1206 	1166 	1144
f 1716 	1144 	1166
f 1716 	1166 	1735
f 1434 	1435 	2439
f 1437 	1431 	1430
f 1437 	1430 	1438
f 1316 	1403 	1421
f 1425 	1421 	1403
f 1426 	1425 	1410
f 1410 	1415 	1426
f 1318 	1315 	1439
f 1318 	1439 	1440
f 1434 	2439 	1441
f 1424 	1427 	1655
f 1442 	1319 	1440
f 1318 	1440 	1319
f 5809 	1218 	1443
f 1433 	1436 	1437
f 1433 	1437 	1438
f 1235 	1290 	1131
f 1382 	1375 	1277
f 1445 	1442 	1440
f 1445 	1440 	1439
f 1249 	1290 	1527
f 1482 	1527 	1290
f 1482 	1290 	1235
f 1447 	1448 	1596
f 1340 	1395 	1324
f 1187 	1324 	1221
f 1452 	1454 	1443
f 1454 	1446 	1443
f 5809 	1443 	1446
f 1453 	1455 	1449
f 1453 	1449 	1450
f 1456 	2285 	2282
f 1456 	2282 	1451
f 1341 	1340 	1324
f 1341 	1324 	1327
f 1460 	1461 	2290
f 1452 	1228 	1464
f 1454 	1452 	1464
f 1464 	1469 	1454
f 1344 	1395 	1340
f 1320 	1445 	1439
f 1320 	1439 	1315
f 1460 	2290 	1465
f 1510 	1344 	1351
f 1521 	1510 	1351
f 1449 	1455 	1532
f 1327 	1284 	1341
f 6919 	6918 	1186
f 1339 	1341 	1334
f 1351 	1341 	1339
f 1488 	1454 	1469
f 1473 	1469 	1464
f 1473 	1464 	1475
f 1471 	1617 	1615
f 1471 	1615 	1477
f 1478 	1528 	1480
f 1476 	1474 	1481
f 1476 	1481 	1482
f 1479 	1591 	1472
f 1457 	1458 	1459
f 1457 	1459 	1462
f 1248 	1274 	1231
f 1478 	1480 	1463
f 1478 	1463 	1466
f 1396 	1485 	1401
f 1468 	1470 	1471
f 1468 	1471 	1477
f 1435 	1434 	1441
f 1435 	1441 	1444
f 1457 	1490 	1458
f 1487 	1458 	1490
f 1469 	1491 	1488
f 1493 	1487 	1490
f 1493 	1490 	1496
f 1479 	1472 	1509
f 1491 	1586 	1488
f 1547 	1592 	1497
f 3168 	1371 	1395
f 3168 	1395 	3167
f 1401 	1485 	1489
f 1401 	1489 	1406
f 1475 	1502 	1473
f 1497 	1473 	1547
f 1498 	1499 	1500
f 1498 	1500 	1501
f 1492 	1494 	1495
f 1492 	1495 	1503
f 1496 	1462 	1493
f 1459 	1493 	1462
f 1483 	1484 	1505
f 1483 	1505 	1506
f 1492 	1503 	1507
f 1492 	1507 	1508
f 1472 	1504 	1509
f 1547 	1473 	1502
f 1511 	1512 	1513
f 1511 	1513 	1514
f 1221 	1324 	1371
f 1395 	1371 	1324
f 1400 	1395 	1344
f 1400 	1344 	1510
f 1450 	1449 	1516
f 1450 	1516 	1517
f 1240 	1456 	1451
f 1511 	1514 	1518
f 1511 	1518 	1520
f 1501 	1500 	1560
f 1523 	1524 	1513
f 1523 	1513 	1512
f 1522 	1453 	1517
f 1450 	1517 	1453
f 1502 	1475 	1525
f 1274 	1525 	1475
f 1482 	1481 	1526
f 1482 	1526 	1527
f 1528 	1529 	1530
f 1528 	1530 	1531
f 1507 	1503 	1495
f 1507 	1495 	1533
f 1532 	1516 	1449
f 1534 	1537 	1280
f 1535 	1536 	1538
f 1535 	1538 	1539
f 1890 	1556 	1481
f 1481 	1554 	1526
f 1518 	1514 	1513
f 1518 	1513 	1524
f 1529 	1466 	1530
f 1463 	1530 	1466
f 1517 	1516 	1532
f 1517 	1532 	1522
f 1483 	1506 	1510
f 1483 	1510 	1521
f 1461 	1460 	1465
f 1461 	1465 	1467
f 1502 	1525 	1519
f 1525 	1537 	1519
f 1515 	1519 	1537
f 1537 	1534 	1515
f 1697 	1515 	1534
f 1697 	1534 	1748
f 1358 	1355 	1541
f 1358 	1541 	1542
f 1527 	1526 	1505
f 1527 	1505 	1484
f 1540 	1533 	1495
f 1540 	1495 	1494
f 1546 	1374 	1542
f 1358 	1542 	1374
f 1521 	1249 	1527
f 1351 	1339 	1521
f 1339 	1249 	1521
f 1494 	1492 	1508
f 1494 	1508 	1540
f 1480 	1528 	1531
f 1396 	1548 	1485
f 1510 	1506 	1505
f 1510 	1505 	1526
f 1543 	1544 	1545
f 1543 	1545 	1549
f 1400 	1550 	3171
f 1543 	1549 	1551
f 1543 	1551 	1553
f 1535 	1539 	1567
f 1552 	1548 	1396
f 1557 	1499 	1555
f 1498 	1555 	1499
f 1484 	1483 	1521
f 1484 	1521 	1527
f 1558 	1557 	1555
f 1558 	1555 	1560
f 1816 	1637 	1564
f 1554 	1481 	1556
f 1550 	1510 	1554
f 1400 	1510 	1550
f 1510 	1526 	1554
f 1500 	1558 	1560
f 1559 	1519 	1564
f 1515 	1564 	1519
f 1565 	1566 	1562
f 1565 	1562 	1561
f 1567 	1568 	1535
f 1568 	1567 	1571
f 1568 	1571 	1572
f 1695 	1816 	1564
f 1512 	1511 	1520
f 1512 	1520 	1523
f 1571 	1538 	1572
f 1536 	1572 	1538
f 1579 	1580 	2477
f 1485 	1548 	1552
f 1485 	1552 	1489
f 1570 	1551 	1549
f 1570 	1549 	1545
f 3171 	1550 	1575
f 1546 	1542 	1541
f 1546 	1541 	1584
f 1583 	1585 	1586
f 1583 	1586 	1587
f 1624 	1504 	1588
f 1589 	1570 	1545
f 1589 	1545 	1544
f 1587 	1614 	1583
f 1590 	1616 	1587
f 1563 	1556 	1890
f 1577 	1574 	1064
f 1574 	1573 	1064
f 1573 	1569 	1064
f 1591 	1588 	1472
f 1576 	1575 	1550
f 1576 	1550 	1554
f 1624 	1588 	1591
f 1064 	1641 	1577
f 1579 	2477 	1595
f 1599 	1600 	2454
f 1547 	1628 	1592
f 1497 	1586 	1491
f 1586 	1497 	1592
f 1586 	1585 	1488
f 1486 	1488 	1585
f 1486 	1585 	1581
f 1578 	1596 	1448
f 1599 	2454 	2455
f 1599 	2455 	1605
f 1603 	1604 	1597
f 1603 	1597 	1601
f 1645 	1598 	1602
f 1645 	1602 	1644
f 1607 	1608 	1606
f 1607 	1606 	1610
f 1589 	1544 	1543
f 1589 	1543 	1553
f 1468 	1613 	1470
f 1611 	1470 	1613
f 1584 	1541 	1355
f 1611 	1613 	1615
f 1611 	1615 	1617
f 1612 	2457 	1600
f 1597 	1604 	1654
f 1618 	1619 	1620
f 1618 	1620 	1621
f 1472 	1588 	1504
f 6314 	1104 	1625
f 1504 	1624 	1626
f 1504 	1626 	1509
f 1616 	1590 	1622
f 1629 	1622 	1590
f 1614 	1587 	1616
f 1609 	1583 	1614
f 1627 	6314 	1625
f 1636 	1635 	1619
f 1620 	1619 	1635
f 1591 	1626 	1624
f 1628 	1629 	1590
f 1631 	1618 	1630
f 1621 	1630 	1618
f 1625 	1104 	1627
f 1105 	1627 	1104
f 1631 	1630 	1635
f 1631 	1635 	1636
f 1633 	1651 	1608
f 1580 	1579 	1595
f 1580 	1595 	1623
f 1637 	1638 	1639
f 1637 	1639 	1640
f 7463 	1642 	1643
f 1601 	1597 	1632
f 1601 	1632 	1634
f 1647 	1107 	1646
f 1641 	1607 	1577
f 1610 	1577 	1607
f 1645 	1644 	1794
f 1650 	1603 	1634
f 1601 	1634 	1603
f 1600 	1599 	1605
f 1600 	1605 	1612
f 1653 	1422 	1652
f 1420 	1652 	1422
f 7463 	1643 	1577
f 1650 	1634 	1632
f 1650 	1632 	1654
f 1427 	1657 	1655
f 1655 	1657 	1653
f 1655 	1653 	1652
f 1639 	1638 	1686
f 1850 	1686 	1638
f 1573 	1594 	1593
f 1573 	1593 	1569
f 1648 	1109 	1647
f 1648 	1647 	1646
f 1648 	1646 	1663
f 1628 	1547 	1640
f 1547 	1559 	1640
f 1590 	1592 	1628
f 1559 	1564 	1637
f 1637 	1640 	1559
f 1664 	1661 	1659
f 1664 	1659 	1658
f 1606 	1608 	1651
f 1651 	1633 	1656
f 1111 	1663 	1646
f 1111 	1646 	1107
f 1577 	1643 	1642
f 1577 	1642 	1574
f 1666 	1667 	1668
f 1666 	1668 	1669
f 1654 	1632 	1597
f 1671 	1185 	1670
f 1641 	1064 	1672
f 1666 	1669 	1673
f 1666 	1673 	1674
f 1676 	1633 	1672
f 1633 	1641 	1672
f 1673 	1669 	1668
f 1673 	1668 	1677
f 1675 	1671 	1670
f 1675 	1670 	1678
f 1681 	1677 	1668
f 1681 	1668 	1667
f 1685 	1686 	2696
f 1660 	1662 	1687
f 1660 	1687 	1688
f 1690 	7622 	1689
f 1633 	1676 	1656
f 1656 	1676 	1680
f 1691 	1680 	1676
f 1684 	1680 	1691
f 1679 	1629 	1685
f 1622 	1629 	1679
f 1629 	1639 	1685
f 1686 	1685 	1639
f 1692 	1660 	1688
f 1692 	1688 	1693
f 1681 	1667 	1666
f 1681 	1666 	1674
f 1694 	1692 	1693
f 1694 	1693 	1696
f 1665 	1672 	1064
f 1691 	1665 	1064
f 1064 	1169 	1691
f 1695 	1697 	1698
f 1695 	1698 	1699
f 1694 	1696 	1687
f 1694 	1687 	1662
f 1610 	1606 	1690
f 1610 	1690 	1689
f 1235 	1701 	1482
f 1702 	1704 	1706
f 1702 	1706 	1707
f 1695 	1699 	1816
f 1703 	7105 	1700
f 1712 	1713 	1714
f 1712 	1714 	1715
f 1709 	1711 	1701
f 1709 	1701 	1716
f 1720 	1721 	1722
f 1720 	1722 	1723
f 1725 	1881 	1711
f 1728 	1757 	1725
f 1724 	1287 	1730
f 1297 	1730 	1287
f 1682 	1683 	1726
f 1682 	1726 	1731
f 1279 	1736 	1733
f 1732 	1139 	1729
f 1194 	1678 	1670
f 1194 	1670 	1185
f 1738 	1734 	1724
f 1738 	1724 	1730
f 1682 	1731 	1808
f 1737 	1733 	1736
f 1736 	1279 	1741
f 1359 	1741 	1279
f 1705 	1797 	1099
f 1735 	1649 	1740
f 1651 	1740 	1649
f 1742 	1743 	1744
f 1742 	1744 	1747
f 1716 	1735 	1740
f 1749 	1728 	1740
f 1728 	1709 	1740
f 1716 	1740 	1709
f 1776 	1746 	1359
f 1741 	1359 	1746
f 1742 	1747 	1750
f 1742 	1750 	1751
f 1714 	1713 	1722
f 1714 	1722 	1721
f 1338 	1752 	1748
f 1338 	1748 	1337
f 1656 	1846 	1749
f 1754 	1197 	1745
f 1702 	1707 	1896
f 1755 	1757 	1728
f 1712 	1715 	1720
f 1712 	1720 	1723
f 1753 	1718 	1752
f 1718 	1698 	1752
f 1748 	1752 	1698
f 1748 	1698 	1697
f 1759 	1761 	1758
f 1759 	1758 	1756
f 1762 	1763 	1764
f 1762 	1764 	1765
f 1732 	1729 	1727
f 1732 	1727 	1739
f 1760 	1932 	1757
f 1766 	1750 	1747
f 1766 	1747 	1744
f 1708 	1710 	1717
f 1708 	1717 	1719
f 1769 	1772 	1753
f 1421 	1769 	1753
f 1771 	1448 	1768
f 1447 	1768 	1448
f 1758 	1761 	1415
f 1718 	1772 	1705
f 1775 	1776 	1359
f 1773 	1766 	1744
f 1773 	1744 	1743
f 1770 	1754 	1745
f 1770 	1745 	1774
f 1823 	1821 	1763
f 1764 	1763 	1821
f 1743 	1742 	1751
f 1743 	1751 	1773
f 1777 	1779 	1769
f 1779 	1772 	1769
f 1753 	1772 	1718
f 1414 	1759 	1756
f 1783 	1777 	1425
f 1843 	1778 	1781
f 1775 	1359 	1784
f 1578 	1789 	1596
f 1786 	1596 	1789
f 1780 	1782 	1785
f 1780 	1785 	1791
f 1793 	1602 	1792
f 1598 	1792 	1602
f 1788 	1790 	2058
f 1794 	1644 	1795
f 1202 	1774 	1745
f 1202 	1745 	1197
f 1708 	1719 	1608
f 1708 	1608 	1607
f 1779 	1777 	1787
f 1777 	1783 	1787
f 1788 	2058 	1796
f 1771 	1768 	1789
f 1786 	1789 	1768
f 1780 	1791 	1853
f 1608 	1719 	1717
f 1608 	1717 	1633
f 1794 	1795 	1793
f 1794 	1793 	1792
f 1772 	1797 	1705
f 1641 	1633 	1717
f 1641 	1717 	1710
f 1683 	1682 	1800
f 1683 	1800 	1801
f 1802 	1099 	1797
f 1765 	1803 	1762
f 1799 	1762 	1803
f 1610 	1689 	7622
f 1359 	1836 	1784
f 1805 	1784 	1818
f 1683 	1801 	1804
f 1683 	1804 	1726
f 1802 	1779 	1806
f 1787 	1806 	1779
f 1710 	1708 	1607
f 1710 	1607 	1641
f 1804 	1801 	1800
f 1804 	1800 	1808
f 2263 	1086 	1806
f 1808 	1800 	1682
f 1790 	1788 	1796
f 1790 	1796 	1809
f 1815 	1850 	1810
f 1638 	1810 	1850
f 1782 	1780 	1812
f 1782 	1812 	1813
f 1814 	1815 	1810
f 1814 	1810 	1816
f 1782 	1813 	1817
f 1782 	1817 	1785
f 1426 	1807 	1798
f 1852 	1684 	1169
f 1767 	1852 	1169
f 1799 	1803 	1821
f 1799 	1821 	1823
f 1822 	1824 	2087
f 1822 	2087 	2089
f 1820 	1825 	1826
f 1820 	1826 	1828
f 1820 	1828 	1830
f 1820 	1830 	1831
f 1827 	1829 	1832
f 1827 	1832 	1833
f 1822 	2089 	1651
f 1818 	1784 	1836
f 1830 	1828 	1826
f 1830 	1826 	1835
f 1705 	1099 	1834
f 1819 	1834 	1098
f 1098 	1834 	1099
f 1656 	2087 	1824
f 1838 	1835 	1826
f 1838 	1826 	1825
f 1877 	1878 	1832
f 1833 	1832 	1878
f 1837 	1818 	1836
f 1845 	1836 	1222
f 1705 	1834 	1814
f 1816 	1699 	1814
f 1705 	1814 	1699
f 1840 	1778 	1843
f 1839 	1841 	1842
f 1839 	1842 	1844
f 1359 	1222 	1836
f 1728 	1749 	1846
f 1680 	1846 	1656
f 1840 	1843 	2039
f 1839 	1844 	1848
f 1839 	1848 	1849
f 1850 	1851 	2775
f 1847 	1845 	1275
f 1852 	1767 	1846
f 1767 	1755 	1846
f 1728 	1846 	1755
f 1817 	1813 	1812
f 1817 	1812 	1853
f 1848 	1844 	1842
f 1848 	1842 	1854
f 1275 	1845 	1222
f 1684 	1691 	1169
f 1853 	1812 	1780
f 1856 	1854 	1842
f 1856 	1842 	1841
f 1824 	1822 	1651
f 1824 	1651 	1656
f 1825 	1820 	1831
f 1825 	1831 	1838
f 1851 	1815 	1855
f 1850 	1815 	1851
f 1815 	1819 	1855
f 1114 	1855 	1819
f 1114 	1819 	1098
f 1841 	1839 	1849
f 1841 	1849 	1856
f 1868 	1859 	1862
f 1863 	1864 	2151
f 1086 	1085 	1103
f 1086 	1103 	1102
f 1865 	1866 	1857
f 1865 	1857 	1867
f 1868 	1869 	1859
f 1863 	2151 	1870
f 1873 	1829 	1871
f 1827 	1871 	1829
f 1860 	1861 	1872
f 1860 	1872 	1874
f 2284 	1110 	1085
f 1085 	1115 	1103
f 1915 	1899 	1876
f 1672 	1665 	1860
f 1672 	1860 	1874
f 1879 	1880 	2185
f 1102 	1802 	1086
f 1099 	1802 	1102
f 1802 	1806 	1086
f 1879 	2185 	2189
f 1879 	2189 	1883
f 1873 	1871 	1878
f 1873 	1878 	1877
f 1711 	1865 	1701
f 1725 	1922 	1881
f 1881 	1865 	1711
f 1865 	1867 	1701
f 1482 	1701 	1867
f 1886 	1884 	1882
f 1886 	1882 	1858
f 1704 	1888 	1706
f 1887 	1706 	1888
f 2784 	1115 	1110
f 1892 	1887 	1888
f 1892 	1888 	1896
f 4398 	1890 	1895
f 1889 	1891 	1893
f 1889 	1893 	1894
f 1864 	1863 	1870
f 1864 	1870 	1875
f 1115 	1085 	1110
f 1114 	1098 	1115
f 1098 	1103 	1115
f 4400 	1899 	4399
f 1897 	1898 	1900
f 1897 	1900 	1901
f 1880 	1879 	1883
f 1880 	1883 	1885
f 1889 	1894 	1902
f 1889 	1902 	1903
f 1904 	1900 	1898
f 1904 	1898 	1905
f 1127 	6806 	5171
f 1902 	1894 	1893
f 1902 	1893 	1907
f 1906 	1908 	1910
f 1906 	1910 	1911
f 1909 	1897 	1901
f 1909 	1901 	1912
f 1913 	1907 	1893
f 1913 	1893 	1891
f 1069 	6806 	1127
f 1866 	1876 	1899
f 1899 	1895 	1866
f 1857 	1866 	1895
f 1895 	1890 	1857
f 1481 	1857 	1890
f 4646 	1886 	1858
f 1181 	1128 	5171
f 1906 	1911 	1916
f 1906 	1916 	1917
f 1919 	1916 	1911
f 1919 	1911 	1910
f 1918 	1928 	1169
f 1128 	1127 	5171
f 1210 	1128 	1181
f 1181 	1263 	1210
f 1921 	1919 	1910
f 1921 	1910 	1908
f 1924 	1247 	1920
f 1922 	1923 	1876
f 1891 	1889 	1903
f 1891 	1903 	1913
f 1925 	1255 	1924
f 1928 	1918 	1923
f 1918 	1915 	1923
f 1876 	1923 	1915
f 1672 	1874 	1872
f 1672 	1872 	1676
f 1928 	1932 	1169
f 1932 	1760 	1169
f 1925 	1924 	1920
f 1925 	1920 	1934
f 1927 	1926 	1930
f 1927 	1930 	1933
f 1676 	1872 	1861
f 1676 	1861 	1691
f 1725 	1757 	1922
f 1876 	1881 	1922
f 1932 	1922 	1757
f 1760 	1767 	1169
f 1069 	1127 	1207
f 1930 	1926 	1990
f 1908 	1906 	1917
f 1908 	1917 	1921
f 1707 	1892 	1896
f 1219 	1217 	1207
f 1219 	1207 	1210
f 1936 	1938 	1942
f 1936 	1942 	1945
f 1909 	1912 	1904
f 1909 	1904 	1905
f 1927 	1933 	1995
f 1223 	1068 	1217
f 1130 	1068 	1223
f 5889 	1947 	1943
f 1946 	1948 	1949
f 1946 	1949 	1950
f 1265 	1934 	1920
f 1265 	1920 	1247
f 1953 	1954 	1955
f 1953 	1955 	1956
f 1936 	1945 	2077
f 1944 	1943 	1947
f 1944 	1947 	1951
f 1210 	1242 	1219
f 1227 	1219 	1242
f 1227 	1242 	1271
f 1423 	2300 	1270
f 1959 	1963 	2384
f 1965 	1966 	1967
f 1965 	1967 	1968
f 1244 	1242 	1263
f 1244 	1263 	1262
f 1969 	1273 	1270
f 1969 	1270 	1962
f 1959 	2384 	2387
f 1959 	2387 	1971
f 1242 	1210 	1263
f 1965 	1968 	1972
f 1965 	1972 	1975
f 1957 	1973 	1974
f 1957 	1974 	1976
f 1977 	2390 	1963
f 1978 	1946 	1950
f 1978 	1950 	1980
f 1952 	1958 	2040
f 1953 	1956 	1957
f 1953 	1957 	1976
f 1183 	1442 	1262
f 1244 	1522 	1278
f 1935 	1961 	1931
f 1935 	1931 	1984
f 1972 	1968 	1967
f 1972 	1967 	1979
f 1963 	1959 	1971
f 1963 	1971 	1977
f 1983 	1978 	1980
f 1983 	1980 	1986
f 1169 	1960 	1964
f 1169 	1964 	1970
f 1169 	1970 	1981
f 1985 	1169 	1981
f 1319 	1183 	5171
f 1987 	1979 	1967
f 1987 	1967 	1966
f 1988 	1989 	1927
f 1926 	1927 	1989
f 1983 	1986 	1949
f 1983 	1949 	1948
f 2161 	1939 	1937
f 1183 	1181 	5171
f 1926 	1989 	1990
f 1955 	1954 	1974
f 1955 	1974 	1973
f 1939 	2161 	1680
f 1374 	1407 	5171
f 1991 	1992 	1993
f 1991 	1993 	1994
f 1995 	1990 	1989
f 1995 	1989 	1988
f 1937 	1939 	1680
f 1937 	1680 	1684
f 1996 	2041 	1997
f 1406 	1320 	5171
f 3753 	3758 	5171
f 1991 	1994 	1998
f 1991 	1998 	1999
f 1861 	1860 	1665
f 1861 	1665 	1691
f 2000 	2001 	2002
f 2000 	2002 	2004
f 2000 	2004 	2007
f 2000 	2007 	2009
f 1998 	1994 	1993
f 1998 	1993 	2006
f 1320 	1319 	5171
f 2007 	2004 	2002
f 2007 	2002 	2013
f 2012 	2014 	1233
f 2011 	2006 	1993
f 2011 	1993 	1992
f 2015 	2155 	2016
f 1701 	1235 	1233
f 1701 	1233 	2014
f 1407 	1406 	5171
f 1552 	1407 	1374
f 2017 	2013 	2002
f 2017 	2002 	2001
f 1966 	1965 	1975
f 1966 	1975 	1987
f 2018 	2129 	2019
f 1716 	1701 	2014
f 1716 	2014 	2012
f 1992 	1991 	1999
f 1992 	1999 	2011
f 1995 	1988 	1927
f 1376 	1374 	5171
f 1376 	3759 	1584
f 2021 	2022 	2023
f 2021 	2023 	2024
f 2001 	2000 	2009
f 2001 	2009 	2017
f 1183 	1319 	1442
f 1453 	1262 	1442
f 2028 	2047 	2029
f 2021 	2024 	1711
f 2021 	1711 	1709
f 5896 	2032 	2026
f 1997 	1781 	1996
f 1778 	1996 	1781
f 1455 	1453 	1442
f 1455 	1442 	1445
f 1711 	2024 	2023
f 1711 	2023 	1725
f 2030 	2031 	2526
f 2018 	2019 	2003
f 2018 	2003 	2005
f 1728 	1725 	2023
f 1728 	2023 	2022
f 1244 	1262 	1453
f 2030 	2526 	2036
f 1716 	2012 	1143
f 2008 	2010 	2015
f 2008 	2015 	2016
f 1591 	1479 	1489
f 1982 	2035 	2349
f 1728 	2022 	2021
f 1728 	2021 	1709
f 2020 	2025 	2028
f 2020 	2028 	2029
f 1996 	2039 	2041
f 1406 	1489 	1445
f 1320 	1406 	1445
f 1455 	1445 	1489
f 1489 	1479 	1455
f 1532 	1455 	1479
f 1532 	1479 	1509
f 2040 	2545 	2037
f 2020 	2043 	2025
f 2042 	2025 	2043
f 1244 	1453 	1522
f 2028 	2045 	2047
f 2046 	2048 	2049
f 2046 	2049 	2050
f 2031 	2030 	2036
f 2031 	2036 	2044
f 2041 	2039 	1843
f 2051 	2052 	2053
f 2051 	2053 	2054
f 2040 	2037 	1952
f 1933 	1921 	1509
f 1995 	1933 	1626
f 1532 	1917 	1522
f 2047 	2045 	2042
f 2047 	2042 	2043
f 1914 	3637 	1961
f 2058 	1790 	2057
f 1374 	1546 	1552
f 2059 	2060 	2061
f 2059 	2061 	2062
f 2063 	1796 	2058
f 1489 	1552 	1591
f 1982 	2038 	2066
f 1982 	2066 	2035
f 1604 	1603 	1546
f 1604 	1546 	1584
f 1938 	1936 	2070
f 1938 	2070 	2071
f 5895 	2073 	2033
f 2064 	2065 	2067
f 2064 	2067 	2068
f 1938 	2071 	2074
f 1938 	2074 	1942
f 2069 	1798 	2072
f 1807 	2072 	1798
f 1552 	1546 	1591
f 1591 	1546 	1603
f 2075 	5897 	2034
f 2077 	2070 	1936
f 2076 	2063 	2058
f 2076 	2058 	2057
f 2078 	5902 	2027
f 1156 	1811 	2079
f 1584 	3773 	1604
f 2027 	2026 	2032
f 2027 	2032 	2078
f 2069 	2072 	1783
f 2074 	2071 	2070
f 2074 	2070 	2077
f 1156 	2079 	1735
f 1650 	1995 	1626
f 2034 	2033 	2073
f 2034 	2073 	2075
f 2079 	1811 	1735
f 1649 	1735 	1811
f 1603 	1650 	1626
f 1603 	1626 	1591
f 2088 	2084 	2081
f 2088 	2081 	2080
f 2090 	2085 	2083
f 2090 	2083 	2082
f 1740 	1651 	2089
f 2092 	2093 	2094
f 2092 	2094 	2095
f 2097 	2099 	2100
f 2097 	2100 	2101
f 1740 	2089 	2087
f 1740 	2087 	1749
f 2092 	2095 	2102
f 2092 	2102 	2103
f 3787 	3788 	4023
f 2101 	2100 	2104
f 2101 	2104 	2105
f 1656 	1749 	2087
f 2102 	2095 	2094
f 2102 	2094 	2106
f 2108 	2106 	2094
f 2108 	2094 	2093
f 2104 	2100 	2099
f 2104 	2099 	2109
f 1849 	1838 	1278
f 1278 	1522 	1849
f 1838 	1831 	1278
f 1831 	1773 	1271
f 1773 	1751 	1227
f 4705 	2088 	2080
f 2096 	2098 	2211
f 2110 	2111 	2112
f 2110 	2112 	2113
f 1787 	2090 	2082
f 1761 	1759 	1751
f 1761 	1751 	1750
f 2093 	2092 	2103
f 2093 	2103 	2108
f 2096 	2211 	2114
f 1859 	2059 	2062
f 1859 	2062 	1862
f 2097 	2101 	2105
f 2097 	2105 	2116
f 2115 	2117 	4277
f 1750 	1796 	1761
f 1766 	1809 	1750
f 1415 	1761 	1426
f 2064 	2068 	2110
f 2064 	2110 	2113
f 2118 	2221 	2098
f 1809 	2076 	2057
f 1809 	2057 	1790
f 2115 	4277 	2119
f 1766 	1773 	1830
f 1869 	1868 	2060
f 2061 	2060 	1868
f 2118 	2098 	2096
f 2118 	2096 	2114
f 2099 	2097 	2116
f 2099 	2116 	2109
f 2112 	2111 	2067
f 2112 	2067 	2065
f 1223 	1227 	1751
f 1759 	1223 	1751
f 2086 	2091 	2235
f 2122 	2123 	2218
f 2125 	2005 	2124
f 2003 	2124 	2005
f 2128 	1225 	2127
f 2122 	2218 	2130
f 2018 	2131 	2129
f 2117 	2115 	2119
f 2117 	2119 	2126
f 2129 	2131 	2125
f 2129 	2125 	2124
f 1809 	1796 	1750
f 1796 	1807 	1761
f 1426 	1761 	1807
f 2107 	2136 	2137
f 2107 	2137 	2138
f 2134 	2139 	2140
f 2134 	2140 	2141
f 1831 	1830 	1773
f 2133 	2123 	2122
f 2133 	2122 	2130
f 1849 	1848 	1835
f 1849 	1835 	1838
f 2140 	2139 	2196
f 2143 	2135 	2144
f 2143 	2144 	2145
f 2107 	2138 	1757
f 2107 	1757 	1755
f 1757 	2138 	2137
f 1757 	2137 	1760
f 2054 	2283 	2051
f 2046 	2277 	2054
f 2050 	2431 	2046
f 2142 	2427 	2050
f 2056 	2051 	2286
f 1767 	1760 	2137
f 1767 	2137 	2136
f 1856 	1916 	1854
f 2151 	1864 	2149
f 2150 	2146 	2148
f 2150 	2148 	2152
f 1767 	2136 	2107
f 1767 	2107 	1755
f 2153 	1870 	2151
f 2154 	2155 	2156
f 2154 	2156 	2157
f 1227 	1271 	1773
f 1271 	1278 	1831
f 2158 	2049 	1174
f 1174 	2049 	2048
f 2053 	1174 	2048
f 2052 	2055 	1174
f 2055 	4527 	1174
f 2153 	2151 	2149
f 2153 	2149 	2159
f 2161 	1937 	2160
f 2162 	2132 	2128
f 2162 	2128 	2127
f 1875 	2159 	2149
f 1875 	2149 	1864
f 1846 	1680 	2161
f 2164 	2165 	6496
f 1232 	2162 	2127
f 1232 	2127 	1225
f 1846 	2161 	2160
f 1846 	2160 	1852
f 1733 	3637 	1914
f 2165 	1169 	2163
f 2166 	1169 	2164
f 1985 	2163 	1169
f 2167 	2168 	2206
f 2015 	2156 	2155
f 1451 	2282 	1234
f 2167 	2206 	2171
f 2160 	1937 	1852
f 1684 	1852 	1937
f 2172 	1169 	2170
f 2170 	1169 	2166
f 2154 	2157 	2010
f 2154 	2010 	2008
f 2174 	2175 	1476
f 1474 	1476 	2175
f 2176 	2177 	2178
f 2176 	2178 	2179
f 2173 	2168 	2167
f 2173 	2167 	2171
f 1474 	2175 	1481
f 1857 	1481 	2175
f 2180 	2181 	2182
f 2180 	2182 	2183
f 2177 	2148 	2178
f 2146 	2178 	2148
f 2185 	1880 	2184
f 2152 	2176 	2179
f 2152 	2179 	2150
f 2188 	1240 	1234
f 2188 	1234 	2169
f 2192 	2134 	2190
f 2141 	2190 	2134
f 2183 	1174 	2180
f 2191 	1174 	2183
f 2187 	2180 	1174
f 2189 	2185 	2184
f 2189 	2184 	2193
f 2195 	2158 	2194
f 2192 	2190 	2196
f 2192 	2196 	2197
f 1885 	2193 	2184
f 1885 	2184 	1880
f 2199 	2200 	2191
f 2199 	2191 	2201
f 2139 	2197 	2196
f 2086 	2198 	2202
f 2086 	2202 	2091
f 2206 	2168 	2203
f 2204 	2205 	2207
f 2204 	2207 	2209
f 2211 	2098 	2210
f 2191 	2200 	1174
f 1174 	2200 	2194
f 1174 	2194 	2158
f 2206 	2212 	2171
f 2213 	2204 	2209
f 2213 	2209 	2214
f 2211 	2215 	2114
f 2218 	2123 	2217
f 2221 	2210 	2098
f 1867 	1857 	2175
f 1867 	2175 	2174
f 2218 	2222 	2130
f 2201 	2690 	2199
f 2182 	2690 	2201
f 2186 	2805 	2181
f 2181 	2774 	2182
f 2690 	2693 	2199
f 2223 	2224 	2225
f 2223 	2225 	2226
f 2147 	2208 	2219
f 2147 	2219 	2220
f 2211 	2210 	2221
f 2211 	2221 	2215
f 2223 	2226 	1866
f 2223 	1866 	1865
f 2133 	2227 	2217
f 2133 	2217 	2123
f 2212 	2206 	2203
f 2212 	2203 	2230
f 2147 	2220 	2228
f 2147 	2228 	2231
f 2298 	2198 	2229
f 2216 	2213 	2214
f 2216 	2214 	2232
f 2222 	2218 	2217
f 2222 	2217 	2227
f 2233 	2234 	2219
f 2233 	2219 	2208
f 2235 	2298 	2229
f 2216 	2232 	2207
f 2216 	2207 	2205
f 2173 	2230 	2203
f 2173 	2203 	2168
f 2144 	2135 	2583
f 2236 	2238 	2240
f 2236 	2240 	2241
f 2237 	2239 	2330
f 2242 	2243 	2244
f 2242 	2244 	2245
f 2228 	2220 	2219
f 2228 	2219 	2234
f 2246 	2236 	2241
f 2246 	2241 	2247
f 2237 	2330 	2248
f 1883 	1875 	1835
f 1830 	1835 	1875
f 1870 	1830 	1875
f 1766 	1830 	1870
f 1885 	1883 	1854
f 1835 	1848 	1883
f 1854 	1883 	1848
f 2143 	2145 	2623
f 2242 	2245 	2249
f 2242 	2249 	2250
f 2251 	2252 	2253
f 2251 	2253 	2254
f 2208 	2147 	2231
f 2208 	2231 	2233
f 2257 	2258 	1079
f 1077 	1079 	2258
f 2256 	2251 	2254
f 2256 	2254 	2259
f 1650 	1654 	2009
f 2017 	2009 	1654
f 3846 	4024 	3788
f 1866 	2226 	2225
f 1866 	2225 	1876
f 2261 	2256 	2259
f 2261 	2259 	2264
f 1917 	1916 	1856
f 2260 	2262 	4299
f 2263 	2265 	2258
f 2263 	2258 	2257
f 1881 	1876 	2225
f 1881 	2225 	2224
f 2246 	2247 	2266
f 2246 	2266 	2267
f 2260 	4299 	4301
f 2260 	4301 	2269
f 2268 	2249 	2245
f 2268 	2245 	2244
f 2261 	2264 	2253
f 2261 	2253 	2252
f 1482 	1867 	2174
f 1482 	2174 	1476
f 1933 	1930 	1919
f 1933 	1919 	1921
f 2267 	2266 	2240
f 2267 	2240 	2238
f 2224 	2223 	1865
f 2224 	1865 	1881
f 2265 	1085 	2258
f 1077 	2258 	1085
f 2273 	2274 	7000
f 2040 	1958 	1930
f 2275 	2268 	2244
f 2275 	2244 	2243
f 2273 	7000 	1895
f 2243 	2242 	2250
f 2243 	2250 	2275
f 1532 	1509 	1921
f 1856 	1849 	1522
f 1917 	1532 	1921
f 2235 	2229 	2086
f 2263 	2257 	1079
f 2255 	2239 	2237
f 2255 	2237 	2248
f 2387 	2193 	1971
f 1890 	4398 	2278
f 1234 	2282 	2169
f 2390 	1977 	1958
f 2283 	2277 	2280
f 2277 	2276 	2280
f 4207 	2281 	2284
f 2169 	2282 	2285
f 2169 	2285 	2188
f 2274 	2273 	1895
f 2274 	1895 	1899
f 2286 	2051 	2283
f 2283 	2054 	2277
f 1977 	1971 	1916
f 1854 	1916 	1971
f 1916 	1919 	1977
f 1958 	1977 	1919
f 1919 	1930 	1958
f 1890 	2278 	1563
f 2290 	1461 	2289
f 3346 	2294 	2287
f 2295 	1465 	2290
f 2295 	2290 	2289
f 2295 	2289 	2297
f 2262 	2260 	2269
f 2262 	2269 	2270
f 2009 	2007 	1990
f 2009 	1990 	1995
f 2284 	2281 	1108
f 1467 	2297 	2289
f 1467 	2289 	1461
f 2272 	2293 	2684
f 4037 	2044 	2013
f 2288 	2287 	2294
f 2288 	2294 	2296
f 2086 	2229 	2198
f 1962 	1270 	2300
f 2299 	2301 	2302
f 2299 	2302 	2303
f 2198 	2298 	2304
f 2198 	2304 	2202
f 2406 	4938 	2279
f 2299 	2303 	2306
f 2299 	2306 	2307
f 2235 	2304 	2298
f 1509 	1626 	1933
f 2009 	1995 	1650
f 1917 	1856 	1522
f 2308 	2309 	2592
f 2291 	2292 	6996
f 2306 	2303 	2302
f 2306 	2302 	2310
f 2545 	2040 	2036
f 2291 	6996 	4399
f 2291 	4399 	1915
f 1918 	4402 	2292
f 2314 	2310 	2302
f 2314 	2302 	2301
f 2305 	1969 	1962
f 2305 	1962 	2300
f 2036 	2040 	1990
f 1930 	1990 	2040
f 2044 	2036 	2007
f 2007 	2036 	1990
f 2007 	2013 	2044
f 1918 	2292 	2291
f 1918 	2291 	1915
f 2316 	2317 	2318
f 2316 	2318 	2319
f 1982 	2320 	2038
f 2321 	2038 	2320
f 2322 	2323 	2325
f 2322 	2325 	2326
f 2316 	2319 	2327
f 2316 	2327 	2328
f 2072 	1807 	1796
f 2072 	1796 	2063
f 2330 	2239 	2329
f 2322 	2326 	1923
f 2322 	1923 	1922
f 2327 	2319 	2318
f 2327 	2318 	2331
f 2263 	1806 	2085
f 2330 	2332 	2248
f 1923 	2326 	2325
f 1923 	2325 	1928
f 2333 	2379 	2335
f 2334 	2331 	2318
f 2334 	2318 	2317
f 2332 	2330 	2329
f 2332 	2329 	2336
f 2105 	2104 	2085
f 2105 	2085 	2090
f 1932 	1928 	2325
f 1932 	2325 	2323
f 2271 	2311 	2333
f 2271 	2333 	2335
f 2301 	2299 	2307
f 2301 	2307 	2314
f 2255 	2336 	2329
f 2255 	2329 	2239
f 1932 	2323 	2322
f 1932 	2322 	1922
f 2315 	2324 	2312
f 2315 	2312 	2313
f 2317 	2316 	2328
f 2317 	2328 	2334
f 2116 	2105 	2063
f 2076 	2116 	2063
f 2072 	2063 	2105
f 2105 	2090 	2072
f 1783 	2072 	2090
f 1783 	2090 	1787
f 2375 	2344 	2342
f 2340 	2066 	2038
f 2340 	2038 	2321
f 2339 	2343 	4378
f 2346 	2337 	2338
f 2346 	2338 	2347
f 2076 	1809 	1870
f 1766 	1870 	1809
f 1870 	2153 	2076
f 2116 	2076 	2153
f 2307 	2109 	2222
f 2339 	4378 	2351
f 2349 	2320 	1982
f 2342 	2344 	2324
f 2342 	2324 	2315
f 5936 	2353 	2348
f 2354 	2389 	2357
f 2356 	5938 	2350
f 2355 	2358 	4385
f 2109 	2116 	2130
f 2153 	2130 	2116
f 2341 	2345 	2460
f 3366 	2363 	4385
f 2355 	4385 	2363
f 2159 	2133 	2153
f 2133 	2130 	2153
f 2350 	2348 	2353
f 2350 	2353 	2356
f 2357 	2338 	2354
f 2337 	2354 	2338
f 1875 	1883 	2159
f 2343 	2339 	2351
f 2343 	2351 	2352
f 2361 	2362 	2359
f 2361 	2359 	2360
f 2366 	2365 	2367
f 2366 	2367 	2368
f 1931 	1961 	3631
f 2358 	2355 	2363
f 2358 	2363 	2364
f 2271 	2371 	2311
f 2369 	2311 	2371
f 2370 	2372 	2373
f 2370 	2373 	2374
f 2376 	2313 	2375
f 2312 	2375 	2313
f 1952 	2037 	2377
f 2340 	2321 	2320
f 2340 	2320 	2349
f 2378 	1958 	1952
f 2378 	1952 	2377
f 2369 	2371 	2379
f 2369 	2379 	2380
f 2193 	2173 	2189
f 2173 	2171 	2189
f 2171 	2159 	2189
f 1883 	2189 	2159
f 2342 	2376 	2375
f 2370 	2374 	2381
f 2370 	2381 	2382
f 2384 	1963 	2383
f 2333 	2380 	2379
f 1854 	1971 	1885
f 2193 	1885 	1971
f 2173 	2193 	2387
f 2385 	2386 	2373
f 2385 	2373 	2372
f 2354 	2388 	2389
f 1302 	1301 	1734
f 1302 	1734 	1738
f 2392 	2360 	2391
f 2359 	2391 	2360
f 2390 	2383 	1963
f 2437 	2367 	2365
f 2394 	2362 	2393
f 2361 	2393 	2362
f 2227 	2133 	2212
f 2159 	2171 	2133
f 2212 	2133 	2171
f 2378 	2377 	2534
f 2374 	2373 	2386
f 2374 	2386 	2381
f 2347 	2389 	2388
f 2347 	2388 	2346
f 2366 	2368 	2436
f 2394 	2393 	2392
f 2394 	2392 	2391
f 2384 	2383 	2390
f 2384 	2390 	2387
f 6390 	6391 	2395
f 6390 	2395 	2396
f 2372 	2370 	2382
f 2372 	2382 	2385
f 2397 	2398 	2399
f 2397 	2399 	2400
f 1981 	6390 	2396
f 2402 	2403 	2404
f 2402 	2404 	2405
f 2230 	2334 	2212
f 2334 	2328 	2212
f 2279 	2280 	2308
f 2406 	2279 	2308
f 2309 	2308 	2276
f 2276 	2308 	2280
f 6186 	6187 	2407
f 6186 	2407 	2408
f 2409 	2410 	2411
f 2409 	2411 	2412
f 1940 	6186 	2408
f 2409 	2412 	2414
f 2409 	2414 	2415
f 1960 	2407 	6187
f 2414 	2412 	2411
f 2414 	2411 	2419
f 2265 	2263 	2250
f 2265 	2250 	2249
f 2422 	2419 	2411
f 2422 	2411 	2410
f 6396 	2424 	2425
f 2402 	2405 	2413
f 2402 	2413 	2416
f 2420 	2421 	2472
f 2422 	2410 	2409
f 2422 	2409 	2415
f 2429 	2430 	2366
f 2365 	2366 	2430
f 2427 	2428 	2418
f 2427 	2418 	2431
f 2432 	2433 	2434
f 2432 	2434 	2435
f 2436 	2437 	2430
f 2436 	2430 	2429
f 2439 	1435 	2438
f 2296 	2294 	2249
f 2268 	2296 	2249
f 2440 	2441 	2442
f 2440 	2442 	2443
f 2413 	2405 	2404
f 2413 	2404 	2444
f 2428 	2423 	2449
f 2445 	1441 	2439
f 2365 	2430 	2437
f 2109 	2307 	2275
f 2268 	2275 	2306
f 2447 	2444 	2404
f 2447 	2404 	2403
f 2445 	2439 	2438
f 2445 	2438 	2448
f 2427 	2142 	2426
f 2431 	2050 	2427
f 2277 	2046 	2431
f 2158 	2195 	2142
f 2426 	2142 	2701
f 2403 	2402 	2416
f 2403 	2416 	2447
f 2109 	2275 	2104
f 2275 	2250 	2104
f 2085 	2104 	2250
f 2263 	2085 	2250
f 2450 	2451 	2418
f 2418 	2428 	2450
f 1444 	2448 	2438
f 1444 	2438 	1435
f 1985 	1981 	2396
f 1985 	2396 	2395
f 2436 	2429 	2366
f 2454 	1600 	2452
f 2420 	2472 	2453
f 2408 	2407 	1960
f 2408 	1960 	1940
f 2284 	2294 	3346
f 2425 	2424 	1970
f 2425 	1970 	1964
f 2455 	2454 	2452
f 2455 	2452 	2457
f 2456 	2480 	2421
f 2645 	2451 	2450
f 2645 	2450 	2644
f 2265 	2249 	2294
f 2294 	2284 	2265
f 1085 	2265 	2284
f 1985 	2395 	6391
f 1301 	1931 	3667
f 2306 	2275 	2307
f 2421 	2420 	2453
f 2421 	2453 	2456
f 2459 	2461 	2462
f 2459 	2462 	2463
f 2508 	2464 	2401
f 2465 	2466 	2467
f 2465 	2467 	2468
f 2457 	2452 	1600
f 2328 	2327 	2310
f 2328 	2310 	2314
f 2401 	2464 	2469
f 2401 	2469 	2417
f 2465 	2468 	2050
f 2465 	2050 	2049
f 2459 	2463 	2560
f 2472 	2421 	2470
f 2471 	2473 	2474
f 2471 	2474 	2475
f 2477 	1580 	2476
f 2472 	2478 	2453
f 2048 	2046 	2474
f 2048 	2474 	2473
f 2334 	2585 	2331
f 2586 	2585 	2334
f 2479 	1595 	2477
f 2480 	2470 	2421
f 2481 	2482 	6637
f 2471 	2475 	2054
f 2471 	2054 	2053
f 2479 	2477 	2476
f 2479 	2476 	2483
f 2469 	2464 	2508
f 5941 	2485 	6637
f 2481 	6637 	2485
f 2222 	2227 	2314
f 2307 	2222 	2314
f 2130 	2222 	2109
f 2328 	2314 	2227
f 2227 	2212 	2328
f 2230 	2478 	2586
f 2484 	2486 	2487
f 2484 	2487 	2488
f 2472 	2470 	2480
f 2472 	2480 	2478
f 2052 	2051 	2487
f 2052 	2487 	2486
f 2446 	2399 	2398
f 2446 	2398 	2491
f 2460 	2458 	2341
f 2352 	2363 	3366
f 2484 	2488 	2056
f 2484 	2056 	2055
f 2492 	2493 	2494
f 2492 	2494 	2495
f 2442 	2441 	2434
f 2442 	2434 	2433
f 2482 	2481 	2485
f 2482 	2485 	2490
f 2142 	2050 	2468
f 2142 	2468 	2467
f 2492 	2495 	2498
f 2492 	2498 	2499
f 2475 	2474 	2046
f 2475 	2046 	2054
f 2496 	2446 	2491
f 2496 	2491 	2501
f 2502 	2503 	2497
f 2502 	2497 	2500
f 2508 	2401 	2506
f 2504 	2505 	2507
f 2504 	2507 	2509
f 2488 	2487 	2051
f 2488 	2051 	2056
f 2306 	2310 	2352
f 2351 	2306 	2352
f 2268 	2306 	2351
f 2363 	2352 	2310
f 2310 	2327 	2363
f 2331 	2364 	2327
f 2364 	2363 	2327
f 2507 	2505 	2512
f 2507 	2512 	2513
f 2510 	2511 	2508
f 2510 	2508 	2506
f 2158 	2142 	2467
f 2158 	2467 	2466
f 2514 	2513 	2512
f 2514 	2512 	2515
f 2498 	2495 	2494
f 2498 	2494 	2516
f 2466 	2465 	2049
f 2466 	2049 	2158
f 2397 	2400 	2496
f 2397 	2496 	2501
f 1958 	2378 	2390
f 2508 	2511 	2469
f 2473 	2471 	2053
f 2473 	2053 	2048
f 2517 	2516 	2494
f 2517 	2494 	2493
f 2486 	2484 	2055
f 2486 	2055 	2052
f 2432 	2435 	2440
f 2432 	2440 	2443
f 2453 	2478 	2173
f 2517 	2493 	2492
f 2517 	2492 	2499
f 2521 	2522 	2518
f 2521 	2518 	2519
f 2504 	2509 	2514
f 2504 	2514 	2515
f 2480 	2456 	2417
f 2417 	2510 	2506
f 2417 	2506 	2401
f 2526 	2031 	2525
f 2378 	2417 	2390
f 2417 	2456 	2390
f 2387 	2390 	2456
f 2387 	2456 	2453
f 2387 	2453 	2173
f 2530 	2036 	2526
f 2534 	2377 	2037
f 2588 	2586 	2478
f 2173 	2478 	2230
f 2537 	2705 	2539
f 2540 	2523 	2524
f 2540 	2524 	2541
f 2417 	2469 	2480
f 2489 	2520 	2538
f 2489 	2538 	2542
f 2527 	2529 	2537
f 2527 	2537 	2539
f 1623 	2483 	2476
f 1623 	2476 	1580
f 2588 	2478 	2480
f 2469 	2511 	2627
f 2480 	2469 	2588
f 2535 	2536 	2532
f 2535 	2532 	2533
f 2489 	2542 	2569
f 2540 	2541 	2558
f 2545 	2534 	2037
f 2548 	2549 	2550
f 2548 	2550 	2551
f 2461 	2459 	2552
f 2461 	2552 	2553
f 2530 	2526 	2525
f 2530 	2525 	2554
f 2555 	2556 	2557
f 2555 	2557 	2558
f 2499 	2498 	2511
f 2499 	2511 	2510
f 2461 	2553 	2559
f 2461 	2559 	2462
f 6496 	2165 	2546
f 2166 	2164 	2544
f 2166 	2544 	2543
f 2534 	2545 	2378
f 2559 	2553 	2552
f 2559 	2552 	2560
f 2555 	2558 	2541
f 2561 	2562 	2528
f 2561 	2528 	2531
f 2547 	2546 	2165
f 2547 	2165 	2163
f 2560 	2552 	2459
f 2498 	2627 	2511
f 2516 	2624 	2498
f 2590 	2598 	2549
f 2550 	2549 	2598
f 2520 	2489 	2563
f 2520 	2563 	2564
f 2556 	2524 	2557
f 2523 	2557 	2524
f 2554 	4206 	2517
f 2516 	2517 	4260
f 2520 	2564 	2565
f 2520 	2565 	2538
f 2565 	2564 	2563
f 2565 	2563 	2569
f 2044 	2554 	2525
f 2044 	2525 	2031
f 2700 	2570 	2568
f 7081 	7082 	2571
f 7081 	2571 	2572
f 2569 	2563 	2489
f 2566 	2567 	2603
f 2170 	7081 	2572
f 2518 	2522 	2838
f 2574 	2573 	2575
f 2574 	2575 	2576
f 2451 	2309 	2276
f 2276 	2418 	2451
f 2568 	2570 	2536
f 2568 	2536 	2535
f 2577 	2578 	2143
f 2135 	2143 	2578
f 2579 	2580 	2581
f 2579 	2581 	2582
f 2579 	2582 	2585
f 2579 	2585 	2586
f 2170 	2572 	2571
f 2170 	2571 	2172
f 2036 	2530 	2545
f 2587 	2548 	2584
f 2551 	2584 	2548
f 2449 	2450 	2428
f 2517 	2499 	2530
f 2554 	2517 	2530
f 2545 	2530 	2499
f 2499 	2510 	2545
f 2378 	2545 	2510
f 2378 	2510 	2417
f 2588 	2589 	2581
f 2588 	2581 	2580
f 2591 	2308 	2592
f 2626 	2575 	2573
f 2500 	2497 	2593
f 2500 	2593 	2594
f 2582 	2581 	2589
f 2582 	2589 	2585
f 2596 	2502 	2594
f 2500 	2594 	2502
f 2597 	2596 	2594
f 2597 	2594 	2593
f 3677 	1818 	1734
f 2590 	2587 	2584
f 2590 	2584 	2598
f 2172 	2571 	7082
f 2601 	2602 	2599
f 2601 	2599 	2600
f 2576 	2575 	2589
f 2576 	2589 	2588
f 2603 	2604 	2566
f 2589 	2575 	2614
f 2648 	2614 	2575
f 2648 	2575 	2626
f 2588 	2469 	2576
f 2334 	2230 	2586
f 2503 	2597 	2593
f 2503 	2593 	2497
f 2580 	2579 	2586
f 2580 	2586 	2588
f 2605 	2606 	2607
f 2605 	2607 	2609
f 2599 	2602 	2740
f 2611 	2604 	2610
f 2603 	2610 	2604
f 2183 	2182 	2605
f 2183 	2605 	2609
f 2592 	2617 	2591
f 2135 	2578 	2583
f 2613 	2608 	2585
f 2331 	2585 	2608
f 2364 	2331 	2608
f 2585 	2589 	2613
f 2614 	2613 	2589
f 2616 	2617 	2619
f 2616 	2619 	2620
f 2618 	2752 	2615
f 2621 	2622 	5004
f 2624 	2625 	2626
f 2624 	2626 	2627
f 2623 	2583 	2578
f 2623 	2578 	2577
f 2621 	5004 	2608
f 2617 	2592 	2619
f 2628 	2591 	2617
f 2528 	2631 	2531
f 2629 	2630 	2632
f 2629 	2632 	2634
f 2626 	2625 	2648
f 2640 	4317 	2633
f 2691 	2612 	2614
f 2691 	2614 	2648
f 2658 	2657 	5842
f 5842 	5855 	2658
f 2636 	2637 	2638
f 2636 	2638 	2641
f 2629 	2634 	2642
f 2629 	2642 	2643
f 2622 	2621 	2608
f 2622 	2608 	2613
f 2627 	2498 	2624
f 2576 	2469 	2627
f 2640 	2624 	2516
f 2636 	2641 	2181
f 2636 	2181 	2180
f 2642 	2634 	2632
f 2642 	2632 	2647
f 2187 	2186 	2638
f 2187 	2638 	2637
f 3430 	2648 	2653
f 2646 	2649 	2652
f 2646 	2652 	2655
f 2654 	2647 	2632
f 2654 	2632 	2630
f 2191 	2183 	2609
f 2191 	2609 	2607
f 2656 	2657 	2658
f 2656 	2658 	2660
f 2637 	2636 	2180
f 2637 	2180 	2187
f 2623 	2577 	2143
f 2646 	2655 	2625
f 2646 	2625 	2624
f 2630 	2629 	2643
f 2630 	2643 	2654
f 2657 	2661 	5828
f 2662 	2663 	2574
f 2573 	2574 	2663
f 2633 	2659 	2653
f 2648 	2625 	2653
f 2633 	2653 	2625
f 2191 	2607 	2606
f 2191 	2606 	2201
f 2664 	2666 	4382
f 2611 	2610 	2650
f 2611 	2650 	2651
f 2627 	2626 	2663
f 2627 	2663 	2662
f 2667 	2668 	2669
f 2667 	2669 	2670
f 2667 	2670 	2195
f 2667 	2195 	2194
f 2625 	2655 	2652
f 2625 	2652 	2633
f 2664 	4382 	2675
f 2592 	2645 	2660
f 2619 	2592 	2660
f 2656 	2660 	2645
f 2645 	2644 	2656
f 2665 	2656 	2644
f 2665 	2644 	2676
f 2674 	1614 	1616
f 2674 	1616 	2677
f 2200 	2199 	2669
f 2200 	2669 	2668
f 2573 	2663 	2626
f 2668 	2667 	2194
f 2668 	2194 	2200
f 4388 	2272 	2678
f 2672 	2673 	2679
f 2672 	2679 	2681
f 2677 	3715 	2674
f 2680 	3715 	2677
f 2671 	2674 	3715
f 2640 	2633 	2652
f 2640 	2652 	2649
f 2606 	2605 	2182
f 2606 	2182 	2201
f 2649 	2646 	2624
f 2649 	2624 	2640
f 2676 	2902 	2665
f 2661 	2665 	2903
f 2682 	2683 	2685
f 2682 	2685 	2686
f 2641 	2638 	2186
f 2641 	2186 	2181
f 1622 	2689 	2680
f 2576 	2627 	2662
f 2576 	2662 	2574
f 2685 	2683 	2679
f 2685 	2679 	2673
f 2670 	2669 	2199
f 2670 	2199 	2195
f 3715 	2680 	2689
f 1679 	2689 	1622
f 2650 	2567 	2651
f 2566 	2651 	2567
f 2690 	2692 	2688
f 2690 	2688 	2693
f 2682 	2686 	2672
f 2682 	2672 	2681
f 3715 	2689 	2694
f 2648 	3430 	2691
f 2696 	2694 	1685
f 2527 	2699 	2529
f 2695 	2529 	2699
f 2697 	2698 	5023
f 2697 	5023 	5024
f 2195 	2199 	2693
f 2701 	2195 	2693
f 2702 	2533 	2700
f 2532 	2700 	2533
f 2704 	2788 	2703
f 2694 	2696 	3715
f 2697 	5024 	2653
f 2695 	2699 	2705
f 2695 	2705 	2706
f 2703 	2788 	2276
f 2707 	2708 	3717
f 2659 	5023 	2698
f 2618 	2615 	2727
f 2568 	2702 	2700
f 2537 	2706 	2705
f 2531 	2631 	2639
f 2531 	2639 	2561
f 2277 	2704 	2703
f 2277 	2703 	2276
f 2698 	2697 	2653
f 2698 	2653 	2659
f 2711 	2712 	2714
f 2711 	2714 	2716
f 2713 	2715 	2708
f 2713 	2708 	2719
f 2717 	2720 	2721
f 2717 	2721 	2722
f 2723 	2711 	2716
f 2723 	2716 	2725
f 2615 	2718 	2727
f 2717 	2722 	2280
f 2717 	2280 	2279
f 2708 	2715 	3717
f 3717 	2715 	2709
f 2728 	2723 	2725
f 2728 	2725 	2729
f 2283 	2280 	2722
f 2283 	2722 	2721
f 2677 	1616 	2726
f 2600 	2599 	2730
f 2600 	2730 	2731
f 2728 	2729 	2714
f 2728 	2714 	2712
f 2286 	2283 	2721
f 2286 	2721 	2720
f 2684 	4390 	4388
f 2684 	4388 	2678
f 2733 	2601 	2731
f 2600 	2731 	2601
f 2732 	2864 	2719
f 2713 	2719 	2862
f 2736 	2737 	2738
f 2736 	2738 	2739
f 2740 	2730 	2599
f 3717 	2744 	2707
f 2732 	2707 	2753
f 2741 	2736 	2739
f 2741 	2739 	2742
f 2671 	1609 	2735
f 2731 	2730 	2740
f 2731 	2740 	2733
f 2745 	2741 	2742
f 2745 	2742 	2746
f 1614 	2674 	2734
f 2743 	2744 	3717
f 2855 	2718 	2747
f 2680 	2677 	2726
f 2680 	2726 	2724
f 2752 	2747 	2615
f 2748 	2749 	2750
f 2748 	2750 	2751
f 2720 	2717 	2279
f 2720 	2279 	2286
f 2735 	2734 	2674
f 2735 	2674 	2671
f 2754 	2748 	2751
f 2754 	2751 	2755
f 2757 	2848 	2756
f 2759 	2750 	2749
f 2759 	2749 	2760
f 2753 	2707 	2744
f 2449 	2423 	2687
f 2688 	2770 	2687
f 2701 	2687 	2423
f 2423 	2426 	2701
f 2701 	2142 	2195
f 2745 	2746 	2738
f 2745 	2738 	2737
f 2754 	2755 	2759
f 2754 	2759 	2760
f 2851 	2764 	2836
f 1622 	2680 	2724
f 2767 	2758 	2761
f 2758 	2743 	2761
f 3717 	2761 	2743
f 2592 	2309 	2764
f 2528 	2769 	2631
f 2762 	2688 	2763
f 2770 	2688 	2762
f 2688 	2692 	2763
f 2406 	2308 	2757
f 2406 	2757 	2756
f 2631 	2769 	2771
f 2631 	2771 	2639
f 2792 	2912 	2767
f 2758 	2767 	2914
f 2836 	2764 	2309
f 2836 	2309 	2451
f 2449 	2687 	2770
f 2676 	2449 	2770
f 2855 	2747 	2752
f 2775 	2776 	1850
f 2562 	2771 	2769
f 2562 	2769 	2528
f 2689 	1679 	2773
f 2780 	1114 	2779
f 1855 	1114 	2780
f 2666 	2664 	2675
f 2666 	2675 	2777
f 2689 	2773 	2772
f 2689 	2772 	2694
f 1110 	2783 	2784
f 2406 	2756 	2848
f 2690 	2182 	2774
f 2684 	2678 	2272
f 2788 	2704 	2786
f 2765 	2766 	2768
f 2765 	2768 	2778
f 2696 	2776 	3715
f 2776 	2775 	3715
f 2780 	3715 	2775
f 3715 	2780 	2779
f 3715 	2779 	2784
f 3715 	2784 	2783
f 1685 	2694 	2772
f 2788 	2418 	2276
f 2431 	2418 	2788
f 2431 	2788 	2786
f 2846 	2867 	2766
f 2768 	2766 	2867
f 2790 	2791 	2792
f 2790 	2792 	2797
f 2799 	2800 	2801
f 2799 	2801 	2802
f 2696 	7743 	2795
f 2426 	2423 	2801
f 2426 	2801 	2800
f 2787 	2793 	2794
f 2787 	2794 	2808
f 2798 	2805 	2186
f 2799 	2802 	2428
f 2799 	2428 	2427
f 2827 	3204 	2809
f 2810 	2887 	2811
f 2428 	2802 	2801
f 2428 	2801 	2423
f 3018 	2803 	2804
f 2812 	2789 	2805
f 2789 	2774 	2805
f 2774 	2181 	2805
f 2277 	2431 	2786
f 2277 	2786 	2704
f 2809 	2813 	2827
f 2814 	2815 	2816
f 2814 	2816 	2817
f 2806 	2807 	2810
f 2806 	2810 	2811
f 2800 	2799 	2427
f 2800 	2427 	2426
f 2818 	2819 	2820
f 2818 	2820 	2821
f 2796 	3234 	3276
f 2797 	3717 	2790
f 2761 	3717 	2797
f 2813 	2790 	3717
f 2708 	2707 	2814
f 2708 	2814 	2817
f 2824 	2820 	2819
f 2824 	2819 	2825
f 2450 	2449 	2822
f 2450 	2822 	2823
f 2785 	2826 	2781
f 2785 	2781 	2782
f 2450 	2823 	2644
f 2519 	2518 	2831
f 2519 	2831 	2832
f 2708 	2817 	2816
f 2708 	2816 	2719
f 2824 	2825 	2829
f 2824 	2829 	2830
f 2833 	2834 	2828
f 2833 	2828 	2835
f 2832 	2831 	2838
f 2832 	2838 	2840
f 2837 	2839 	2841
f 2837 	2841 	2842
f 2818 	2821 	2830
f 2818 	2830 	2829
f 2451 	2645 	2836
f 3381 	3236 	2834
f 2837 	2842 	2710
f 2837 	2710 	2709
f 2778 	2844 	2765
f 2843 	2765 	2844
f 2822 	2449 	2676
f 2715 	2713 	2841
f 2715 	2841 	2839
f 2840 	2521 	2832
f 2519 	2832 	2521
f 2845 	3717 	2835
f 2833 	2835 	3717
f 2848 	2757 	2847
f 2787 	2808 	2849
f 2787 	2849 	2850
f 2839 	2837 	2709
f 2839 	2709 	2715
f 2781 	2826 	2893
f 2847 	2757 	2591
f 2308 	2591 	2757
f 2813 	3717 	2845
f 2827 	2813 	2845
f 2838 	2831 	2518
f 2764 	2851 	2592
f 2615 	2747 	2718
f 2732 	2719 	2816
f 2732 	2816 	2815
f 2857 	2812 	2852
f 2812 	2796 	2852
f 2848 	2595 	2406
f 2718 	2855 	2859
f 2718 	2859 	2727
f 2842 	2841 	2713
f 2842 	2713 	2710
f 2848 	2847 	2591
f 2848 	2591 	2595
f 2860 	2753 	2920
f 2789 	2861 	2763
f 2763 	2692 	2789
f 2752 	2859 	2855
f 2815 	2814 	2707
f 2815 	2707 	2732
f 2645 	2592 	2851
f 2849 	2808 	2794
f 2849 	2794 	2865
f 2846 	2843 	2844
f 2846 	2844 	2867
f 2862 	2864 	2854
f 2864 	2856 	2854
f 2812 	2857 	2861
f 2812 	2861 	2789
f 2868 	2865 	2794
f 2868 	2794 	2793
f 2871 	2873 	2874
f 2871 	2874 	2878
f 2875 	2877 	2880
f 2875 	2880 	2882
f 2782 	2781 	2879
f 2782 	2879 	2881
f 2862 	2719 	2864
f 6288 	2710 	2870
f 2860 	2864 	2732
f 2758 	2920 	2753
f 2876 	2883 	2884
f 2876 	2884 	2885
f 2744 	2743 	2871
f 2744 	2871 	2878
f 2886 	2887 	2888
f 2886 	2888 	2889
f 2875 	2882 	2890
f 2875 	2890 	2892
f 2891 	2785 	2881
f 2782 	2881 	2785
f 2853 	6453 	2870
f 6453 	6288 	2870
f 2876 	2885 	2916
f 2744 	2878 	2874
f 2744 	2874 	2753
f 2891 	2881 	2879
f 2891 	2879 	2893
f 2893 	2879 	2781
f 2886 	2889 	2807
f 2886 	2807 	2806
f 2763 	2895 	2872
f 2763 	2872 	2762
f 2753 	2874 	2873
f 2753 	2873 	2758
f 2925 	2884 	2883
f 2896 	2897 	3013
f 2965 	2931 	2895
f 2758 	2873 	2871
f 2758 	2871 	2743
f 2810 	2888 	2887
f 2872 	2930 	2869
f 2770 	2869 	2676
f 3047 	2899 	2900
f 2897 	2896 	2854
f 2853 	2854 	2896
f 2898 	6450 	2853
f 2854 	2856 	2897
f 2894 	2897 	2856
f 2856 	2858 	2894
f 2992 	2894 	2858
f 2903 	2665 	2902
f 2761 	3047 	2900
f 2890 	2882 	2880
f 2890 	2880 	2909
f 2896 	2898 	2853
f 2911 	2909 	2880
f 2911 	2880 	2877
f 2933 	2901 	2904
f 2933 	2904 	2932
f 2761 	2900 	2899
f 2761 	2899 	2767
f 2914 	2767 	2912
f 2793 	2787 	2850
f 2793 	2850 	2868
f 2906 	2910 	2804
f 2906 	2804 	2803
f 2913 	2914 	2912
f 2913 	2912 	2915
f 2877 	2875 	2892
f 2877 	2892 	2911
f 2916 	2917 	2876
f 2767 	2899 	2792
f 2908 	5999 	2903
f 2920 	2758 	2914
f 2921 	2922 	4404
f 2917 	2916 	2924
f 2917 	2924 	2925
f 2925 	2924 	2884
f 2921 	4404 	4405
f 2921 	4405 	2928
f 2930 	2931 	2908
f 2931 	2926 	2908
f 2927 	2858 	2920
f 2858 	2860 	2920
f 2732 	2753 	2860
f 2933 	2932 	3082
f 2676 	2869 	2902
f 2930 	2902 	2869
f 2931 	2930 	2872
f 2872 	2895 	2931
f 2985 	2984 	2913
f 2935 	2936 	4424
f 2937 	2938 	2939
f 2937 	2939 	2941
f 2863 	2866 	2940
f 2863 	2940 	2942
f 2943 	2944 	2945
f 2943 	2945 	2946
f 2935 	4424 	4425
f 2935 	4425 	2950
f 6195 	6179 	3624
f 2947 	2948 	2949
f 2947 	2949 	2951
f 1108 	4207 	2955
f 2954 	2957 	2958
f 2954 	2958 	2959
f 2922 	2921 	2928
f 2922 	2928 	2934
f 3624 	3629 	6195
f 6188 	6195 	3629
f 2783 	1110 	1108
f 2783 	1108 	2955
f 2960 	2939 	2938
f 2960 	2938 	2961
f 2852 	3276 	2962
f 7780 	2963 	7743
f 2936 	2935 	2950
f 2936 	2950 	2953
f 2949 	2948 	2958
f 2949 	2958 	2957
f 2965 	2861 	2964
f 2857 	2964 	2861
f 1850 	2776 	2963
f 2617 	2616 	2863
f 2617 	2863 	2942
f 2923 	2929 	2918
f 2923 	2918 	2919
f 2970 	1113 	2969
f 2779 	1114 	2970
f 2966 	2960 	2961
f 2966 	2961 	2973
f 2937 	2941 	2966
f 2937 	2966 	2973
f 2954 	2959 	2947
f 2954 	2947 	2951
f 2979 	2980 	2999
f 2918 	2929 	3039
f 2983 	3131 	2987
f 4339 	2986 	2974
f 2981 	2982 	2983
f 2981 	2983 	2987
f 2991 	2971 	2968
f 2991 	2968 	2967
f 2858 	2927 	2992
f 2984 	2992 	2927
f 2927 	2913 	2984
f 2913 	2915 	2985
f 2993 	2994 	2996
f 2993 	2996 	2998
f 2999 	2980 	2988
f 2995 	2997 	2989
f 2995 	2989 	2990
f 2975 	2974 	2986
f 2975 	2986 	2978
f 3000 	2993 	2998
f 3000 	2998 	3001
f 1855 	2780 	2976
f 3002 	3000 	3001
f 3002 	3001 	3003
f 3002 	3003 	2996
f 3002 	2996 	2994
f 4366 	2991 	2967
f 2784 	2969 	1113
f 3011 	2896 	3013
f 2783 	2955 	4207
f 3012 	3116 	3014
f 3015 	3004 	3006
f 3015 	3006 	3016
f 3017 	6558 	2898
f 2795 	2963 	2776
f 2795 	2776 	2696
f 3008 	3010 	3012
f 3008 	3012 	3014
f 3015 	3016 	3030
f 2989 	2997 	3076
f 3018 	3058 	3020
f 2970 	2969 	2784
f 2970 	2784 	2779
f 2946 	2965 	2943
f 2931 	2965 	2946
f 2965 	2964 	2943
f 2956 	2943 	2964
f 2956 	2964 	2962
f 3018 	3020 	2803
f 3021 	3022 	3023
f 3021 	3023 	3024
f 3019 	3009 	3007
f 3019 	3007 	3025
f 2977 	2976 	2780
f 2977 	2780 	2775
f 3027 	3006 	3026
f 3004 	3026 	3006
f 3028 	3029 	3021
f 3028 	3021 	3024
f 3016 	3031 	3030
f 2919 	2918 	3032
f 2919 	3032 	3033
f 3036 	3145 	2972
f 5828 	5842 	2657
f 5999 	5828 	2661
f 2661 	2903 	5999
f 2945 	5935 	2926
f 2908 	2926 	5935
f 5864 	5850 	2616
f 3034 	3035 	3037
f 3034 	3037 	3038
f 3033 	3032 	3039
f 3033 	3039 	3040
f 3036 	2972 	2620
f 3036 	2620 	2619
f 3034 	3038 	2791
f 3034 	2791 	2790
f 3041 	2172 	1145
f 3028 	3024 	3023
f 3028 	3023 	3042
f 2628 	2617 	2942
f 2628 	2942 	2940
f 3043 	3044 	3045
f 3043 	3045 	3046
f 2899 	3047 	3048
f 3040 	2923 	3033
f 2919 	3033 	2923
f 3049 	1169 	3041
f 1169 	2172 	3041
f 2165 	2164 	1169
f 3043 	3046 	3050
f 3043 	3050 	3051
f 2797 	2792 	3048
f 2797 	3048 	3047
f 2628 	2940 	2866
f 2628 	2866 	2635
f 3052 	3042 	3023
f 3052 	3023 	3022
f 3053 	3050 	3046
f 3053 	3046 	3045
f 3054 	3049 	1162
f 2809 	2791 	3038
f 2809 	3038 	3037
f 2866 	2863 	2616
f 2866 	2616 	2635
f 3022 	3021 	3029
f 3022 	3029 	3052
f 3055 	3053 	3045
f 3055 	3045 	3044
f 2620 	2972 	3145
f 3056 	1169 	3054
f 3049 	3054 	1169
f 2899 	3048 	2792
f 3039 	3032 	2918
f 2813 	2809 	3037
f 2813 	3037 	3035
f 3058 	3059 	3020
f 3035 	3034 	2790
f 3035 	2790 	2813
f 3027 	3026 	3030
f 3027 	3030 	3031
f 3062 	2907 	3060
f 2905 	3060 	2907
f 1215 	3061 	1170
f 2761 	2797 	3047
f 3059 	3058 	2910
f 3059 	2910 	2906
f 2990 	2989 	3063
f 2990 	3063 	3065
f 3064 	3066 	1220
f 3067 	3085 	3068
f 3070 	2995 	3065
f 2990 	3065 	2995
f 3069 	3071 	3072
f 3069 	3072 	3074
f 3066 	1169 	3061
f 3064 	1169 	3066
f 1170 	3061 	3056
f 3056 	3061 	1169
f 3069 	3074 	2828
f 3069 	2828 	2827
f 3076 	3063 	2989
f 3077 	3095 	3078
f 3079 	3080 	1174
f 3068 	2904 	3067
f 2901 	3067 	2904
f 2835 	2828 	3074
f 2835 	3074 	3072
f 3070 	3065 	3063
f 3070 	3063 	3076
f 3073 	3075 	3077
f 3073 	3077 	3078
f 3081 	2186 	3080
f 2186 	2187 	3080
f 1174 	3080 	2187
f 3057 	3086 	2822
f 2823 	2822 	3086
f 3067 	3082 	3085
f 3091 	3075 	3090
f 3073 	3090 	3075
f 3098 	3242 	3088
f 3081 	3088 	3264
f 3264 	2186 	3081
f 3013 	3096 	3011
f 3017 	3011 	3096
f 3017 	3097 	6564
f 2823 	3086 	2644
f 3092 	3093 	3087
f 3092 	3087 	3089
f 3077 	3094 	3095
f 2836 	3100 	2851
f 3085 	3082 	2932
f 3095 	3094 	3091
f 3095 	3091 	3090
f 2645 	3100 	2836
f 6564 	3097 	3102
f 3087 	3093 	3173
f 3099 	3101 	3153
f 3103 	3104 	3105
f 3103 	3105 	3106
f 2644 	3086 	3057
f 2644 	3057 	2676
f 3105 	3104 	3108
f 3105 	3108 	3109
f 3084 	3083 	2834
f 3084 	2834 	2833
f 3107 	1174 	3101
f 3109 	3108 	3111
f 3109 	3111 	3112
f 2834 	3083 	3381
f 3103 	3106 	3112
f 3103 	3112 	3111
f 3113 	6601 	3110
f 2980 	1734 	1818
f 3008 	3115 	3010
f 3114 	3010 	3115
f 2845 	2835 	3072
f 2845 	3072 	3071
f 3113 	3110 	3196
f 3107 	3079 	1174
f 3088 	3079 	3107
f 3098 	3088 	3107
f 3114 	3115 	3116
f 3114 	3116 	3117
f 2851 	3100 	2645
f 3012 	3117 	3116
f 3089 	3087 	3118
f 3089 	3118 	3120
f 3119 	3122 	3123
f 3119 	3123 	3124
f 2981 	3126 	2982
f 3125 	2982 	3126
f 3128 	3125 	3126
f 3128 	3126 	3131
f 3132 	3133 	3134
f 3132 	3134 	3135
f 2845 	3071 	3069
f 2845 	3069 	2827
f 3124 	3123 	2657
f 3124 	2657 	2656
f 3137 	3134 	3133
f 3137 	3133 	3140
f 3143 	3013 	3139
f 3145 	3036 	3142
f 3121 	3136 	3144
f 3121 	3144 	3130
f 3141 	3132 	3135
f 3141 	3135 	3146
f 2983 	3128 	3131
f 3147 	3129 	3143
f 3129 	3096 	3143
f 3013 	3143 	3096
f 3097 	3017 	3096
f 2660 	2658 	3145
f 2660 	3145 	3142
f 3148 	1174 	3144
f 3144 	1174 	3130
f 3141 	3146 	3137
f 3141 	3137 	3140
f 2657 	3123 	3122
f 2657 	3122 	2661
f 3183 	3186 	2983
f 3149 	3150 	3151
f 3149 	3151 	3152
f 3153 	3101 	3148
f 1174 	3148 	3101
f 3145 	2658 	2620
f 3156 	3151 	3150
f 3156 	3150 	3157
f 3158 	3159 	3160
f 3158 	3160 	3161
f 3136 	3293 	3153
f 3121 	3581 	3136
f 3127 	3092 	3120
f 3089 	3120 	3092
f 3163 	3164 	3165
f 3163 	3165 	3166
f 2985 	3162 	3155
f 2985 	3155 	2984
f 3160 	3159 	3424
f 3169 	3156 	3157
f 3169 	3157 	3170
f 3163 	3166 	2854
f 3163 	2854 	2853
f 1400 	3171 	3172
f 3155 	3188 	3154
f 3154 	3139 	3005
f 2992 	3154 	3005
f 3005 	2894 	2992
f 3149 	3152 	3169
f 3149 	3169 	3170
f 2862 	2854 	3166
f 2862 	3166 	3165
f 3127 	3120 	3118
f 3127 	3118 	3173
f 1556 	3174 	3176
f 1556 	3176 	1554
f 3178 	3179 	3181
f 3178 	3181 	3182
f 3183 	3184 	3175
f 3183 	3175 	3186
f 3182 	3181 	2858
f 3182 	2858 	2856
f 3064 	3168 	1169
f 3168 	3167 	1169
f 3167 	3172 	1169
f 3172 	3171 	1169
f 3176 	1169 	3171
f 3174 	1169 	3176
f 3185 	3325 	3187
f 3162 	3175 	3184
f 3188 	3155 	3184
f 3162 	3184 	3155
f 2860 	2858 	3181
f 2860 	3181 	3179
f 3173 	3118 	3087
f 3193 	3897 	3190
f 3121 	3190 	3581
f 3178 	3182 	2856
f 3178 	2856 	2864
f 3191 	3138 	3188
f 3138 	3139 	3188
f 3139 	3154 	3188
f 3013 	3005 	3139
f 3192 	3193 	3190
f 3192 	3190 	3194
f 2870 	2862 	3165
f 2870 	3165 	3164
f 3110 	3195 	3196
f 3128 	2983 	3186
f 3186 	3289 	3128
f 3179 	3178 	2864
f 3179 	2864 	2860
f 3197 	3226 	3798
f 3199 	3200 	3201
f 3199 	3201 	3202
f 3164 	3163 	2853
f 3164 	2853 	2870
f 1174 	3224 	3198
f 1174 	3198 	3192
f 1174 	3192 	3194
f 3130 	1174 	3194
f 3207 	3302 	3205
f 3206 	3208 	3209
f 3206 	3209 	3210
f 2792 	2791 	3201
f 3200 	2792 	3201
f 2912 	2792 	3200
f 3204 	3201 	2791
f 2791 	2809 	3204
f 3212 	3213 	3304
f 3055 	3044 	3043
f 3055 	3043 	3051
f 3214 	3215 	3211
f 3214 	3211 	3216
f 3203 	3223 	3202
f 3204 	3253 	3203
f 3199 	3229 	2915
f 3206 	3210 	3221
f 3206 	3221 	3222
f 3211 	3215 	1174
f 1174 	3215 	3224
f 3013 	2897 	3304
f 3212 	3304 	2897
f 3225 	3221 	3210
f 3225 	3210 	3209
f 3226 	3197 	3224
f 3197 	3198 	3224
f 2898 	2896 	3207
f 2898 	3207 	3205
f 3199 	3202 	3228
f 3223 	3228 	3202
f 3227 	3225 	3209
f 3227 	3209 	3208
f 3229 	3228 	3279
f 3213 	3212 	2897
f 3213 	2897 	2894
f 3985 	3989 	3226
f 3981 	3985 	3214
f 3981 	3214 	3216
f 3981 	3216 	4409
f 3231 	3230 	3232
f 3231 	3232 	3233
f 3228 	3229 	3199
f 3229 	2985 	2915
f 2898 	3205 	3302
f 3232 	3230 	4282
f 3236 	3237 	3238
f 3236 	3238 	3239
f 3217 	3218 	3219
f 3217 	3219 	3220
f 3240 	3241 	3235
f 3240 	3235 	3242
f 3393 	3243 	3244
f 3217 	3220 	3245
f 3217 	3245 	3246
f 3247 	2827 	3239
f 2827 	2828 	3239
f 3236 	3239 	2828
f 2828 	2834 	3236
f 3248 	3271 	3241
f 3249 	3250 	3251
f 3249 	3251 	3252
f 2912 	3393 	3244
f 3249 	3252 	3254
f 3249 	3254 	3255
f 3253 	3204 	3247
f 2827 	3247 	3204
f 2915 	2912 	3244
f 2915 	3244 	3243
f 3257 	3258 	3251
f 3257 	3251 	3250
f 3259 	3260 	3261
f 3259 	3261 	3263
f 3153 	3293 	3256
f 3240 	3098 	3256
f 3264 	3088 	3242
f 3240 	3242 	3098
f 3098 	3099 	3256
f 3153 	3256 	3099
f 3208 	3206 	3222
f 3208 	3222 	3227
f 2914 	2913 	3259
f 2914 	3259 	3263
f 3223 	3203 	3253
f 3267 	3238 	3237
f 3231 	3233 	4281
f 2920 	2914 	3263
f 2920 	3263 	3261
f 3235 	3276 	3234
f 3264 	3234 	2796
f 2186 	3264 	2798
f 2796 	2798 	3264
f 3267 	3270 	3238
f 3265 	3266 	4593
f 2927 	2920 	3261
f 2927 	3261 	3260
f 3265 	4593 	4594
f 3265 	4594 	3269
f 2915 	3243 	3199
f 3262 	3245 	3220
f 3262 	3220 	3219
f 3270 	3267 	3307
f 3271 	3248 	3268
f 2927 	3260 	3259
f 2927 	3259 	2913
f 3272 	3271 	3613
f 3119 	3124 	2656
f 3119 	2656 	2665
f 3275 	3345 	3274
f 3253 	3238 	3270
f 3273 	3253 	3270
f 3276 	3235 	3272
f 3235 	3241 	3272
f 3272 	3241 	3271
f 2619 	2660 	3142
f 2619 	3142 	3036
f 3310 	3223 	3273
f 3253 	3273 	3223
f 2676 	3057 	2822
f 3223 	3310 	3278
f 2852 	2796 	3276
f 3122 	3119 	2665
f 3122 	2665 	2661
f 3279 	3280 	3229
f 2992 	2984 	3275
f 2992 	3275 	3274
f 3282 	3283 	3284
f 3282 	3284 	3285
f 3287 	3288 	3289
f 3287 	3289 	3290
f 2985 	3229 	3277
f 3454 	3277 	3229
f 3345 	2992 	3274
f 3302 	3207 	3300
f 3282 	3285 	2688
f 3282 	2688 	2687
f 3300 	3207 	3011
f 2896 	3011 	3207
f 3162 	3280 	3290
f 3175 	3162 	3290
f 3287 	3290 	3279
f 3279 	3290 	3280
f 3294 	3287 	3279
f 3294 	3279 	3278
f 2693 	2688 	3285
f 2693 	3285 	3284
f 3304 	3213 	3303
f 3169 	3137 	3292
f 3292 	3317 	3169
f 3156 	3169 	3317
f 3586 	3305 	3306
f 3303 	3213 	3005
f 2894 	3005 	3213
f 1818 	3687 	2980
f 3296 	3365 	3301
f 3307 	3308 	3270
f 3302 	3017 	2898
f 3309 	3342 	3311
f 3302 	3300 	3011
f 3302 	3011 	3017
f 3177 	3180 	3185
f 3177 	3185 	3187
f 3304 	3303 	3005
f 3304 	3005 	3013
f 3294 	3278 	3310
f 3319 	3323 	3308
f 3307 	3319 	3308
f 3309 	3311 	3189
f 3309 	3189 	3286
f 3312 	3313 	3314
f 3312 	3314 	3315
f 2980 	3687 	2988
f 3292 	3294 	3317
f 3316 	3317 	3294
f 3291 	3295 	3296
f 3291 	3296 	3301
f 3097 	3096 	3312
f 3097 	3312 	3315
f 3319 	3320 	3321
f 3319 	3321 	3323
f 3177 	3322 	3180
f 3318 	3180 	3322
f 3097 	3315 	3314
f 3097 	3314 	3102
f 3324 	3318 	3322
f 3324 	3322 	3325
f 3161 	3156 	3321
f 3321 	3320 	3161
f 3602 	3161 	3320
f 3129 	3102 	3314
f 3129 	3314 	3313
f 3326 	3327 	3328
f 3326 	3328 	3329
f 3129 	3313 	3312
f 3129 	3312 	3096
f 3330 	3328 	3327
f 3330 	3327 	3331
f 3252 	3251 	3258
f 3252 	3258 	3254
f 3316 	3308 	3323
f 3294 	3310 	3316
f 3310 	3308 	3316
f 3332 	3333 	3334
f 3332 	3334 	3335
f 3326 	3329 	3336
f 3326 	3336 	3337
f 3338 	3262 	3219
f 3338 	3219 	3218
f 3139 	3138 	3332
f 3139 	3332 	3335
f 3324 	3325 	3185
f 3218 	3217 	3246
f 3218 	3246 	3338
f 3143 	3139 	3335
f 3143 	3335 	3334
f 3330 	3331 	3337
f 3330 	3337 	3336
f 3317 	3321 	3156
f 3288 	3292 	3137
f 2983 	2993 	3183
f 3000 	2966 	3138
f 3191 	3183 	2993
f 3129 	3147 	2941
f 3143 	3334 	3333
f 3143 	3333 	3147
f 3250 	3249 	3255
f 3250 	3255 	3257
f 3340 	3286 	3339
f 3189 	3339 	3286
f 3147 	3333 	3332
f 3147 	3332 	3138
f 2783 	3341 	3715
f 3309 	3343 	3342
f 3345 	3275 	3344
f 3346 	3341 	2284
f 3345 	3344 	3155
f 3345 	3155 	3154
f 3342 	3343 	3340
f 3342 	3340 	3339
f 3347 	3715 	3346
f 3341 	3346 	3715
f 3344 	3275 	3155
f 2984 	3155 	3275
f 4139 	3350 	3454
f 3347 	2296 	2351
f 2268 	2351 	2296
f 3351 	3390 	3352
f 3277 	3350 	3162
f 3277 	3162 	2985
f 3348 	3349 	3351
f 3348 	3351 	3352
f 3715 	3347 	3353
f 3353 	3347 	2351
f 3345 	3154 	2992
f 3359 	3715 	3353
f 3355 	3357 	3358
f 3355 	3358 	3360
f 3366 	3359 	2352
f 3362 	3365 	3367
f 3362 	3367 	3368
f 3371 	3715 	3366
f 3359 	3366 	3715
f 3355 	3360 	3385
f 3372 	4686 	3370
f 2364 	2608 	3371
f 3362 	3368 	3295
f 3362 	3295 	3291
f 3175 	3364 	3363
f 3175 	3363 	3186
f 4690 	3373 	3369
f 3374 	3375 	3416
f 3376 	3377 	3378
f 3376 	3378 	3379
f 3380 	3361 	3356
f 3380 	3356 	3354
f 3184 	3183 	3376
f 3184 	3376 	3379
f 3381 	3382 	3383
f 3381 	3383 	3384
f 3296 	3367 	3365
f 3370 	3369 	3373
f 3370 	3373 	3372
f 3188 	3184 	3379
f 3188 	3379 	3378
f 3385 	3386 	3355
f 3188 	3378 	3377
f 3188 	3377 	3191
f 3306 	3305 	2692
f 3306 	2692 	2690
f 3383 	3717 	3375
f 3717 	3383 	3382
f 3717 	3382 	2833
f 3388 	3349 	3387
f 3348 	3387 	3349
f 4697 	3380 	3354
f 3351 	3389 	3390
f 3191 	3377 	3376
f 3191 	3376 	3183
f 3374 	3509 	3384
f 3386 	3385 	3391
f 3386 	3391 	3392
f 3243 	3393 	3394
f 3395 	3396 	3397
f 3395 	3397 	3398
f 3388 	3387 	3390
f 3388 	3390 	3389
f 3200 	3199 	3394
f 3200 	3394 	3393
f 3391 	3358 	3392
f 3357 	3392 	3358
f 3403 	3404 	3405
f 3403 	3405 	3406
f 3407 	4714 	3400
f 3398 	3717 	3395
f 3412 	3717 	3398
f 3395 	3717 	3402
f 3408 	3409 	3410
f 3408 	3410 	3411
f 3407 	3400 	3399
f 3407 	3399 	3414
f 3403 	3406 	3202
f 3403 	3202 	3201
f 3415 	3408 	3411
f 3415 	3411 	3417
f 3416 	3375 	3412
f 3375 	3717 	3412
f 3204 	3203 	3405
f 3204 	3405 	3404
f 3418 	3415 	3417
f 3418 	3417 	3419
f 4719 	3414 	3399
f 2912 	3200 	3393
f 3421 	3158 	3420
f 3161 	3420 	3158
f 3559 	3557 	3397
f 3401 	3559 	3396
f 3397 	3396 	3559
f 3404 	3403 	3201
f 3404 	3201 	3204
f 7263 	2120 	3423
f 3422 	3421 	3420
f 3422 	3420 	3424
f 3243 	3394 	3199
f 3425 	1169 	3371
f 2608 	3425 	3371
f 3410 	3409 	3418
f 3410 	3418 	3419
f 3426 	7263 	3423
f 3406 	3405 	3203
f 3406 	3203 	3202
f 2614 	3427 	3428
f 2614 	3428 	2613
f 3422 	3424 	3159
f 3426 	3423 	4287
f 3428 	1169 	3425
f 3427 	1169 	3428
f 3430 	1169 	3427
f 3432 	3433 	3434
f 3432 	3434 	3435
f 2653 	3436 	3430
f 3437 	3438 	3439
f 3437 	3439 	3440
f 3228 	3223 	3431
f 3228 	3431 	3429
f 3441 	3442 	3443
f 3441 	3443 	3444
f 3445 	1169 	3436
f 3436 	1169 	3430
f 3446 	3447 	3448
f 3446 	3448 	3449
f 3228 	3429 	3279
f 3441 	3444 	3450
f 3441 	3450 	3451
f 3452 	3432 	3435
f 3452 	3435 	3453
f 2633 	4337 	2659
f 2659 	2978 	3445
f 3455 	3450 	3444
f 3455 	3444 	3443
f 3437 	3440 	3446
f 3437 	3446 	3449
f 3401 	3402 	3457
f 3456 	3457 	3402
f 3229 	4139 	3454
f 3458 	3455 	3443
f 3458 	3443 	3442
f 3459 	3452 	3453
f 3459 	3453 	3460
f 3461 	3462 	3463
f 3461 	3463 	3464
f 3459 	3460 	3434
f 3459 	3434 	3433
f 3465 	3467 	3469
f 3465 	3469 	3471
f 3466 	3468 	3470
f 3466 	3470 	3472
f 3439 	3438 	3448
f 3439 	3448 	3447
f 3458 	3442 	3441
f 3458 	3441 	3451
f 3239 	3238 	3465
f 3239 	3465 	3471
f 3475 	3476 	3478
f 3475 	3478 	3480
f 3468 	3463 	3689
f 3685 	3689 	3463
f 3463 	3462 	3685
f 3682 	3685 	3462
f 3477 	3682 	3462
f 3689 	3654 	3468
f 3470 	3468 	3654
f 3457 	3470 	3665
f 3665 	3657 	3457
f 3479 	3473 	3474
f 3479 	3474 	3481
f 3475 	3480 	3484
f 3475 	3484 	3485
f 3483 	3482 	3237
f 3483 	3237 	3236
f 3486 	3484 	3480
f 3486 	3480 	3478
f 3487 	3254 	3477
f 3247 	3239 	3471
f 3247 	3471 	3469
f 3490 	3486 	3478
f 3490 	3478 	3476
f 3491 	3504 	3503
f 3491 	3503 	3492
f 3464 	3466 	1174
f 3717 	1174 	3466
f 3472 	3717 	3466
f 3456 	3717 	3472
f 3402 	3717 	3456
f 3461 	3464 	1174
f 3488 	3489 	3491
f 3488 	3491 	3492
f 3253 	3247 	3469
f 3253 	3469 	3467
f 3267 	3237 	3493
f 3253 	3467 	3465
f 3253 	3465 	3238
f 3490 	3476 	3475
f 3490 	3475 	3485
f 3494 	3495 	3496
f 3494 	3496 	3497
f 3237 	3482 	3493
f 3500 	3494 	3497
f 3500 	3497 	3501
f 3543 	3580 	3542
f 3502 	3503 	3504
f 3502 	3504 	3506
f 3508 	3509 	3493
f 3509 	3498 	3493
f 3267 	3505 	3307
f 3512 	3500 	3501
f 3512 	3501 	3513
f 3515 	4172 	3514
f 3510 	4322 	3516
f 3374 	3541 	3507
f 3374 	3507 	3509
f 3508 	3381 	3509
f 3236 	3381 	3508
f 3381 	3384 	3509
f 3502 	3506 	3489
f 3502 	3489 	3488
f 3273 	3270 	3515
f 3273 	3515 	3514
f 3496 	3495 	3512
f 3496 	3512 	3513
f 3518 	3519 	3585
f 4172 	3310 	3514
f 3273 	3514 	3310
f 3520 	3522 	3523
f 3520 	3523 	3524
f 3542 	3580 	3521
f 3517 	3511 	3510
f 3517 	3510 	3516
f 3525 	3526 	3431
f 3429 	3431 	3526
f 3527 	3528 	3529
f 3527 	3529 	3530
f 3525 	3431 	3278
f 3223 	3278 	3431
f 3531 	3532 	3533
f 3531 	3533 	3534
f 3535 	3536 	3537
f 3535 	3537 	3538
f 3429 	3526 	3279
f 3523 	3522 	3474
f 3523 	3474 	3473
f 3498 	3499 	3521
f 3542 	3521 	3499
f 3521 	3519 	3498
f 3493 	3498 	3519
f 3519 	3518 	3493
f 3267 	3493 	3518
f 3539 	3540 	3531
f 3539 	3531 	3534
f 2692 	3305 	2789
f 3529 	3528 	3537
f 3529 	3537 	3536
f 3499 	3507 	3542
f 2701 	2693 	3284
f 2701 	3284 	3283
f 3524 	3479 	3520
f 3481 	3520 	3479
f 3539 	3534 	3533
f 3539 	3533 	3544
f 3586 	3306 	2690
f 3535 	3538 	3527
f 3535 	3527 	3530
f 3297 	3298 	3299
f 3297 	3299 	3548
f 3547 	3549 	3551
f 3547 	3551 	3552
f 3401 	3657 	3550
f 3544 	3533 	3532
f 3544 	3532 	3553
f 3554 	3555 	3556
f 3554 	3556 	3558
f 3557 	3559 	3543
f 3543 	3559 	3545
f 3546 	3576 	3545
f 1275 	1065 	3696
f 3283 	3282 	2687
f 3283 	2687 	2701
f 3560 	3561 	3562
f 3560 	3562 	3563
f 3401 	3550 	3559
f 3557 	3541 	3416
f 3374 	3416 	3541
f 3541 	3542 	3507
f 3416 	3397 	3557
f 3646 	3565 	3566
f 3564 	3567 	3568
f 3564 	3568 	3570
f 2762 	3646 	3566
f 3532 	3531 	3540
f 3532 	3540 	3553
f 3571 	3572 	3573
f 3571 	3573 	3574
f 3576 	3546 	3569
f 3546 	3550 	3658
f 3577 	3551 	3549
f 3577 	3549 	3579
f 3578 	3576 	3617
f 3580 	3543 	3578
f 3576 	3578 	3543
f 3543 	3545 	3576
f 3609 	3268 	3548
f 3297 	3548 	3268
f 3268 	3248 	3297
f 3293 	3297 	3248
f 3248 	3256 	3293
f 2770 	2762 	3566
f 2770 	3566 	3565
f 3619 	3521 	3580
f 3281 	3581 	3582
f 3281 	3582 	3298
f 3583 	3518 	3585
f 3584 	3582 	3889
f 3586 	3587 	3305
f 3589 	3590 	3591
f 3589 	3591 	3592
f 3298 	3582 	3584
f 3298 	3584 	3299
f 2690 	2774 	3586
f 3589 	3592 	3595
f 3589 	3595 	3596
f 3305 	3587 	2789
f 3597 	3630 	3594
f 3556 	3555 	3573
f 3556 	3573 	3572
f 2789 	3587 	3586
f 2789 	3586 	2774
f 3598 	3595 	3592
f 3598 	3592 	3591
f 3599 	3585 	3597
f 3585 	3588 	3597
f 3562 	3561 	3568
f 3562 	3568 	3567
f 3600 	3601 	3605
f 3600 	3605 	3607
f 3293 	3136 	3281
f 3581 	3281 	3136
f 3608 	3599 	3602
f 3599 	3593 	3602
f 3440 	3432 	3636
f 2798 	2796 	3600
f 2798 	3600 	3607
f 3606 	3604 	3610
f 3606 	3610 	3611
f 3585 	3599 	3583
f 3599 	3608 	3583
f 3307 	3583 	3319
f 3608 	3319 	3583
f 2805 	2798 	3607
f 2805 	3607 	3605
f 3612 	3272 	3613
f 3610 	3604 	3760
f 2812 	2805 	3605
f 2812 	3605 	3601
f 3615 	3598 	3591
f 3615 	3591 	3590
f 3616 	2962 	3276
f 2956 	2962 	3616
f 3617 	3618 	3578
f 2812 	3601 	3600
f 2812 	3600 	2796
f 3606 	3611 	3765
f 3588 	3521 	3619
f 3628 	3626 	3612
f 3650 	3628 	3613
f 3609 	3650 	3613
f 6299 	3620 	3621
f 3590 	3589 	3596
f 3590 	3596 	3615
f 2852 	6299 	3621
f 3623 	2952 	2956
f 3625 	3627 	3619
f 3639 	3642 	3614
f 3619 	3618 	3625
f 3618 	3617 	3642
f 3614 	3642 	3617
f 2857 	2852 	3621
f 2857 	3621 	3620
f 3624 	3626 	3628
f 3624 	3628 	3629
f 3631 	1961 	3637
f 3588 	3627 	3597
f 3630 	3597 	3627
f 3588 	3619 	3627
f 3603 	3577 	3579
f 3603 	3579 	3635
f 3634 	6312 	3575
f 3633 	1746 	3669
f 3547 	3552 	3603
f 3547 	3603 	3635
f 3634 	3575 	2861
f 2763 	2861 	3575
f 3571 	3574 	3554
f 3571 	3554 	3558
f 3625 	3618 	3642
f 3614 	3716 	3639
f 6312 	3634 	2861
f 3643 	3778 	3641
f 3564 	3570 	3560
f 3564 	3560 	3563
f 3644 	3636 	3642
f 3636 	3625 	3642
f 3565 	3646 	3647
f 3643 	3641 	3802
f 3629 	3632 	6188
f 6210 	6188 	3632
f 3718 	3446 	3638
f 3644 	3638 	3446
f 3632 	3650 	3684
f 3640 	3637 	1733
f 1737 	3640 	1733
f 3651 	3811 	3649
f 1776 	3669 	1746
f 3633 	3667 	3631
f 3612 	3613 	3628
f 3616 	3612 	3626
f 3626 	3622 	3616
f 2956 	3616 	3622
f 3622 	3623 	2956
f 3631 	3667 	1931
f 3658 	3550 	3657
f 3656 	3704 	3660
f 3548 	3659 	3609
f 3669 	3667 	3633
f 3661 	3674 	3658
f 3569 	3546 	3658
f 3665 	3654 	3661
f 3654 	3652 	3661
f 3652 	3674 	3661
f 3667 	3677 	1301
f 3401 	3457 	3657
f 3705 	3569 	3671
f 1734 	1301 	3677
f 3673 	3645 	3655
f 3673 	3655 	3675
f 3674 	3676 	3709
f 3659 	3650 	3609
f 3663 	3683 	3659
f 3676 	3674 	3652
f 3674 	3671 	3658
f 3569 	3658 	3671
f 1818 	3677 	3678
f 1818 	3678 	1805
f 3584 	3679 	3663
f 3584 	3663 	3299
f 3683 	3684 	3650
f 3688 	3687 	1818
f 1837 	3688 	1818
f 3477 	3254 	3682
f 3656 	3660 	3662
f 3656 	3662 	3664
f 3680 	3702 	3686
f 3666 	3668 	3670
f 3666 	3670 	3672
f 3689 	3685 	3686
f 3685 	3680 	3686
f 3681 	3695 	3680
f 3673 	3675 	3693
f 3696 	2988 	3687
f 3654 	3665 	3470
f 3690 	3691 	3692
f 3690 	3692 	3693
f 3695 	3681 	3694
f 3697 	3699 	3700
f 3697 	3700 	3701
f 3698 	1275 	3696
f 3691 	3655 	3692
f 3645 	3692 	3655
f 1275 	3698 	1847
f 3702 	3680 	3695
f 3652 	3686 	3676
f 3676 	3686 	3702
f 2988 	3696 	1065
f 3723 	3700 	3699
f 3681 	3653 	3694
f 3656 	3706 	3704
f 3712 	3716 	3705
f 3707 	3712 	3705
f 3569 	3705 	3614
f 3709 	3707 	3674
f 3708 	3735 	3710
f 3744 	3742 	3709
f 3742 	3713 	3709
f 3711 	3712 	3713
f 3711 	3713 	3714
f 1914 	3703 	3721
f 3690 	3693 	3675
f 3715 	3721 	3703
f 3713 	3712 	3707
f 3707 	3709 	3713
f 3614 	3705 	3716
f 3718 	3639 	3716
f 3638 	3639 	3718
f 3720 	3697 	3719
f 3701 	3719 	3697
f 3722 	1914 	3721
f 3723 	3720 	3719
f 3723 	3719 	3724
f 3714 	3554 	3711
f 3723 	3724 	3700
f 3729 	3708 	3728
f 3710 	3728 	3708
f 3730 	3731 	3727
f 3730 	3727 	3732
f 3717 	1279 	3722
f 3706 	3733 	3734
f 3706 	3734 	3704
f 3653 	3651 	3649
f 3653 	3649 	3648
f 3731 	3825 	3727
f 3738 	3739 	3740
f 3738 	3740 	3741
f 3742 	3732 	3737
f 3732 	3725 	3737
f 1733 	3722 	1279
f 1914 	3722 	1733
f 3738 	3741 	3743
f 3738 	3743 	3745
f 1984 	3746 	3747
f 1984 	3747 	1935
f 3748 	3743 	3741
f 3748 	3741 	3740
f 3732 	3742 	3730
f 3742 	3744 	3730
f 3695 	3730 	3744
f 3695 	3744 	3702
f 3749 	3748 	3740
f 3749 	3740 	3739
f 1297 	1302 	1730
f 1738 	1730 	1302
f 3749 	3739 	3738
f 3749 	3738 	3745
f 3750 	2979 	2999
f 3630 	3636 	3432
f 3636 	3644 	3440
f 3446 	3440 	3644
f 3714 	3737 	3560
f 3726 	3552 	3725
f 3737 	3725 	3560
f 3711 	3554 	3718
f 3432 	3452 	3630
f 3594 	3630 	3452
f 3602 	3415 	3420
f 2999 	3751 	3750
f 3754 	3755 	3606
f 3604 	3606 	3755
f 3752 	3753 	5171
f 3703 	3756 	3757
f 3759 	1376 	5171
f 3604 	3755 	3760
f 3761 	3762 	3763
f 3761 	3763 	3764
f 3759 	3774 	1584
f 3765 	3760 	3755
f 3765 	3755 	3754
f 3761 	3703 	3757
f 3764 	3703 	3761
f 3766 	3703 	3764
f 3758 	3759 	5171
f 3775 	3758 	3753
f 3765 	3754 	3606
f 3767 	3805 	3766
f 3768 	3769 	3903
f 3770 	3771 	3793
f 3767 	3763 	4010
f 3763 	3762 	4011
f 3982 	4011 	3762
f 3762 	3756 	3982
f 3703 	3982 	3756
f 3772 	3773 	3774
f 3772 	3774 	3775
f 3768 	3903 	3776
f 3766 	3789 	3703
f 3773 	1584 	3774
f 1654 	1604 	3773
f 4140 	3820 	4038
f 3753 	3771 	3775
f 3772 	3775 	3771
f 3772 	3771 	3770
f 3772 	3770 	3788
f 3781 	3703 	3779
f 1654 	3773 	3782
f 3783 	3784 	3780
f 3783 	3780 	3786
f 3800 	3799 	3785
f 3787 	3772 	3788
f 3789 	3790 	3785
f 3789 	3785 	3791
f 4024 	4023 	3788
f 3829 	3828 	3803
f 3792 	3770 	3793
f 3650 	3659 	3683
f 3786 	3683 	3663
f 3783 	3786 	3663
f 3783 	3663 	3679
f 3778 	3920 	3777
f 3779 	3703 	3791
f 3791 	3703 	3789
f 3769 	3768 	3776
f 3769 	3776 	3795
f 3778 	3777 	3641
f 3735 	3736 	3710
f 3799 	3800 	3868
f 3641 	3777 	3801
f 3733 	3664 	3734
f 3662 	3734 	3664
f 3799 	3797 	3781
f 3797 	3715 	3781
f 3781 	3785 	3799
f 3801 	3915 	3802
f 3641 	3801 	3802
f 3666 	3807 	3668
f 3804 	3668 	3807
f 3808 	3809 	3649
f 3648 	3649 	3809
f 3805 	3806 	3803
f 3805 	3803 	3810
f 3809 	3808 	3811
f 3809 	3811 	3812
f 3804 	3807 	3813
f 3804 	3813 	3815
f 3814 	3829 	3806
f 3811 	3808 	3649
f 3816 	3817 	3818
f 3816 	3818 	3819
f 3820 	4140 	3814
f 4140 	4141 	3814
f 3812 	3653 	3809
f 3648 	3809 	3653
f 3816 	3819 	3835
f 3821 	3822 	3823
f 3821 	3823 	3824
f 3813 	3672 	3815
f 3670 	3815 	3672
f 3805 	3810 	3766
f 3789 	3766 	3810
f 3820 	3805 	3767
f 3767 	4038 	3820
f 3825 	3826 	3821
f 3825 	3821 	3824
f 3830 	3818 	3817
f 3825 	3824 	3823
f 3825 	3823 	3827
f 3828 	3829 	3906
f 3830 	3831 	3818
f 3832 	3827 	3823
f 3832 	3823 	3822
f 3814 	4161 	3833
f 3832 	3822 	3821
f 3832 	3821 	3826
f 3819 	3834 	3835
f 3839 	3736 	3838
f 3735 	3838 	3736
f 3790 	3803 	3828
f 3828 	3800 	3790
f 3785 	3790 	3800
f 3833 	3829 	3814
f 3803 	3806 	3829
f 3840 	3926 	3837
f 3835 	3834 	3831
f 3835 	3831 	3830
f 3840 	3837 	3836
f 3840 	3836 	3841
f 3728 	3839 	3838
f 3728 	3838 	3729
f 3842 	3843 	3844
f 3842 	3844 	3845
f 3847 	3848 	3849
f 3847 	3849 	3850
f 3878 	3715 	3851
f 3866 	3946 	3793
f 3793 	3752 	3866
f 5171 	3866 	3752
f 3946 	3884 	3792
f 3852 	3853 	3854
f 3852 	3854 	3855
f 3857 	3859 	5171
f 3860 	3844 	3843
f 3860 	3843 	3861
f 3863 	5171 	3862
f 3854 	3853 	3849
f 3854 	3849 	3848
f 3866 	5171 	3865
f 3867 	3860 	3861
f 3867 	3861 	3870
f 3868 	3869 	3799
f 3871 	3872 	3873
f 3871 	3873 	3874
f 3869 	3868 	3858
f 3894 	3858 	3868
f 3858 	3856 	3869
f 3864 	3869 	3856
f 3856 	3851 	3864
f 3851 	3715 	3864
f 3873 	3872 	3875
f 3873 	3875 	3876
f 3865 	5171 	3863
f 3947 	3865 	3863
f 3797 	3864 	3715
f 3878 	3917 	3715
f 3877 	3876 	3875
f 3877 	3875 	3879
f 3862 	5171 	3859
f 3862 	3859 	3960
f 3880 	3929 	3878
f 3842 	3845 	3867
f 3842 	3867 	3870
f 3796 	3798 	4044
f 3858 	3882 	3880
f 3858 	3880 	3856
f 3857 	5171 	3881
f 3988 	3857 	3881
f 3988 	3881 	3991
f 3193 	3197 	3798
f 3841 	3836 	3932
f 3886 	3887 	3888
f 3886 	3888 	3890
f 3891 	3892 	3893
f 3891 	3893 	3894
f 3886 	3890 	3895
f 3886 	3895 	3896
f 3897 	3885 	3889
f 3885 	3794 	3889
f 3796 	3972 	3794
f 3898 	3895 	3890
f 3898 	3890 	3888
f 3892 	3948 	3893
f 3900 	3898 	3888
f 3900 	3888 	3887
f 3847 	3850 	3852
f 3847 	3852 	3855
f 3903 	3769 	3902
f 3912 	4252 	3901
f 3871 	3874 	3877
f 3871 	3877 	3879
f 3903 	3902 	3904
f 3903 	3904 	3905
f 3906 	3908 	3828
f 3795 	3904 	3902
f 3795 	3902 	3769
f 3910 	3907 	3909
f 3910 	3909 	3911
f 3900 	3887 	3886
f 3900 	3886 	3896
f 3901 	3891 	3906
f 3912 	3901 	3906
f 3908 	3906 	3891
f 3891 	3894 	3908
f 3868 	3908 	3894
f 3903 	3905 	3776
f 3915 	3801 	3777
f 3916 	3933 	3934
f 3916 	3934 	3919
f 3915 	3920 	3802
f 3913 	3914 	3916
f 3913 	3916 	3919
f 3945 	3943 	3922
f 3918 	3939 	3715
f 3836 	3837 	3923
f 3921 	3923 	3837
f 3911 	3927 	3910
f 3924 	3910 	3927
f 3926 	3921 	3837
f 3925 	3928 	3922
f 3925 	3922 	3929
f 3913 	3931 	3914
f 3930 	3914 	3931
f 3836 	3923 	3932
f 3945 	3928 	3953
f 3920 	3915 	3777
f 3923 	3921 	3926
f 3923 	3926 	3932
f 3917 	3918 	3715
f 3929 	3917 	3878
f 3925 	3929 	3880
f 3880 	3882 	3925
f 3897 	3193 	3885
f 3581 	3190 	3897
f 3798 	3885 	3193
f 3935 	3936 	3937
f 3935 	3937 	3938
f 3935 	3938 	3941
f 3935 	3941 	3942
f 3943 	3945 	4769
f 3883 	3884 	3946
f 3883 	3946 	3947
f 3934 	3933 	3930
f 3934 	3930 	3931
f 3943 	3939 	3918
f 3918 	3922 	3943
f 3922 	3928 	3945
f 3792 	3793 	3946
f 3846 	3792 	3884
f 3966 	3846 	3884
f 3949 	3950 	3952
f 3949 	3952 	3954
f 3883 	3947 	3959
f 3948 	3951 	3953
f 3948 	3953 	3955
f 3959 	3947 	3956
f 3863 	3956 	3947
f 3951 	3968 	3953
f 3967 	3970 	3950
f 3952 	3950 	3970
f 3958 	3959 	3956
f 3958 	3956 	3960
f 3899 	4341 	3962
f 4082 	3961 	3963
f 3960 	3987 	3958
f 3948 	3955 	3893
f 3882 	3893 	3955
f 3925 	3882 	3955
f 3962 	3948 	3899
f 3899 	3948 	3892
f 3965 	3949 	3964
f 3954 	3964 	3949
f 3967 	3965 	3964
f 3967 	3964 	3970
f 3968 	3969 	4774
f 3971 	4115 	3966
f 3972 	3796 	3940
f 3796 	4044 	3940
f 4044 	4051 	3940
f 4776 	3973 	4887
f 3883 	3959 	3971
f 3974 	3971 	3959
f 3975 	3972 	4062
f 4004 	4008 	4184
f 3957 	3973 	3969
f 3945 	3953 	3968
f 3968 	3951 	3969
f 3957 	3969 	3951
f 3958 	4004 	3976
f 4190 	4184 	4008
f 3889 	3794 	3972
f 3972 	3975 	3889
f 3975 	3584 	3889
f 3859 	3979 	3960
f 3982 	3703 	3980
f 3981 	3983 	3984
f 3981 	3984 	3985
f 3986 	3987 	3979
f 3986 	3979 	3988
f 4011 	4010 	3763
f 3944 	3941 	3938
f 3944 	3938 	3937
f 3960 	3979 	3987
f 4004 	3958 	3987
f 3990 	3944 	3937
f 3990 	3937 	3936
f 3703 	3978 	3980
f 4013 	3980 	3978
f 3990 	3936 	3935
f 3990 	3935 	3942
f 3977 	3978 	3703
f 3992 	3993 	3994
f 3992 	3994 	3995
f 4738 	3996 	3991
f 4738 	3991 	4737
f 3998 	3999 	3992
f 3998 	3992 	3995
f 4000 	4002 	3703
f 4001 	3998 	3995
f 4001 	3995 	3994
f 3991 	3996 	3986
f 3991 	3986 	3988
f 4003 	4001 	3994
f 4003 	3994 	3993
f 3993 	3992 	3999
f 3993 	3999 	4003
f 4000 	3703 	3997
f 4053 	4000 	3997
f 4053 	3997 	4052
f 4008 	3986 	4006
f 3996 	4006 	3986
f 4009 	4010 	4011
f 4009 	4011 	4013
f 4012 	4069 	4007
f 4188 	4190 	4006
f 4758 	4188 	4006
f 4014 	4012 	4007
f 4014 	4007 	4005
f 4038 	3767 	4010
f 4014 	4005 	4072
f 3846 	3966 	4089
f 4089 	4091 	3846
f 4091 	4024 	3846
f 4023 	4017 	3787
f 3978 	4019 	4013
f 4009 	4013 	4027
f 4015 	4016 	4077
f 4018 	2017 	4017
f 4027 	4013 	4019
f 4015 	4077 	4126
f 4015 	4126 	4020
f 4021 	4023 	4024
f 4021 	4024 	4025
f 4026 	4027 	4019
f 4026 	4019 	4028
f 4016 	4015 	4020
f 4016 	4020 	4022
f 4081 	4080 	4021
f 4018 	4021 	4080
f 4030 	4029 	4031
f 4030 	4031 	4032
f 3782 	3787 	4017
f 4017 	2017 	3782
f 1654 	3782 	2017
f 3703 	4002 	3977
f 4028 	3977 	4049
f 4026 	4028 	4049
f 4033 	4034 	4035
f 4033 	4035 	4036
f 3226 	3214 	3985
f 4039 	4040 	4035
f 4039 	4035 	4034
f 4033 	4036 	4042
f 4033 	4042 	4043
f 4044 	3798 	3989
f 3798 	3226 	3989
f 4031 	4029 	4617
f 4009 	4027 	4041
f 4045 	4041 	4027
f 4042 	4036 	4035
f 4042 	4035 	4040
f 3983 	4048 	3984
f 4186 	4177 	4070
f 4030 	4032 	4622
f 3983 	4426 	4438
f 4049 	4058 	4026
f 4034 	4033 	4043
f 4034 	4043 	4039
f 4048 	4047 	4099
f 4049 	3977 	4002
f 4051 	4044 	4048
f 4044 	3984 	4048
f 4055 	4056 	4182
f 4053 	4057 	4058
f 4053 	4058 	4049
f 4055 	4182 	4059
f 4051 	4103 	4060
f 3940 	4051 	4060
f 4058 	4067 	4046
f 4046 	4026 	4058
f 4061 	4241 	4056
f 4062 	4063 	3975
f 4097 	4064 	4052
f 4097 	4052 	4096
f 4050 	4054 	4653
f 4056 	4055 	4059
f 4056 	4059 	4061
f 4052 	4064 	4057
f 4052 	4057 	4053
f 4062 	4068 	4063
f 4065 	4066 	4007
f 4005 	4007 	4066
f 4070 	4073 	4186
f 3783 	4063 	4068
f 3679 	4063 	3783
f 4069 	4065 	4007
f 4199 	4201 	4098
f 4005 	4066 	4072
f 4070 	4057 	4073
f 4064 	4073 	4057
f 4077 	4016 	4075
f 4062 	4076 	4078
f 4080 	4081 	4221
f 3703 	4079 	3997
f 4082 	4214 	4084
f 4080 	4037 	4018
f 2017 	4018 	2013
f 2013 	4018 	4037
f 4102 	4101 	4086
f 4088 	4071 	4078
f 4071 	4068 	4078
f 4062 	4078 	4068
f 4089 	4090 	4086
f 4089 	4086 	4091
f 4088 	6523 	4071
f 4079 	3703 	4087
f 4092 	4102 	4090
f 4082 	4084 	3961
f 4085 	4087 	3703
f 4108 	4085 	4083
f 4108 	4083 	4106
f 4093 	4115 	4092
f 4115 	4116 	4092
f 4116 	4121 	4137
f 4095 	3909 	4094
f 3907 	4094 	3909
f 4089 	3966 	4093
f 3927 	4095 	4094
f 3927 	4094 	3924
f 4099 	4100 	4048
f 4103 	4076 	4060
f 4092 	4131 	4104
f 4097 	4096 	4105
f 4087 	4105 	4096
f 4079 	4087 	4096
f 4098 	4097 	4125
f 4105 	4118 	4097
f 4205 	4199 	4125
f 4062 	4060 	4076
f 4100 	4111 	4103
f 4521 	4107 	4099
f 4025 	4086 	4101
f 4101 	4081 	4025
f 4021 	4025 	4081
f 4104 	4102 	4092
f 4086 	4090 	4102
f 4107 	4109 	4110
f 4107 	4110 	4111
f 4119 	4122 	3974
f 4184 	4124 	4004
f 4008 	4006 	4190
f 5045 	4188 	4758
f 5364 	4112 	4106
f 4074 	4076 	4114
f 4108 	4117 	4118
f 4108 	4118 	4105
f 4119 	4120 	4121
f 4119 	4121 	4122
f 1082 	1132 	4520
f 4120 	4137 	4121
f 4123 	4138 	4120
f 4076 	4103 	4113
f 4113 	4114 	4076
f 4111 	4113 	4103
f 4106 	4112 	4117
f 4106 	4117 	4108
f 4124 	4184 	4123
f 4184 	4185 	4123
f 4125 	4097 	4118
f 4022 	4127 	4075
f 4022 	4075 	4016
f 4129 	4117 	4128
f 4112 	4128 	4117
f 4066 	4065 	4069
f 4066 	4069 	4072
f 3971 	3974 	4122
f 4115 	4093 	3966
f 4122 	4115 	3971
f 4077 	4075 	4127
f 4077 	4127 	4126
f 5366 	4231 	4128
f 4128 	4237 	4129
f 4376 	4104 	4131
f 4130 	4132 	4133
f 4130 	4133 	4134
f 4046 	4067 	4151
f 4073 	4098 	4179
f 4201 	4179 	4098
f 4067 	4070 	4177
f 4177 	4151 	4067
f 4144 	4146 	4045
f 3277 	3454 	3350
f 3229 	3280 	4139
f 4145 	4165 	4143
f 4165 	4164 	4143
f 3526 	3525 	3278
f 3526 	3278 	3279
f 4144 	4145 	4143
f 4144 	4143 	4146
f 3350 	4139 	3280
f 3350 	3280 	3162
f 4137 	4120 	4138
f 4131 	4116 	4137
f 4092 	4116 	4131
f 4142 	4138 	4123
f 4123 	4185 	4142
f 3363 	3364 	4147
f 3363 	4147 	4148
f 4135 	4136 	4130
f 4135 	4130 	4134
f 3290 	3289 	4148
f 3290 	4148 	4147
f 4150 	4135 	4134
f 4150 	4134 	4133
f 4152 	4153 	4154
f 4152 	4154 	4155
f 4150 	4133 	4132
f 4150 	4132 	4156
f 4152 	4155 	3288
f 4152 	3288 	3287
f 4146 	4140 	4041
f 4038 	4041 	4140
f 3294 	3292 	4154
f 3294 	4154 	4153
f 4157 	4158 	4159
f 4157 	4159 	4160
f 4272 	3833 	4161
f 3175 	3290 	4147
f 3175 	4147 	3364
f 4162 	4163 	4157
f 4162 	4157 	4160
f 4153 	4152 	3287
f 4153 	3287 	3294
f 4164 	4165 	4283
f 4162 	4160 	4159
f 4162 	4159 	4166
f 3363 	4148 	3289
f 3363 	3289 	3186
f 4158 	4157 	4163
f 4158 	4163 	4168
f 4155 	4154 	3292
f 4155 	3292 	3288
f 4132 	4130 	4136
f 4132 	4136 	4156
f 4149 	4167 	4145
f 4151 	4178 	4149
f 4167 	4165 	4145
f 4141 	4143 	4164
f 4164 	4161 	4141
f 3814 	4141 	4161
f 4159 	4158 	4168
f 4159 	4168 	4166
f 3505 	4169 	3307
f 4172 	3515 	4171
f 4174 	4175 	4320
f 3270 	3308 	4171
f 3270 	4171 	3515
f 4050 	4173 	4176
f 4050 	4176 	4054
f 4177 	4178 	4151
f 3307 	4169 	3583
f 4179 	4181 	4183
f 4179 	4183 	4186
f 4187 	4189 	4203
f 4202 	4198 	4185
f 4149 	4178 	4170
f 4167 	4149 	4170
f 4174 	4170 	4178
f 4178 	4183 	4174
f 4175 	4174 	4183
f 4175 	4183 	4181
f 3310 	4172 	4171
f 3310 	4171 	3308
f 4188 	4189 	4187
f 4188 	4187 	4190
f 4192 	5149 	4191
f 4041 	4045 	4146
f 4045 	4046 	4144
f 1140 	1139 	5044
f 4192 	4191 	3320
f 4192 	3320 	3319
f 4098 	4125 	4199
f 4205 	4125 	4219
f 4129 	4219 	4125
f 1100 	4231 	5366
f 4193 	4194 	4195
f 4193 	4195 	4196
f 4124 	4119 	3976
f 3974 	3976 	4119
f 3976 	4004 	4124
f 4193 	4196 	3317
f 4193 	3317 	3316
f 3323 	3321 	4195
f 3323 	4195 	4194
f 4199 	4200 	4197
f 4199 	4197 	4201
f 5149 	3602 	4191
f 3320 	4191 	3602
f 4202 	4203 	4419
f 4200 	4211 	4197
f 3317 	4196 	4195
f 3317 	4195 	3321
f 4142 	4185 	4198
f 4202 	4187 	4203
f 4185 	4187 	4202
f 4205 	4220 	4204
f 4194 	4193 	3316
f 4194 	3316 	3323
f 4179 	4186 	4073
f 4151 	4144 	4046
f 1108 	2281 	4207
f 4210 	4211 	4510
f 3341 	2783 	4207
f 4212 	2554 	4037
f 2554 	2044 	4037
f 4214 	4215 	4084
f 4211 	4210 	4197
f 4181 	4197 	4210
f 4175 	4181 	4210
f 4213 	4211 	4204
f 4204 	4211 	4200
f 4215 	4214 	4216
f 4215 	4216 	4217
f 4218 	4208 	4212
f 4208 	4206 	4212
f 2554 	4212 	4206
f 3961 	4217 	4216
f 3961 	4216 	3963
f 4205 	4219 	4220
f 4221 	4218 	4080
f 4222 	4223 	4224
f 4222 	4224 	4225
f 4226 	4232 	4246
f 4227 	4228 	4229
f 4227 	4229 	4230
f 4182 	4056 	4180
f 4233 	4234 	4235
f 4233 	4235 	4236
f 4231 	4232 	4226
f 4231 	4226 	4237
f 4238 	4222 	4225
f 4238 	4225 	4239
f 4182 	4240 	4059
f 4233 	4236 	4227
f 4233 	4227 	4230
f 4241 	4180 	4056
f 4242 	4238 	4239
f 4242 	4239 	4243
f 4219 	4129 	4237
f 4237 	4128 	4231
f 4224 	4223 	4242
f 4224 	4242 	4243
f 4229 	4228 	4235
f 4229 	4235 	4234
f 4240 	4182 	4180
f 4240 	4180 	4241
f 2284 	3341 	4207
f 4245 	4244 	4220
f 4204 	4220 	4244
f 4213 	4204 	4244
f 4220 	4226 	4245
f 4246 	4245 	4226
f 4249 	4801 	4248
f 2287 	2288 	4250
f 2287 	4250 	4251
f 4292 	3901 	4252
f 3346 	2287 	4251
f 4208 	4218 	4221
f 4306 	4297 	4221
f 4297 	4209 	4221
f 4208 	4221 	4209
f 4249 	4248 	4247
f 4249 	4247 	4254
f 4256 	4257 	4258
f 4256 	4258 	4259
f 4260 	2517 	4206
f 4262 	4263 	4256
f 4262 	4256 	4259
f 4264 	4208 	4209
f 4264 	4209 	4265
f 3266 	3265 	3269
f 3266 	3269 	3413
f 4262 	4259 	4258
f 4262 	4258 	4266
f 4255 	4261 	4485
f 4257 	4256 	4263
f 4257 	4263 	4267
f 4268 	4269 	4270
f 4268 	4270 	4271
f 4254 	4247 	4803
f 3912 	3833 	4272
f 4266 	4258 	4257
f 4266 	4257 	4267
f 4268 	4271 	4273
f 4268 	4273 	4274
f 4275 	4253 	4272
f 4253 	4252 	4272
f 4252 	3912 	4272
f 4277 	2117 	4276
f 4278 	4279 	3231
f 3230 	3231 	4279
f 4275 	4164 	4283
f 4253 	4275 	4283
f 4283 	4286 	4253
f 4280 	2119 	4277
f 4281 	4282 	4279
f 4281 	4279 	4278
f 2120 	4284 	3423
f 4273 	4271 	4270
f 4273 	4270 	4285
f 3230 	4279 	4282
f 4284 	2120 	4287
f 2121 	4287 	2120
f 4289 	4280 	4277
f 4289 	4277 	4276
f 4290 	4285 	4270
f 4290 	4270 	4269
f 4295 	4253 	4286
f 4288 	4286 	4283
f 4288 	4283 	4291
f 3423 	4284 	4287
f 4167 	4307 	4291
f 4265 	4324 	4264
f 4324 	4323 	4264
f 4324 	4265 	4293
f 4296 	4349 	4293
f 2126 	4289 	4276
f 2126 	4276 	2117
f 4294 	4296 	4293
f 4294 	4293 	4297
f 4358 	4345 	4300
f 4295 	4300 	4345
f 3899 	3901 	4292
f 4299 	2262 	4298
f 4286 	4300 	4295
f 4301 	4299 	4298
f 4301 	4298 	4303
f 4304 	4392 	4302
f 4305 	4288 	4310
f 2270 	4303 	4298
f 2270 	4298 	2262
f 4288 	4291 	4307
f 4170 	4307 	4167
f 4102 	4308 	4306
f 4102 	4306 	4101
f 4388 	4309 	2272
f 4311 	2293 	2272
f 4311 	2272 	4309
f 4312 	4304 	4308
f 4304 	4294 	4308
f 4306 	4308 	4294
f 4306 	4294 	4297
f 4313 	4314 	4307
f 4314 	4310 	4307
f 4288 	4307 	4310
f 4312 	4374 	4304
f 2640 	4316 	4317
f 4318 	4319 	3511
f 3510 	3511 	4319
f 4320 	4313 	4174
f 4321 	4323 	4324
f 4321 	4324 	4325
f 3510 	4319 	4322
f 4314 	4313 	4315
f 4313 	4320 	4315
f 4326 	4322 	4319
f 4326 	4319 	4318
f 4340 	4339 	4321
f 4327 	4329 	4330
f 4327 	4330 	4331
f 4264 	4323 	4260
f 4323 	4316 	4260
f 2516 	4260 	4316
f 2516 	4316 	2640
f 4332 	4333 	4330
f 4332 	4330 	4329
f 4467 	4358 	4328
f 4471 	4474 	4334
f 4327 	4331 	4335
f 4327 	4335 	4336
f 4334 	4314 	4338
f 4315 	4338 	4314
f 2978 	2659 	4337
f 4335 	4331 	4330
f 4335 	4330 	4333
f 4540 	4471 	4338
f 4334 	4338 	4471
f 4339 	4340 	2971
f 3517 	4326 	4318
f 3517 	4318 	3511
f 4342 	3957 	4341
f 3957 	3962 	4341
f 4329 	4327 	4336
f 4329 	4336 	4332
f 4321 	4325 	4340
f 4317 	4321 	4339
f 4339 	4337 	4317
f 2633 	4317 	4337
f 4343 	4346 	4372
f 4367 	4366 	4344
f 4349 	4351 	4344
f 4349 	4344 	4352
f 4345 	4346 	4343
f 4345 	4343 	4348
f 4347 	4449 	4353
f 4354 	4367 	4351
f 4355 	4373 	4346
f 4302 	4436 	4357
f 4354 	4357 	4437
f 4358 	4467 	4355
f 4467 	4470 	4355
f 4356 	4350 	4347
f 4356 	4347 	4353
f 4359 	4360 	4361
f 4359 	4361 	4362
f 4302 	4357 	4349
f 4324 	4293 	4352
f 4349 	4352 	4293
f 4302 	4349 	4296
f 4305 	4358 	4300
f 4358 	4305 	4328
f 4310 	4328 	4305
f 4345 	4348 	4295
f 4292 	4295 	4348
f 4348 	4341 	4292
f 3899 	4292 	4341
f 4359 	4362 	4363
f 4359 	4363 	4364
f 4365 	4363 	4362
f 4365 	4362 	4361
f 4366 	4367 	3019
f 4887 	3973 	4368
f 4369 	4365 	4361
f 4369 	4361 	4360
f 4354 	4686 	4370
f 4371 	4372 	4890
f 4325 	4344 	4366
f 4366 	4340 	4325
f 4370 	4367 	4354
f 4344 	4351 	4367
f 3346 	4251 	4250
f 3346 	4250 	3347
f 4392 	4304 	4374
f 4369 	4360 	4359
f 4369 	4359 	4364
f 2296 	3347 	4250
f 2296 	4250 	2288
f 4312 	4104 	4376
f 4378 	2343 	4377
f 4379 	4375 	4376
f 4375 	4374 	4376
f 4312 	4376 	4374
f 3353 	2351 	4378
f 3353 	4378 	4377
f 3353 	4377 	3359
f 4375 	4379 	4387
f 4379 	4137 	4387
f 4137 	4138 	4387
f 4396 	4375 	4380
f 2352 	3359 	4377
f 2352 	4377 	2343
f 4382 	2666 	4381
f 4385 	2358 	4384
f 4386 	2675 	4382
f 3366 	4385 	4384
f 3366 	4384 	3371
f 4389 	4383 	4387
f 4383 	4380 	4387
f 4387 	4380 	4375
f 4389 	4416 	4406
f 4142 	4416 	4389
f 2364 	3371 	4384
f 2364 	4384 	2358
f 4391 	4386 	4382
f 4391 	4382 	4381
f 4395 	4436 	4392
f 4309 	4388 	4390
f 4309 	4390 	4311
f 3780 	6210 	3684
f 6523 	6515 	4071
f 4074 	6523 	4088
f 3632 	3684 	6210
f 3780 	3784 	6243
f 3623 	3624 	6179
f 6179 	6196 	3623
f 2952 	3623 	6196
f 1895 	4397 	4398
f 4396 	4395 	4375
f 2777 	4391 	4381
f 2777 	4381 	2666
f 1915 	4399 	1899
f 4456 	4445 	4396
f 4397 	1169 	4398
f 4400 	1169 	4397
f 4399 	1169 	4400
f 4402 	1169 	4399
f 3174 	4398 	1169
f 4404 	2922 	4403
f 4401 	4427 	4703
f 4402 	1918 	1169
f 4401 	4383 	4406
f 4407 	4408 	4409
f 4407 	4409 	4410
f 4405 	4404 	4403
f 4405 	4403 	4414
f 4408 	4428 	4409
f 4412 	4406 	4416
f 4198 	4416 	4142
f 4501 	4507 	4417
f 4417 	4418 	1174
f 4419 	4420 	4202
f 2934 	4414 	4403
f 2934 	4403 	2922
f 4417 	4507 	4415
f 4421 	4415 	4413
f 4421 	4413 	4422
f 4424 	2936 	4423
f 4383 	4389 	4406
f 4416 	4420 	4412
f 4411 	4412 	4420
f 4420 	4419 	4411
f 1664 	4411 	4419
f 1664 	4419 	1703
f 1174 	4418 	4421
f 4422 	1174 	4421
f 4407 	1174 	4422
f 4410 	1174 	4407
f 3211 	1174 	4410
f 4426 	4428 	4429
f 4426 	4429 	4430
f 4406 	4427 	4401
f 4425 	4424 	4423
f 4425 	4423 	4431
f 4433 	4412 	4432
f 4411 	4432 	4412
f 4434 	4441 	4430
f 4441 	4439 	4430
f 4435 	4507 	4434
f 4433 	4703 	4427
f 2103 	2088 	1661
f 2953 	4431 	4423
f 2953 	4423 	2936
f 4413 	4435 	4429
f 3981 	4409 	4428
f 4428 	4408 	4429
f 4413 	4429 	4408
f 4437 	4357 	4436
f 4438 	4439 	4534
f 4692 	4690 	4440
f 4442 	4444 	4350
f 4347 	4350 	4444
f 4445 	4446 	4440
f 4445 	4440 	4448
f 4347 	4444 	4449
f 4450 	5507 	4451
f 4453 	4449 	4444
f 4453 	4444 	4442
f 4443 	4447 	4450
f 4443 	4450 	4451
f 4457 	4459 	4460
f 4457 	4460 	4461
f 4454 	4455 	4458
f 4454 	4458 	4462
f 4373 	4372 	4346
f 4372 	4371 	4343
f 4342 	4343 	4371
f 4371 	4368 	4342
f 3957 	4342 	4368
f 4463 	4454 	4462
f 4463 	4462 	4466
f 4464 	4465 	4460
f 4464 	4460 	4459
f 4457 	4461 	4468
f 4457 	4468 	4469
f 4269 	4268 	4274
f 4269 	4274 	4290
f 4468 	4461 	4460
f 4468 	4460 	4465
f 4281 	4278 	3231
f 4471 	4472 	4473
f 4471 	4473 	4474
f 4356 	4453 	4442
f 4356 	4442 	4350
f 4475 	4476 	4672
f 4459 	4457 	4469
f 4459 	4469 	4464
f 4475 	4672 	4478
f 4479 	4480 	4902
f 4679 	4255 	4481
f 4482 	4483 	4484
f 4482 	4484 	4486
f 4485 	4681 	4679
f 4485 	4679 	4481
f 4373 	4470 	4477
f 4479 	4477 	4470
f 4373 	4355 	4470
f 4470 	4473 	4479
f 4480 	4479 	4473
f 4480 	4473 	4472
f 4476 	4475 	4478
f 4476 	4478 	4487
f 4467 	4334 	4474
f 4328 	4334 	4467
f 4426 	4430 	4439
f 4439 	4438 	4426
f 4438 	4047 	3983
f 4048 	3983 	4047
f 4485 	4481 	4255
f 4491 	4493 	4494
f 4491 	4494 	4495
f 4488 	4490 	4496
f 4488 	4496 	4497
f 4491 	4495 	4498
f 4491 	4498 	4499
f 1222 	1129 	1174
f 4490 	4501 	1174
f 4502 	4503 	4504
f 4502 	4504 	4505
f 4489 	4315 	4506
f 4320 	4506 	4315
f 4502 	4505 	4508
f 4502 	4508 	4509
f 4413 	4415 	4507
f 4417 	1174 	4501
f 4510 	4506 	4210
f 4511 	4512 	4504
f 4511 	4504 	4503
f 4497 	4441 	4488
f 4441 	4434 	4488
f 4507 	4488 	4434
f 4507 	4435 	4413
f 4513 	4498 	4495
f 4513 	4495 	4494
f 4482 	4486 	4514
f 4482 	4514 	4515
f 4505 	4504 	4512
f 4505 	4512 	4508
f 1078 	1082 	4526
f 4517 	4514 	4486
f 4517 	4486 	4484
f 4518 	4513 	4494
f 4518 	4494 	4493
f 4519 	4520 	4516
f 4519 	4516 	4521
f 4493 	4491 	4499
f 4493 	4499 	4518
f 4522 	4523 	4524
f 4522 	4524 	4525
f 4503 	4502 	4509
f 4503 	4509 	4511
f 1129 	1078 	4551
f 4527 	4528 	4524
f 4527 	4524 	4523
f 4531 	4551 	4526
f 4532 	4500 	4510
f 4500 	4492 	4510
f 4506 	4510 	4492
f 4506 	4492 	4489
f 5768 	4533 	4529
f 4534 	4535 	4438
f 4213 	4554 	4532
f 4542 	4587 	4540
f 5781 	4541 	4538
f 4492 	4542 	4540
f 4492 	4540 	4489
f 4531 	4519 	4534
f 4537 	4531 	4534
f 4441 	4544 	4537
f 4535 	4534 	4519
f 4519 	4521 	4535
f 4099 	4535 	4521
f 4107 	4111 	4100
f 4100 	4099 	4107
f 4530 	4529 	4533
f 4530 	4533 	4536
f 4544 	4545 	4547
f 4544 	4547 	4548
f 4539 	4538 	4541
f 4539 	4541 	4543
f 4500 	4579 	4546
f 4549 	4550 	4552
f 4549 	4552 	4553
f 4551 	4531 	4548
f 4531 	4537 	4548
f 4548 	4537 	4544
f 4497 	4544 	4441
f 4549 	4553 	4555
f 4549 	4555 	4556
f 4500 	4532 	4554
f 4244 	4554 	4213
f 4555 	4553 	4552
f 4555 	4552 	4558
f 4579 	4500 	4559
f 4547 	1174 	4557
f 4545 	1174 	4547
f 4496 	1174 	4545
f 4490 	1174 	4496
f 4562 	4563 	4554
f 4563 	4559 	4554
f 4559 	4500 	4554
f 4520 	4526 	1082
f 4526 	4551 	1078
f 4551 	4557 	1129
f 4557 	1174 	1129
f 4516 	4520 	1132
f 1132 	1160 	4516
f 4560 	4561 	4564
f 4560 	4564 	4566
f 4246 	4565 	4562
f 4246 	4562 	4245
f 4567 	4568 	4569
f 4567 	4569 	4570
f 4571 	4558 	4552
f 4571 	4552 	4550
f 3764 	3763 	4567
f 3764 	4567 	4570
f 4560 	4566 	5809
f 4550 	4549 	4556
f 4550 	4556 	4571
f 4563 	4562 	4572
f 4562 	4565 	4572
f 1565 	4572 	4565
f 1565 	4565 	1627
f 4573 	4574 	4575
f 4573 	4575 	4576
f 4577 	4578 	4604
f 3757 	3756 	4573
f 3757 	4573 	4576
f 4577 	4604 	4580
f 4582 	4563 	4581
f 4572 	4581 	4563
f 4575 	4574 	3762
f 4575 	3762 	3761
f 4646 	4650 	4582
f 4581 	4646 	4582
f 3764 	4570 	4569
f 3764 	4569 	3766
f 4584 	4609 	4586
f 3757 	4576 	4575
f 3757 	4575 	3761
f 4583 	4578 	4577
f 4583 	4577 	4580
f 4587 	4588 	4585
f 4587 	4585 	4589
f 3766 	4569 	4568
f 3766 	4568 	3767
f 4522 	4525 	4590
f 4522 	4590 	4591
f 4593 	3266 	4592
f 3767 	4568 	4567
f 3767 	4567 	3763
f 4590 	4525 	4524
f 4590 	4524 	4528
f 3762 	4574 	4573
f 3762 	4573 	3756
f 4595 	4594 	4593
f 4595 	4593 	4592
f 4596 	4517 	4484
f 4596 	4484 	4483
f 5291 	3703 	1914
f 3413 	4595 	4592
f 3413 	4592 	3266
f 4523 	4522 	4591
f 4523 	4591 	4527
f 4597 	4598 	4599
f 4597 	4599 	4600
f 4679 	4601 	4255
f 4597 	4600 	3781
f 4597 	3781 	3779
f 4602 	4261 	4255
f 4602 	4255 	4601
f 4596 	4483 	4482
f 4596 	4482 	4515
f 3781 	4600 	4599
f 3781 	4599 	3785
f 4604 	4578 	4603
f 3791 	3785 	4599
f 3791 	4599 	4598
f 4604 	4605 	4580
f 4607 	4651 	4606
f 4608 	4605 	4604
f 4608 	4604 	4603
f 4607 	4606 	3790
f 4607 	3790 	3789
f 4583 	4608 	4603
f 4583 	4603 	4578
f 3790 	4606 	4651
f 3790 	4651 	3803
f 4584 	4623 	4609
f 4609 	4610 	4586
f 4598 	4597 	3779
f 4598 	3779 	3791
f 4610 	4609 	4623
f 4611 	4612 	4030
f 4029 	4030 	4612
f 4613 	4614 	4615
f 4613 	4615 	4616
f 4613 	4616 	4618
f 4613 	4618 	4619
f 4029 	4612 	4617
f 4588 	4637 	4585
f 4623 	4584 	4621
f 4622 	4617 	4612
f 4622 	4612 	4611
f 4456 	4704 	4452
f 4624 	4625 	4623
f 4624 	4623 	4621
f 4626 	4627 	4628
f 4626 	4628 	4629
f 4618 	4616 	4615
f 4618 	4615 	4630
f 4623 	4625 	4610
f 4644 	4645 	4631
f 4633 	4630 	4615
f 4633 	4615 	4614
f 4633 	4614 	4613
f 4633 	4613 	4619
f 3868 	3800 	4632
f 4587 	4542 	4631
f 4471 	4540 	4589
f 4587 	4589 	4540
f 4631 	4542 	4546
f 4586 	4624 	4621
f 4586 	4621 	4584
f 4634 	4635 	4718
f 4626 	4629 	4639
f 4626 	4639 	4640
f 4636 	4637 	4935
f 4634 	4718 	3797
f 4639 	4629 	4628
f 4639 	4628 	4641
f 4643 	4641 	4628
f 4643 	4628 	4627
f 4622 	4611 	4030
f 4637 	4636 	4585
f 4472 	4585 	4636
f 4480 	4472 	4636
f 4642 	4637 	4620
f 4620 	4637 	4588
f 4620 	4660 	4642
f 4635 	4634 	3797
f 4635 	3797 	3799
f 4627 	4626 	4640
f 4627 	4640 	4643
f 4646 	4647 	4648
f 4646 	4648 	4650
f 4651 	4607 	4649
f 4792 	4173 	4652
f 4620 	4631 	4645
f 4648 	4647 	4762
f 1884 	1902 	1947
f 4653 	4792 	4652
f 3810 	3803 	4651
f 3810 	4651 	4649
f 4546 	4579 	4644
f 4631 	4546 	4644
f 4650 	4644 	4579
f 4579 	4582 	4650
f 4654 	4655 	4821
f 4656 	4657 	4658
f 4656 	4658 	4659
f 4463 	4466 	4661
f 4463 	4661 	4662
f 4654 	4821 	4663
f 4656 	4659 	3806
f 4656 	3806 	3805
f 4662 	4661 	4458
f 4662 	4458 	4455
f 3806 	4659 	4658
f 3806 	4658 	3814
f 3820 	3814 	4658
f 3820 	4658 	4657
f 4653 	4652 	4050
f 4649 	4607 	3810
f 3789 	3810 	4607
f 4655 	4654 	4663
f 4655 	4663 	4664
f 4657 	4656 	3805
f 4657 	3805 	3820
f 4672 	4476 	4638
f 4677 	4478 	4672
f 4678 	4892 	4674
f 3906 	3829 	4675
f 4680 	4678 	4674
f 4680 	4674 	4673
f 4771 	4632 	4682
f 4677 	4672 	4638
f 4677 	4638 	4683
f 3828 	4771 	4682
f 4601 	4679 	4681
f 4601 	4681 	4602
f 4448 	4395 	4445
f 4436 	4395 	4448
f 4302 	4392 	4436
f 4395 	4396 	4445
f 4396 	4401 	4456
f 4487 	4683 	4638
f 4487 	4638 	4476
f 4676 	4675 	3829
f 4676 	3829 	3833
f 4686 	3025 	4370
f 4682 	4632 	3828
f 3800 	3828 	4632
f 4685 	4684 	4687
f 4685 	4687 	4688
f 4690 	4692 	3361
f 4693 	4694 	4695
f 4693 	4695 	4696
f 4693 	4696 	4698
f 4693 	4698 	4699
f 4700 	4701 	4695
f 4700 	4695 	4694
f 4724 	4687 	4684
f 4690 	4686 	4437
f 4354 	4437 	4686
f 4437 	4440 	4690
f 4440 	4446 	4692
f 4452 	4697 	4446
f 4697 	4692 	4446
f 4696 	4695 	4701
f 4696 	4701 	4698
f 4703 	4704 	4456
f 4685 	4688 	4726
f 4705 	4706 	4707
f 4705 	4707 	4708
f 4691 	4689 	3851
f 4691 	3851 	3856
f 4694 	4693 	4699
f 4694 	4699 	4700
f 4702 	3858 	3894
f 4707 	4706 	4720
f 2121 	4720 	4706
f 4771 	4711 	4632
f 4703 	4433 	4708
f 4456 	4401 	4703
f 4705 	4708 	4433
f 4712 	4713 	7011
f 3868 	4632 	4711
f 4712 	7011 	4715
f 4718 	4635 	4716
f 4717 	6203 	4713
f 4719 	4720 	3426
f 4709 	4710 	5206
f 3864 	3797 	4718
f 4713 	4712 	4715
f 4713 	4715 	4717
f 4719 	4714 	4704
f 4452 	4704 	4714
f 4697 	4452 	4714
f 4704 	4707 	4719
f 4720 	4719 	4707
f 4716 	4635 	3869
f 3799 	3869 	4635
f 4721 	4722 	4685
f 4684 	4685 	4722
f 5171 	4723 	3881
f 4684 	4722 	4724
f 3864 	4718 	4716
f 3864 	4716 	3869
f 4726 	4724 	4722
f 4726 	4722 	4721
f 4731 	4732 	4691
f 4689 	4691 	4732
f 3083 	3084 	4393
f 3083 	4393 	4394
f 4729 	5171 	4727
f 4689 	4732 	3878
f 4689 	3878 	3851
f 3382 	3381 	4394
f 3382 	4394 	4393
f 4727 	5171 	4725
f 4723 	5171 	4729
f 4733 	4734 	4735
f 4733 	4735 	4736
f 3878 	4732 	4731
f 3878 	4731 	3880
f 3375 	3374 	4735
f 3375 	4735 	4734
f 4741 	4745 	4763
f 4727 	4725 	4745
f 4731 	4691 	3880
f 3856 	3880 	4691
f 4733 	4736 	3384
f 4733 	3384 	3383
f 4393 	3084 	3382
f 2833 	3382 	3084
f 4737 	4723 	4740
f 4729 	4740 	4723
f 4702 	4739 	3882
f 4702 	3882 	3858
f 4734 	4733 	3383
f 4734 	3383 	3375
f 3882 	4739 	4757
f 3882 	4757 	3893
f 4741 	4742 	4740
f 4741 	4740 	4745
f 4743 	4744 	4746
f 4743 	4746 	4747
f 4748 	4749 	4750
f 4748 	4750 	4751
f 4743 	4747 	4752
f 4743 	4752 	4753
f 4737 	4740 	4738
f 4740 	4742 	4738
f 4748 	4751 	3892
f 4748 	3892 	3891
f 4754 	4755 	4746
f 4754 	4746 	4744
f 4756 	4757 	4702
f 4757 	4739 	4702
f 4744 	4743 	4753
f 4744 	4753 	4754
f 3894 	3893 	4757
f 3894 	4757 	4756
f 4941 	4942 	4660
f 3892 	4751 	4750
f 3892 	4750 	3899
f 4758 	4738 	4759
f 4742 	4759 	4738
f 1164 	5052 	4760
f 3901 	3899 	4750
f 3901 	4750 	4749
f 4761 	4660 	4645
f 4620 	4645 	4660
f 4942 	4642 	4660
f 4645 	4648 	4761
f 4762 	4761 	4648
f 4725 	4763 	4745
f 3901 	4749 	4748
f 3901 	4748 	3891
f 4767 	3715 	3939
f 3703 	3781 	3715
f 4764 	4763 	4980
f 3894 	4756 	4702
f 4680 	4673 	4894
f 3717 	4788 	4811
f 4787 	4788 	3717
f 4765 	4766 	4676
f 4675 	4676 	4766
f 4752 	4747 	4746
f 4752 	4746 	4755
f 3906 	4675 	4766
f 3828 	3908 	4771
f 4769 	4770 	3943
f 3906 	4766 	4765
f 3906 	4765 	3912
f 4774 	4775 	3968
f 4772 	4768 	4841
f 4711 	4771 	3908
f 4711 	3908 	3868
f 4769 	3715 	4770
f 4775 	3715 	4769
f 4774 	3715 	4775
f 4776 	3715 	4774
f 4767 	4770 	3715
f 4765 	4676 	3912
f 3833 	3912 	4676
f 3957 	4368 	3973
f 4887 	3715 	4776
f 4779 	4845 	4778
f 4780 	4781 	4782
f 4780 	4782 	4783
f 4784 	4785 	3717
f 4786 	4779 	4778
f 4786 	4778 	4777
f 4780 	4783 	3918
f 4780 	3918 	3917
f 3918 	4783 	4782
f 3918 	4782 	3922
f 4789 	4790 	4785
f 4789 	4785 	4791
f 4050 	4652 	4173
f 4785 	4790 	3717
f 4787 	3717 	4790
f 3929 	3922 	4782
f 3929 	4782 	4781
f 4793 	4176 	4173
f 4793 	4173 	4792
f 4833 	4795 	4796
f 4811 	4788 	4789
f 4791 	4810 	4789
f 4794 	4822 	4791
f 4247 	4248 	4798
f 4797 	4798 	4248
f 4796 	4795 	3928
f 4796 	3928 	3925
f 4801 	4797 	4248
f 3928 	4795 	3953
f 4802 	3717 	4800
f 4781 	4780 	3917
f 4781 	3917 	3929
f 4247 	4798 	4803
f 4804 	4794 	4802
f 4794 	4784 	4802
f 3717 	4802 	4784
f 4833 	4796 	3925
f 4653 	4793 	4792
f 4799 	4838 	4804
f 4803 	4798 	4797
f 4803 	4797 	4801
f 4811 	4816 	3717
f 4852 	4859 	3717
f 4769 	3945 	4805
f 4806 	4807 	4808
f 4806 	4808 	4809
f 4812 	4813 	6494
f 4814 	4815 	4806
f 4814 	4806 	4809
f 4812 	6494 	3939
f 4818 	4831 	4816
f 4817 	4814 	4809
f 4817 	4809 	4808
f 4821 	4655 	4820
f 4821 	4820 	4823
f 4821 	4823 	4824
f 4813 	4812 	3939
f 4813 	3939 	3943
f 4819 	4818 	4822
f 4847 	4832 	4819
f 4818 	4810 	4822
f 4810 	4791 	4822
f 4811 	4789 	4810
f 4664 	4823 	4820
f 4664 	4820 	4655
f 4825 	4826 	4828
f 4825 	4828 	4829
f 4852 	3717 	4827
f 4817 	4808 	4807
f 4817 	4807 	4830
f 4831 	4832 	4853
f 4825 	4829 	3951
f 4825 	3951 	3948
f 4821 	4824 	4663
f 4818 	4819 	4832
f 4832 	4831 	4818
f 4831 	4827 	4816
f 4827 	3717 	4816
f 4795 	4833 	4834
f 4830 	4807 	4806
f 4830 	4806 	4815
f 4837 	4846 	4840
f 3955 	3953 	4834
f 3955 	4834 	4833
f 4836 	4768 	4913
f 3951 	4829 	4828
f 3951 	4828 	3957
f 4839 	4840 	4835
f 4839 	4835 	4842
f 4768 	4836 	4841
f 4795 	4834 	3953
f 4843 	4844 	4778
f 4777 	4778 	4844
f 3962 	3957 	4828
f 3962 	4828 	4826
f 4794 	4804 	4839
f 4842 	4794 	4839
f 4822 	4794 	4842
f 4838 	4839 	4804
f 4845 	4843 	4778
f 4826 	4825 	3948
f 4826 	3948 	3962
f 4848 	4786 	4844
f 4777 	4844 	4786
f 3925 	3955 	4833
f 4837 	5046 	4849
f 4671 	5344 	4773
f 4850 	4851 	6472
f 4846 	4847 	4835
f 4819 	4835 	4847
f 4849 	4846 	4837
f 4835 	4840 	4846
f 4848 	4844 	4843
f 4848 	4843 	4845
f 4774 	3969 	6472
f 4850 	6472 	3969
f 4853 	4854 	4831
f 6491 	4805 	4857
f 4861 	4854 	4853
f 3968 	6491 	4857
f 4860 	3717 	4859
f 4858 	5084 	4856
f 4861 	4862 	4863
f 4861 	4863 	4864
f 4858 	4856 	4855
f 4858 	4855 	4865
f 4851 	4850 	3969
f 4851 	3969 	3973
f 4863 	4862 	1311
f 4879 	4880 	1291
f 4866 	4867 	4868
f 4866 	4868 	4869
f 4857 	4805 	3968
f 3945 	3968 	4805
f 4859 	4852 	4864
f 4852 	4854 	4864
f 4861 	4864 	4854
f 4870 	4871 	4866
f 4870 	4866 	4869
f 4872 	5119 	4874
f 4875 	4870 	4869
f 4875 	4869 	4868
f 4877 	4876 	4853
f 4861 	4853 	4876
f 3978 	3977 	4872
f 3978 	4872 	4874
f 4878 	4879 	4873
f 4878 	4873 	4876
f 3978 	4874 	5119
f 4881 	4939 	4883
f 4882 	5069 	4880
f 3982 	3980 	4881
f 3982 	4881 	4883
f 4877 	4847 	4884
f 4846 	4884 	4847
f 4875 	4868 	4867
f 4875 	4867 	4885
f 4886 	4882 	4884
f 4882 	4878 	4884
f 4877 	4884 	4878
f 4877 	4878 	4876
f 4865 	4855 	5087
f 3982 	4883 	4011
f 4882 	4886 	5068
f 4885 	4867 	4866
f 4885 	4866 	4871
f 4673 	4674 	4889
f 4888 	4889 	4674
f 4890 	4891 	4371
f 3980 	4013 	4881
f 4939 	4881 	4013
f 4892 	4888 	4674
f 4891 	3715 	4887
f 4890 	3715 	4891
f 4893 	3715 	4890
f 4673 	4889 	4894
f 4373 	4895 	4893
f 4894 	4889 	4888
f 4894 	4888 	4892
f 3715 	4893 	4895
f 4477 	4895 	4373
f 4897 	3715 	4895
f 4896 	4898 	4899
f 4896 	4899 	4900
f 4902 	4897 	4479
f 4903 	4904 	4896
f 4903 	4896 	4900
f 4897 	4902 	3715
f 4905 	4903 	4900
f 4905 	4900 	4899
f 4905 	4899 	4898
f 4905 	4898 	4908
f 3997 	4901 	4052
f 4907 	4909 	4927
f 4923 	5059 	4927
f 4898 	4896 	4904
f 4898 	4904 	4908
f 4910 	5162 	4911
f 4912 	3717 	4909
f 4002 	4000 	4910
f 4002 	4910 	4911
f 4800 	4914 	4915
f 4800 	4915 	4799
f 4913 	4768 	4916
f 4772 	4916 	4768
f 4917 	5028 	4915
f 4918 	4912 	4917
f 4917 	4912 	4906
f 4002 	4911 	5162
f 4002 	5162 	4049
f 4912 	4918 	3717
f 3717 	4918 	4914
f 3717 	4914 	4800
f 4921 	4922 	4923
f 4921 	4923 	4924
f 4925 	5106 	4920
f 4910 	4000 	4053
f 4926 	4927 	4909
f 4928 	4925 	4920
f 4928 	4920 	4919
f 4922 	5058 	4923
f 4928 	4919 	5107
f 4926 	3717 	4924
f 4909 	3717 	4926
f 4921 	4924 	3717
f 4967 	4971 	3717
f 4931 	4932 	4933
f 4931 	4933 	4934
f 4010 	4009 	4929
f 4010 	4929 	4930
f 4935 	4936 	4636
f 4937 	4938 	4931
f 4937 	4931 	4934
f 4883 	4939 	4940
f 4943 	4937 	4934
f 4943 	4934 	4933
f 4940 	4939 	4013
f 4940 	4013 	4011
f 4762 	4944 	4945
f 4762 	4945 	4761
f 4946 	4943 	4933
f 4946 	4933 	4932
f 4010 	4930 	4038
f 4883 	4940 	4011
f 4948 	4760 	4764
f 4760 	4741 	4764
f 4763 	4764 	4741
f 4947 	4949 	4950
f 4947 	4950 	4951
f 4952 	4953 	4947
f 4952 	4947 	4951
f 5171 	4955 	4725
f 4954 	4952 	4951
f 4954 	4951 	4950
f 4949 	4947 	4953
f 4949 	4953 	4959
f 4956 	4957 	5171
f 4946 	4932 	4931
f 4946 	4931 	4938
f 3083 	4394 	3381
f 4736 	4735 	3374
f 4736 	3374 	3384
f 4955 	5171 	4957
f 4902 	4936 	3715
f 4936 	4935 	3715
f 4935 	4942 	3715
f 3715 	4942 	4941
f 3715 	4941 	4945
f 3715 	4945 	4944
f 4960 	4961 	4962
f 4960 	4962 	4963
f 4968 	5210 	4964
f 3398 	3397 	4960
f 3398 	4960 	4963
f 4966 	5171 	4965
f 4967 	4968 	4964
f 4967 	4964 	4971
f 4969 	4970 	4972
f 4969 	4972 	4973
f 4969 	4973 	3396
f 4969 	3396 	3395
f 4975 	4976 	5171
f 3402 	3401 	4972
f 3402 	4972 	4970
f 4974 	4977 	4982
f 3412 	3398 	4963
f 3412 	4963 	4962
f 4965 	5171 	4976
f 4965 	4976 	5012
f 4970 	4969 	3395
f 4970 	3395 	3402
f 3717 	4977 	4967
f 4921 	3717 	4971
f 3717 	4978 	4979
f 3412 	4962 	4961
f 3412 	4961 	3416
f 4980 	4981 	4764
f 4982 	4977 	4979
f 3717 	4979 	4977
f 3416 	4961 	4960
f 3416 	4960 	3397
f 4954 	4950 	4949
f 4954 	4949 	4959
f 1419 	1413 	4995
f 4992 	4995 	1413
f 3396 	4973 	4972
f 3396 	4972 	3401
f 4984 	4985 	5111
f 4980 	4955 	4986
f 4957 	4986 	4955
f 4984 	5111 	4989
f 4987 	4988 	4986
f 4987 	4986 	4990
f 4992 	4983 	4988
f 4983 	4981 	4988
f 4986 	4988 	4981
f 4986 	4981 	4980
f 4993 	4994 	5117
f 4997 	4998 	2691
f 2612 	2691 	4998
f 4996 	5118 	4994
f 4990 	4956 	4966
f 5171 	4966 	4956
f 4987 	4990 	5000
f 5000 	5005 	4987
f 4995 	4987 	5020
f 2612 	4998 	2614
f 3427 	2614 	4998
f 4982 	4999 	5251
f 4982 	5251 	4974
f 5004 	2622 	5002
f 5000 	5001 	5003
f 5000 	5003 	5005
f 3425 	2608 	5004
f 5020 	4987 	5005
f 5000 	4990 	4966
f 4728 	4730 	5008
f 4728 	5008 	5009
f 5012 	5015 	5003
f 5012 	5003 	5001
f 5012 	5001 	4965
f 4728 	5009 	5010
f 4728 	5010 	5011
f 5012 	5013 	5014
f 5012 	5014 	5015
f 5006 	4999 	5007
f 5907 	5243 	5006
f 4999 	4978 	5007
f 3717 	5007 	4978
f 5002 	2622 	3428
f 2613 	3428 	2622
f 3430 	3427 	4998
f 3430 	4998 	4997
f 5027 	5003 	5015
f 5018 	5059 	5017
f 5004 	5002 	3428
f 5004 	3428 	3425
f 5013 	4975 	5155
f 5171 	5155 	4975
f 5014 	5013 	5200
f 5200 	5212 	5014
f 5019 	4906 	5018
f 4906 	4907 	5018
f 4907 	4927 	5018
f 3430 	4997 	2691
f 4838 	5021 	5022
f 4838 	5022 	4837
f 1508 	1523 	5027
f 5026 	5046 	5022
f 3436 	2653 	5024
f 5003 	5027 	5025
f 3436 	5024 	5023
f 3436 	5023 	3445
f 5028 	5019 	5026
f 5026 	5019 	5016
f 2659 	3445 	5023
f 4906 	5019 	5028
f 4799 	4915 	5021
f 4838 	4799 	5021
f 5028 	5021 	4915
f 4906 	5028 	4917
f 5060 	5062 	5030
f 5031 	5032 	5033
f 5031 	5033 	5034
f 1172 	1164 	4948
f 4760 	4948 	1164
f 5052 	5043 	4760
f 5035 	5036 	5063
f 5031 	5034 	3462
f 5031 	3462 	3461
f 5037 	5038 	5040
f 5037 	5040 	5041
f 4993 	5117 	5120
f 4993 	5120 	5042
f 5037 	5041 	3457
f 5037 	3457 	3456
f 5043 	5044 	5039
f 5043 	5039 	5045
f 3472 	3470 	5040
f 3472 	5040 	5038
f 5026 	5016 	5036
f 5035 	5026 	5036
f 5046 	5026 	5035
f 5030 	5036 	5016
f 5030 	5016 	5017
f 5047 	5048 	5049
f 5047 	5049 	5051
f 5050 	1140 	5044
f 3464 	3463 	5049
f 3464 	5049 	5048
f 4837 	5022 	5046
f 4886 	4849 	5065
f 5065 	4849 	5046
f 5047 	5051 	3468
f 5047 	3468 	3466
f 3477 	3462 	5034
f 3477 	5034 	5033
f 5043 	5045 	4759
f 4758 	4759 	5045
f 5055 	5056 	5057
f 5055 	5057 	5058
f 5041 	5040 	3470
f 5041 	3470 	3457
f 1703 	1087 	1139
f 5051 	5049 	3463
f 5051 	3463 	3468
f 5059 	4923 	5058
f 5055 	5058 	4922
f 3487 	3477 	5033
f 3487 	5033 	5032
f 5032 	5031 	3461
f 5032 	3461 	3487
f 5061 	5057 	5054
f 5060 	5061 	5054
f 5053 	5054 	5057
f 5053 	5057 	5056
f 5038 	5037 	3456
f 5038 	3456 	3472
f 5039 	5044 	1139
f 1139 	1087 	5039
f 4189 	5039 	1087
f 1087 	4203 	4189
f 5048 	5047 	3466
f 5048 	3466 	3464
f 5060 	5030 	5061
f 5030 	5017 	5061
f 5059 	5061 	5017
f 5018 	4927 	5059
f 5050 	5052 	1161
f 1164 	1161 	5052
f 1151 	1150 	1173
f 1151 	1173 	1172
f 5063 	5064 	5035
f 1173 	1150 	1273
f 1428 	1273 	1150
f 4759 	4760 	5043
f 4886 	5065 	5068
f 5064 	5063 	5070
f 5176 	5070 	5063
f 5176 	5063 	5062
f 5066 	5067 	3483
f 3482 	3483 	5067
f 3493 	3482 	5067
f 5068 	5069 	4882
f 3508 	3493 	5067
f 3508 	5067 	5066
f 5070 	5071 	5072
f 5070 	5072 	5073
f 1265 	1255 	1161
f 5050 	1161 	1255
f 1140 	5050 	1255
f 1161 	1173 	1265
f 1273 	1265 	1173
f 5074 	5075 	5076
f 5074 	5076 	5077
f 5077 	5076 	3499
f 5077 	3499 	3498
f 4985 	4984 	4989
f 4985 	4989 	4991
f 3507 	3499 	5076
f 3507 	5076 	5075
f 4983 	4992 	1399
f 1413 	1399 	4992
f 5020 	5025 	1520
f 1523 	1520 	5025
f 5027 	5029 	1508
f 5025 	5027 	1523
f 5465 	1540 	5216
f 4994 	4993 	5042
f 4994 	5042 	4996
f 5074 	5077 	3498
f 5074 	3498 	3509
f 4836 	4913 	5079
f 5066 	3483 	3508
f 3236 	3508 	3483
f 1413 	1412 	1392
f 1413 	1392 	1399
f 5075 	5074 	3509
f 5075 	3509 	3507
f 5080 	4841 	4836
f 5080 	4836 	5079
f 5121 	4169 	5081
f 4855 	4856 	5083
f 5082 	5083 	4856
f 3518 	5121 	5081
f 1419 	1518 	1417
f 5084 	5082 	4856
f 5085 	5086 	5123
f 1151 	1172 	4948
f 4948 	4983 	1151
f 1399 	1151 	4983
f 4855 	5083 	5087
f 3585 	3519 	5123
f 5085 	5123 	3519
f 2305 	1428 	1441
f 5087 	5083 	5082
f 5087 	5082 	5084
f 5081 	3505 	3518
f 3267 	3518 	3505
f 5079 	4913 	5080
f 4916 	5080 	4913
f 5086 	5085 	3519
f 5086 	3519 	3521
f 5088 	5089 	5090
f 5088 	5090 	5091
f 5092 	5093 	5094
f 5092 	5094 	5095
f 1441 	1428 	1392
f 1150 	1392 	1428
f 1444 	1441 	1417
f 1412 	1441 	1392
f 1417 	1441 	1412
f 5088 	5091 	5096
f 5088 	5096 	5097
f 5092 	5095 	3542
f 5092 	3542 	3541
f 1520 	1518 	1419
f 3542 	5095 	5094
f 3542 	5094 	3543
f 5096 	5091 	5090
f 5096 	5090 	5098
f 1508 	1507 	1524
f 1508 	1524 	1523
f 3557 	3543 	5094
f 3557 	5094 	5093
f 5099 	5098 	5090
f 5099 	5090 	5089
f 1623 	1595 	1507
f 1524 	1507 	1595
f 5100 	5101 	5102
f 5100 	5102 	5103
f 5089 	5088 	5097
f 5089 	5097 	5099
f 5103 	5102 	3546
f 5103 	3546 	3545
f 1540 	5464 	1533
f 5104 	5105 	4920
f 4919 	4920 	5105
f 3550 	3546 	5102
f 3550 	5102 	5101
f 5100 	5103 	3545
f 5100 	3545 	3559
f 5106 	5104 	4920
f 1520 	1419 	5020
f 4995 	5020 	1419
f 5093 	5092 	3541
f 5093 	3541 	3557
f 4919 	5105 	5107
f 2455 	2448 	1605
f 5101 	5100 	3559
f 5101 	3559 	3550
f 5107 	5105 	5104
f 5107 	5104 	5106
f 5111 	4985 	5110
f 3576 	3569 	5109
f 3576 	5109 	5108
f 1518 	1524 	1612
f 1612 	1605 	1518
f 1417 	1518 	1605
f 1533 	1623 	1507
f 1595 	1612 	1524
f 3576 	5108 	3617
f 5111 	5112 	4989
f 1673 	2103 	1661
f 5158 	5159 	5113
f 5158 	5113 	5114
f 5112 	5111 	5110
f 5112 	5110 	5115
f 1674 	1673 	1661
f 1674 	1661 	1664
f 3578 	5158 	5114
f 4991 	5115 	5110
f 4991 	5110 	4985
f 3580 	3578 	5114
f 3580 	5114 	5113
f 5117 	4994 	5116
f 5159 	3580 	5113
f 3505 	5081 	4169
f 5117 	5116 	5118
f 5117 	5118 	5120
f 5119 	4872 	4958
f 3518 	3583 	5121
f 5118 	5116 	4994
f 5119 	4019 	3978
f 5123 	5086 	5122
f 4019 	5119 	4958
f 4019 	4958 	4028
f 5124 	5125 	5127
f 5124 	5127 	5128
f 5122 	5086 	3588
f 3521 	3588 	5086
f 5124 	5128 	5130
f 5124 	5130 	5131
f 3585 	5123 	5122
f 3585 	5122 	3588
f 4027 	4026 	5126
f 4027 	5126 	5129
f 5130 	5128 	5127
f 5130 	5127 	5132
f 4169 	5121 	3583
f 4027 	5129 	4045
f 5133 	5135 	5136
f 5133 	5136 	5137
f 5134 	5132 	5127
f 5134 	5127 	5125
f 4958 	4872 	4028
f 3977 	4028 	4872
f 5133 	5137 	3594
f 5133 	3594 	3593
f 5138 	5139 	5140
f 5138 	5140 	5141
f 3597 	3594 	5137
f 3597 	5137 	5136
f 5138 	5141 	5142
f 5138 	5142 	5143
f 4930 	4929 	5144
f 4930 	5144 	5145
f 3599 	3597 	5136
f 3599 	5136 	5135
f 5142 	5141 	5140
f 5142 	5140 	5146
f 4930 	5145 	4038
f 3599 	5135 	5133
f 3599 	5133 	3593
f 5147 	5146 	5140
f 5147 	5140 	5139
f 5149 	4192 	5148
f 4041 	4038 	5145
f 4041 	5145 	5144
f 5125 	5124 	5131
f 5125 	5131 	5134
f 5144 	4929 	4041
f 4009 	4041 	4929
f 3608 	3602 	5149
f 3608 	5149 	5148
f 5139 	5138 	5143
f 5139 	5143 	5147
f 5129 	5126 	5150
f 5129 	5150 	5151
f 5148 	4192 	3608
f 3319 	3608 	4192
f 5129 	5151 	4045
f 5154 	5156 	5109
f 5108 	5109 	5156
f 5155 	5157 	5152
f 5155 	5152 	5153
f 4045 	5151 	5150
f 4045 	5150 	4046
f 5154 	5109 	3614
f 3569 	3614 	5109
f 5150 	5126 	4046
f 4026 	4046 	5126
f 5108 	5156 	3617
f 5155 	5153 	5200
f 3578 	3618 	5158
f 4901 	5160 	4052
f 5159 	3619 	3580
f 5152 	5157 	5201
f 3617 	5156 	5154
f 3617 	5154 	3614
f 1681 	2074 	1677
f 3619 	5159 	5158
f 3619 	5158 	3618
f 5165 	5166 	5163
f 5165 	5163 	5164
f 5167 	5168 	5169
f 5167 	5169 	5170
f 1139 	1732 	1703
f 3627 	3625 	5167
f 3627 	5167 	5170
f 3627 	5170 	5169
f 3627 	5169 	3630
f 1664 	1703 	1732
f 1739 	1681 	1732
f 1681 	1674 	1732
f 1664 	1732 	1674
f 5165 	5164 	5236
f 3630 	5169 	5168
f 3630 	5168 	3636
f 1140 	1925 	1739
f 3636 	5168 	5167
f 3636 	5167 	3625
f 5172 	5173 	5174
f 5172 	5174 	5175
f 1430 	1429 	5183
f 5078 	5183 	1429
f 5163 	5166 	5234
f 3639 	3638 	5172
f 3639 	5172 	5175
f 1255 	1925 	1140
f 3642 	3639 	5175
f 3642 	5175 	5174
f 5176 	5183 	5078
f 3642 	5174 	5173
f 3642 	5173 	3644
f 5073 	5064 	5070
f 5068 	5065 	5073
f 5065 	5064 	5073
f 3644 	5173 	5172
f 3644 	5172 	3638
f 1934 	1945 	1925
f 1945 	1942 	1925
f 1942 	1739 	1925
f 1681 	1739 	1942
f 5254 	5255 	5179
f 5254 	5179 	5180
f 5178 	5054 	5177
f 5053 	5177 	5054
f 1934 	1265 	1969
f 1273 	1969 	1265
f 5179 	5255 	3652
f 5060 	5181 	5062
f 3654 	5254 	5180
f 2035 	2077 	1945
f 5062 	5181 	5176
f 5189 	5193 	5178
f 5270 	5189 	5177
f 3654 	5180 	5179
f 3654 	5179 	3652
f 1945 	1934 	2035
f 1934 	1969 	2035
f 2349 	2035 	1969
f 5184 	5185 	5186
f 5184 	5186 	5187
f 5184 	5187 	3658
f 5184 	3658 	3657
f 1942 	2074 	1681
f 3661 	3658 	5187
f 3661 	5187 	5186
f 5191 	5331 	5192
f 2035 	2066 	2077
f 5189 	5190 	5188
f 5189 	5188 	5193
f 3665 	3661 	5186
f 3665 	5186 	5185
f 2231 	1677 	2074
f 2231 	2074 	2077
f 2066 	2233 	2077
f 5269 	5263 	1692
f 5185 	5184 	3657
f 5185 	3657 	3665
f 5010 	5009 	5008
f 5010 	5008 	5196
f 5176 	5181 	5182
f 5182 	5183 	5176
f 5193 	5182 	5181
f 5197 	5196 	5008
f 5197 	5008 	4730
f 5153 	5152 	5198
f 5153 	5198 	5199
f 4726 	4721 	4685
f 5153 	5199 	5200
f 2103 	2102 	2084
f 2103 	2084 	2088
f 4730 	4728 	5011
f 4730 	5011 	5197
f 5201 	5200 	5199
f 5201 	5199 	5198
f 2106 	2126 	2102
f 5203 	5204 	5205
f 5203 	5205 	5207
f 5208 	5209 	5210
f 5208 	5210 	5211
f 5212 	5213 	5203
f 5212 	5203 	5207
f 5214 	5215 	7026
f 5212 	5207 	5205
f 5212 	5205 	5216
f 2108 	2228 	2106
f 6209 	5218 	7026
f 5214 	7026 	5218
f 5217 	5216 	5205
f 5217 	5205 	5204
f 5201 	5198 	5152
f 2108 	2103 	1677
f 2231 	2108 	1677
f 1677 	2103 	1673
f 4432 	1661 	2088
f 2088 	4705 	4432
f 4433 	4432 	4705
f 5206 	5202 	4709
f 5204 	5203 	5213
f 5204 	5213 	5217
f 5215 	5214 	5218
f 5215 	5218 	5219
f 5220 	5221 	5222
f 5220 	5222 	5224
f 5230 	5235 	5211
f 5162 	4910 	5161
f 3705 	3671 	5194
f 5229 	5240 	5225
f 4053 	5161 	4910
f 4974 	5229 	5210
f 4922 	4964 	5209
f 5055 	4922 	5209
f 5210 	5209 	4964
f 4974 	5210 	4968
f 5227 	5228 	5220
f 5227 	5220 	5224
f 4049 	5162 	5161
f 4049 	5161 	4053
f 5164 	5163 	5231
f 5164 	5231 	5232
f 4052 	5160 	4096
f 5232 	5231 	5234
f 5232 	5234 	5236
f 5233 	5235 	5260
f 5227 	5224 	5222
f 5227 	5222 	5239
f 5211 	5225 	5230
f 5208 	5211 	5235
f 5235 	5233 	5208
f 5056 	5208 	5233
f 5056 	5233 	5053
f 4058 	4057 	5237
f 4058 	5237 	5238
f 5164 	5232 	5236
f 5240 	5241 	5256
f 3709 	3676 	5242
f 5243 	5244 	5241
f 5243 	5241 	5245
f 5195 	5194 	3671
f 5195 	3671 	3674
f 5252 	5244 	5969
f 5247 	5248 	5249
f 5247 	5249 	5250
f 4064 	4097 	5307
f 4064 	5307 	5246
f 5247 	5250 	3681
f 5247 	3681 	3680
f 5251 	4999 	5245
f 5243 	5245 	4999
f 4999 	5006 	5243
f 3682 	3681 	5250
f 3682 	5250 	5249
f 3685 	3682 	5249
f 3685 	5249 	5248
f 5240 	5229 	5251
f 5256 	5225 	5240
f 4974 	5251 	5229
f 2126 	2119 	2102
f 2084 	2102 	2119
f 2119 	2121 	2084
f 4706 	2084 	2121
f 3685 	5248 	5247
f 3685 	5247 	3680
f 2231 	2228 	2108
f 5255 	3686 	3652
f 5253 	5241 	5252
f 5256 	5241 	5253
f 5241 	5244 	5252
f 2145 	2144 	2234
f 2145 	2234 	2233
f 3689 	3686 	5255
f 3689 	5255 	5254
f 5230 	5225 	5256
f 3654 	3689 	5254
f 2234 	2144 	2293
f 2684 	2293 	2144
f 2684 	2144 	2583
f 5272 	5257 	5230
f 5290 	5259 	5258
f 2233 	2066 	2145
f 2231 	2077 	2233
f 3695 	3694 	5258
f 3695 	5258 	5259
f 5260 	5261 	5233
f 2126 	2269 	4301
f 5290 	3695 	5259
f 5270 	5177 	5261
f 5270 	5261 	5260
f 5281 	5265 	5257
f 5321 	5281 	5272
f 5296 	5242 	5262
f 3702 	5296 	5262
f 2270 	2269 	2228
f 2106 	2228 	2269
f 2126 	2106 	2269
f 2293 	2270 	2234
f 2234 	2270 	2228
f 5265 	5281 	5264
f 5262 	5242 	3702
f 3676 	3702 	5242
f 2414 	2643 	2340
f 2643 	2623 	2340
f 5258 	3694 	3731
f 5270 	5260 	5266
f 5265 	5266 	5260
f 1969 	2305 	2349
f 5194 	5195 	5267
f 5194 	5267 	5268
f 5194 	5268 	3705
f 3707 	3705 	5268
f 3707 	5268 	5267
f 2349 	2415 	2414
f 2349 	2414 	2340
f 5270 	5266 	5269
f 5266 	5263 	5269
f 5267 	5195 	3707
f 3674 	3707 	5195
f 5181 	5178 	5193
f 5178 	5177 	5189
f 5296 	5271 	5242
f 5242 	5271 	3709
f 2422 	2559 	2419
f 3709 	5271 	5296
f 3709 	5296 	3744
f 5273 	5253 	5274
f 5252 	5274 	5253
f 1441 	2445 	2305
f 5275 	5276 	5277
f 5275 	5277 	5278
f 6028 	5317 	5274
f 3712 	3711 	5275
f 3712 	5275 	5278
f 2448 	2422 	2445
f 2422 	2415 	2445
f 2305 	2445 	2415
f 2305 	2415 	2349
f 5317 	5321 	5273
f 5230 	5256 	5272
f 2462 	2422 	2448
f 2448 	1444 	1605
f 1417 	1605 	1444
f 5280 	5279 	3714
f 5280 	3714 	3713
f 2462 	2448 	2455
f 3716 	3712 	5278
f 3716 	5278 	5277
f 5238 	5237 	5282
f 5238 	5282 	5283
f 5238 	5283 	4067
f 5238 	4067 	4058
f 3716 	5277 	5276
f 3716 	5276 	3718
f 2457 	2463 	2455
f 2463 	2462 	2455
f 4067 	5283 	5282
f 4067 	5282 	4070
f 5276 	5275 	3711
f 5276 	3711 	3718
f 4057 	4070 	5282
f 4057 	5282 	5237
f 3737 	3714 	5279
f 1595 	2479 	2457
f 5284 	5285 	5286
f 5284 	5286 	5287
f 5308 	5288 	5307
f 2457 	1612 	1595
f 5284 	5287 	3726
f 5284 	3726 	3725
f 5246 	5288 	4073
f 5246 	4073 	4064
f 3727 	3726 	5287
f 3727 	5287 	5286
f 2538 	2565 	2463
f 3732 	3727 	5286
f 3732 	5286 	5285
f 2483 	2542 	2479
f 2542 	2538 	2479
f 2538 	2457 	2479
f 2463 	2457 	2538
f 5290 	5258 	5289
f 5290 	5289 	3731
f 5290 	3731 	3730
f 5291 	5292 	3703
f 2483 	5780 	2542
f 2569 	2542 	5805
f 3731 	5289 	5258
f 5291 	3747 	3746
f 5291 	3746 	5292
f 2462 	2559 	2422
f 3732 	5285 	5284
f 3732 	5284 	3725
f 5290 	3730 	3695
f 2560 	2565 	2892
f 1984 	1931 	5292
f 1984 	5292 	3746
f 5293 	5294 	5280
f 5279 	5280 	5294
f 1961 	1935 	3747
f 1961 	3747 	5291
f 2560 	2463 	2565
f 5279 	5294 	3737
f 1914 	1961 	5291
f 3742 	3737 	5294
f 3742 	5294 	5293
f 2569 	2911 	2565
f 2911 	2892 	2565
f 5305 	5160 	5295
f 5293 	5280 	3742
f 3713 	3742 	5280
f 2892 	2868 	2560
f 5295 	4901 	4079
f 3997 	4079 	4901
f 3702 	3744 	5296
f 2643 	2642 	2583
f 2643 	2583 	2623
f 5305 	5295 	4079
f 5424 	5298 	5297
f 7575 	5352 	5299
f 3753 	3752 	5297
f 3753 	5297 	5298
f 3753 	5298 	5424
f 2066 	2340 	2623
f 2623 	2145 	2066
f 2654 	2643 	2419
f 2419 	2643 	2414
f 2419 	2850 	2654
f 4083 	5299 	4106
f 3759 	3758 	5300
f 3759 	5300 	5301
f 4390 	2684 	2675
f 5302 	5356 	5303
f 4087 	4085 	5302
f 4087 	5302 	5303
f 2684 	2642 	2675
f 2777 	2675 	2647
f 2583 	2642 	2684
f 2647 	2675 	2642
f 5300 	3758 	3775
f 4087 	5303 	5356
f 2850 	2849 	2647
f 2865 	2890 	2950
f 5302 	4085 	4108
f 5292 	1287 	3703
f 2892 	2890 	2865
f 2892 	2865 	2868
f 5478 	5474 	5304
f 2909 	2953 	2890
f 4901 	5295 	5160
f 2911 	6066 	2909
f 6066 	6069 	6088
f 5239 	5222 	5221
f 5239 	5221 	5306
f 4096 	5160 	5305
f 5221 	5220 	5228
f 5221 	5228 	5306
f 2868 	2850 	2559
f 2419 	2559 	2850
f 2647 	2654 	2850
f 2559 	2560 	2868
f 5246 	5307 	5288
f 5234 	5231 	5163
f 4098 	4073 	5288
f 4098 	5288 	5308
f 2934 	2950 	4425
f 4079 	4096 	5305
f 5311 	5312 	5309
f 5311 	5309 	5310
f 5313 	5480 	5315
f 5264 	5281 	5314
f 2934 	2928 	2849
f 2647 	2849 	2928
f 2849 	2865 	2934
f 2950 	2934 	2865
f 2909 	6066 	2953
f 2953 	2950 	2890
f 5317 	5318 	5320
f 5317 	5320 	5321
f 4665 	4666 	5313
f 4665 	5313 	5315
f 5318 	1720 	5320
f 5191 	5192 	4667
f 5191 	4667 	4668
f 2986 	4339 	2971
f 4671 	4773 	4669
f 4671 	4669 	4670
f 5260 	5257 	5265
f 5257 	5272 	5281
f 5272 	5273 	5321
f 5273 	5274 	5317
f 5532 	5316 	5319
f 2986 	1169 	2978
f 2971 	1169 	2986
f 2991 	1169 	2971
f 2978 	1169 	3445
f 3019 	2991 	4366
f 3025 	1169 	3019
f 3019 	1169 	2991
f 5324 	5322 	5323
f 5324 	5323 	5325
f 5328 	5329 	5330
f 5328 	5330 	5331
f 3373 	1169 	3372
f 5332 	5333 	5326
f 5332 	5326 	5327
f 5329 	4668 	5330
f 4667 	5330 	4668
f 5328 	5331 	5191
f 3338 	3246 	1174
f 3055 	3338 	1174
f 5326 	5333 	5422
f 3487 	3255 	3254
f 5336 	5403 	5337
f 5309 	5312 	5439
f 3258 	3257 	3246
f 3258 	3246 	3245
f 5334 	5335 	5336
f 5334 	5336 	5337
f 5340 	5342 	5343
f 5340 	5343 	5344
f 3765 	3611 	3245
f 3262 	3765 	3245
f 3254 	3615 	3682
f 5342 	4670 	5343
f 4669 	5343 	4670
f 5340 	5344 	4671
f 1299 	1312 	4873
f 5072 	5071 	1391
f 1378 	1368 	5069
f 5071 	5078 	1397
f 1429 	1397 	5078
f 1420 	1430 	5188
f 5183 	5188 	1430
f 1660 	1692 	5263
f 5264 	1660 	5263
f 1720 	1715 	5314
f 5314 	5320 	1720
f 1692 	1652 	5269
f 5190 	5269 	1652
f 1397 	1391 	5071
f 1391 	1378 	5072
f 1368 	1291 	4880
f 4862 	4873 	1312
f 1311 	1252 	4863
f 3717 	4860 	1226
f 3338 	3055 	3262
f 3262 	3055 	3051
f 5346 	5335 	5345
f 5334 	5345 	5335
f 5348 	5351 	3703
f 3246 	3257 	1174
f 3257 	3255 	1174
f 3255 	3487 	1174
f 3487 	3461 	1174
f 5347 	5348 	3703
f 4083 	4085 	3703
f 5308 	5307 	4097
f 5308 	4097 	4098
f 3372 	3025 	4686
f 5351 	4083 	3703
f 5359 	5351 	5348
f 3361 	3373 	4690
f 5299 	5352 	4106
f 5354 	3703 	5353
f 3372 	1169 	3025
f 3380 	1169 	3361
f 3407 	1169 	3380
f 3361 	1169 	3373
f 5356 	5302 	5355
f 5357 	5358 	3703
f 5356 	4105 	4087
f 4697 	4714 	3380
f 3407 	3380 	4714
f 3703 	5358 	5353
f 4108 	5355 	5302
f 3715 	3371 	1169
f 3414 	1169 	3407
f 4106 	5352 	7575
f 5348 	5360 	5359
f 3426 	3414 	4719
f 4105 	5356 	5355
f 4105 	5355 	4108
f 5361 	5362 	5360
f 5361 	5360 	5363
f 3414 	3426 	1169
f 3426 	4287 	1169
f 4106 	5359 	5364
f 5359 	5360 	5364
f 5360 	5362 	5364
f 4112 	5364 	5365
f 3455 	3544 	3450
f 3450 	3544 	4043
f 3703 	5354 	5347
f 5363 	5347 	5371
f 5361 	5363 	5371
f 5371 	5373 	5361
f 3458 	3486 	1174
f 5362 	5368 	5364
f 5366 	5364 	5368
f 5378 	5369 	5367
f 4118 	4117 	5367
f 4118 	5367 	5369
f 5361 	5382 	5370
f 3486 	3458 	3484
f 3484 	3458 	3451
f 4118 	5369 	5378
f 4118 	5378 	4125
f 5371 	5347 	5354
f 3053 	3055 	1174
f 3490 	3053 	1174
f 3486 	3490 	1174
f 5372 	5373 	5371
f 5372 	5371 	5374
f 7593 	5375 	5365
f 5365 	5375 	4128
f 5365 	4128 	4112
f 5353 	5358 	5374
f 5358 	5376 	5374
f 5372 	5374 	5376
f 5378 	5367 	5377
f 5379 	5380 	5376
f 5379 	5376 	5381
f 3539 	3455 	1174
f 5372 	5376 	5380
f 5384 	5372 	5380
f 5377 	5367 	4129
f 4117 	4129 	5367
f 5381 	5357 	5393
f 3703 	5393 	5357
f 3455 	3458 	1174
f 3544 	3455 	3539
f 4128 	5375 	7593
f 4128 	7593 	5366
f 5373 	5382 	5361
f 4125 	5378 	5377
f 4125 	5377 	4129
f 3553 	4043 	3544
f 1142 	1123 	5384
f 5384 	5383 	5372
f 3553 	3540 	3517
f 3517 	3516 	3553
f 3516 	4032 	3553
f 4322 	4032 	3516
f 5384 	5385 	1142
f 5386 	5387 	5388
f 5386 	5388 	5389
f 5379 	5404 	5385
f 3611 	3610 	3595
f 3611 	3595 	3598
f 5386 	5389 	4141
f 5386 	4141 	4140
f 5390 	5391 	3703
f 4143 	4141 	5389
f 4143 	5389 	5388
f 5392 	5393 	3703
f 4146 	4143 	5388
f 4146 	5388 	5387
f 5379 	5381 	5398
f 3254 	3258 	3598
f 3615 	3254 	3598
f 3611 	3598 	3258
f 5394 	5395 	5396
f 5394 	5396 	5397
f 3703 	5391 	5392
f 5406 	5392 	5391
f 3681 	3682 	3615
f 3595 	3653 	3596
f 3596 	3681 	3615
f 5350 	5323 	5349
f 5322 	5349 	5323
f 5393 	5398 	5381
f 3760 	3778 	3610
f 3643 	3610 	3778
f 5325 	5399 	5400
f 5325 	5400 	5324
f 5401 	5398 	5406
f 3643 	3802 	3651
f 3811 	3651 	3802
f 5402 	5346 	5345
f 5402 	5345 	5403
f 5379 	5398 	5401
f 5404 	5379 	5401
f 5350 	5349 	5400
f 5350 	5400 	5399
f 3653 	3595 	3651
f 3595 	3610 	3651
f 3643 	3651 	3610
f 5417 	5420 	1370
f 5336 	5402 	5403
f 5391 	5405 	5406
f 3681 	3596 	3653
f 3731 	3694 	3653
f 4665 	5408 	4666
f 5407 	4666 	5408
f 5341 	5409 	5338
f 5341 	5338 	5339
f 5406 	5410 	5401
f 5411 	5412 	5405
f 5411 	5405 	5413
f 3748 	3050 	3485
f 3743 	3748 	4003
f 5406 	5405 	5410
f 5405 	5412 	5410
f 5338 	5409 	5452
f 3749 	3051 	3748
f 3051 	3050 	3748
f 3053 	3490 	3050
f 3490 	3485 	3050
f 5413 	5390 	2502
f 3703 	2502 	5390
f 5309 	5414 	5310
f 1418 	1370 	5420
f 5310 	5414 	5416
f 5310 	5416 	5311
f 3765 	3749 	3760
f 3760 	3749 	3745
f 3743 	3795 	3745
f 5415 	5410 	5417
f 5412 	5417 	5410
f 5327 	5326 	5418
f 5327 	5418 	5419
f 3051 	3749 	3765
f 3258 	3245 	3611
f 3051 	3765 	3262
f 5421 	5332 	5419
f 5327 	5419 	5332
f 3920 	3778 	3776
f 5422 	5418 	5326
f 2740 	2727 	3227
f 5421 	5419 	5418
f 5421 	5418 	5422
f 3760 	3745 	3776
f 3778 	3760 	3776
f 3795 	3776 	3745
f 3743 	4020 	3795
f 4003 	4020 	3743
f 1074 	1095 	5370
f 5382 	5383 	1121
f 1148 	1142 	5385
f 1121 	1074 	5382
f 5368 	5370 	1095
f 5297 	5479 	5424
f 5426 	1100 	1095
f 5426 	1095 	5427
f 5428 	5429 	5423
f 5428 	5423 	5425
f 3811 	3825 	3812
f 1111 	1109 	5427
f 1076 	1111 	5427
f 5426 	5427 	1109
f 3802 	3840 	3811
f 5423 	5429 	5435
f 1076 	1074 	1120
f 3731 	3653 	3812
f 1095 	1100 	5368
f 5366 	5368 	1100
f 5431 	5442 	5430
f 3731 	3812 	3825
f 5431 	5430 	5437
f 3827 	3726 	3825
f 3726 	3727 	3825
f 5425 	5423 	5432
f 5425 	5432 	5433
f 5434 	5428 	5433
f 5425 	5433 	5428
f 5435 	5434 	5433
f 5435 	5433 	5432
f 1120 	1192 	1111
f 1076 	1120 	1111
f 1109 	1105 	5426
f 4232 	5426 	1105
f 1105 	4246 	4232
f 3802 	3926 	3840
f 5435 	5432 	5423
f 1121 	1120 	1074
f 3841 	3832 	3840
f 3832 	3826 	3840
f 3825 	3811 	3826
f 3840 	3826 	3811
f 5430 	5436 	5437
f 4238 	3877 	3895
f 3895 	4166 	4238
f 1142 	1141 	1122
f 1142 	1122 	1123
f 5309 	5438 	5414
f 5414 	5438 	5439
f 5414 	5439 	5416
f 1148 	1264 	1147
f 3905 	3904 	3898
f 3905 	3898 	3900
f 5430 	5440 	5436
f 5441 	5436 	5440
f 5442 	5440 	5430
f 5383 	5384 	1123
f 1121 	5383 	1123
f 5370 	5382 	1074
f 3795 	4020 	3904
f 4020 	4126 	3904
f 5436 	5441 	5443
f 5436 	5443 	5437
f 3802 	3920 	3926
f 3776 	3905 	3920
f 5439 	5438 	5309
f 5443 	5441 	5440
f 5443 	5440 	5442
f 5444 	5445 	5446
f 5444 	5446 	5447
f 3896 	3932 	3926
f 3926 	3920 	3905
f 3905 	3900 	3926
f 3896 	3926 	3900
f 5448 	5449 	5444
f 5448 	5444 	5447
f 1201 	1194 	1122
f 1120 	1122 	1194
f 1192 	1120 	1194
f 1122 	1141 	1201
f 1147 	1202 	1141
f 1202 	1201 	1141
f 5339 	5338 	5450
f 5339 	5450 	5451
f 5451 	5450 	5452
f 5451 	5452 	5453
f 5385 	5404 	1266
f 1370 	1382 	5417
f 5420 	2733 	1418
f 5448 	5447 	5446
f 5448 	5446 	5454
f 1202 	1230 	2132
f 3990 	3451 	3944
f 3451 	3450 	3944
f 4043 	3944 	3450
f 5453 	5341 	5451
f 5339 	5451 	5341
f 3999 	3998 	3990
f 3999 	3990 	3942
f 5454 	5446 	5445
f 5454 	5445 	5455
f 1266 	1264 	1148
f 5445 	5444 	5449
f 5445 	5449 	5455
f 3451 	3990 	3998
f 4001 	3485 	3998
f 3485 	3484 	3998
f 3451 	3998 	3484
f 5452 	5450 	5338
f 1269 	1232 	1264
f 1232 	1230 	1264
f 1147 	1264 	1202
f 1230 	1202 	1264
f 4003 	3748 	4001
f 4001 	3748 	3485
f 1296 	1295 	1269
f 1296 	1269 	1272
f 3941 	4014 	3942
f 3999 	3942 	4022
f 1232 	1269 	1240
f 1269 	1295 	1240
f 1384 	1240 	1295
f 5457 	5456 	5458
f 5457 	5458 	5459
f 1272 	1266 	5404
f 1148 	5385 	1266
f 5460 	5461 	5462
f 5460 	5462 	5463
f 4012 	4014 	3941
f 3941 	4059 	4012
f 1370 	1369 	1384
f 1370 	1384 	1382
f 5460 	5463 	5464
f 5460 	5464 	5465
f 5466 	5467 	5462
f 5466 	5462 	5461
f 4022 	4014 	4072
f 5559 	5458 	5456
f 1418 	3221 	1411
f 5463 	5462 	5467
f 5463 	5467 	5464
f 4022 	3942 	4014
f 4003 	3999 	4022
f 4003 	4022 	4020
f 5457 	5459 	5560
f 1296 	1272 	5404
f 5404 	5415 	1296
f 1382 	1296 	5415
f 4032 	4031 	4040
f 4032 	4040 	4039
f 5461 	5460 	5465
f 5461 	5465 	5466
f 2285 	1456 	1465
f 4042 	3941 	4043
f 5468 	5469 	5772
f 4040 	4031 	4054
f 4653 	4054 	4031
f 4653 	4031 	4617
f 3793 	3771 	5424
f 1384 	1369 	1465
f 1456 	1384 	1465
f 1240 	1384 	1456
f 1467 	1465 	1411
f 1411 	1465 	1369
f 1411 	3269 	1467
f 3770 	5304 	3788
f 4043 	3553 	4039
f 3941 	3944 	4043
f 4032 	4039 	3553
f 4622 	4032 	4322
f 5424 	3771 	3753
f 1566 	1565 	1553
f 1566 	1553 	1551
f 1570 	1903 	1551
f 1551 	1903 	1566
f 4054 	4241 	4061
f 3773 	3772 	5470
f 3773 	5470 	5471
f 5301 	5300 	5472
f 5301 	5472 	5473
f 4061 	4059 	4042
f 3941 	4042 	4059
f 4069 	4012 	4059
f 4042 	4040 	4061
f 4054 	4061 	4040
f 5473 	5472 	3775
f 5473 	3775 	3774
f 1109 	1648 	1627
f 1109 	1627 	1105
f 3774 	3759 	5473
f 5301 	5473 	3759
f 1565 	1627 	1648
f 1663 	1589 	1648
f 1589 	1553 	1648
f 1565 	1648 	1553
f 4072 	4127 	4022
f 3775 	5472 	5300
f 1111 	1192 	1675
f 1663 	1111 	1675
f 1589 	1663 	1675
f 4162 	3898 	4126
f 3898 	3904 	4126
f 4126 	4127 	4162
f 4072 	4150 	4127
f 4059 	4240 	4069
f 5304 	5474 	3788
f 5475 	5476 	5470
f 5471 	5470 	5476
f 4150 	4072 	4135
f 3782 	3773 	5476
f 5471 	5476 	3773
f 1678 	1731 	1675
f 1731 	1726 	1675
f 1675 	1726 	1589
f 5475 	5470 	3787
f 3772 	3787 	5470
f 3846 	3788 	5474
f 3846 	5474 	5478
f 1770 	1785 	1731
f 1731 	1678 	1770
f 1194 	1770 	1678
f 3895 	3898 	4166
f 4162 	4166 	3898
f 5476 	5475 	3787
f 5476 	3787 	3782
f 1194 	1201 	1770
f 4156 	4168 	4150
f 4168 	4163 	4150
f 4162 	4127 	4163
f 4150 	4163 	4127
f 5477 	5478 	5304
f 1785 	1817 	1808
f 5477 	5304 	3792
f 3770 	3792 	5304
f 4136 	4266 	4454
f 4455 	4454 	4266
f 1774 	1791 	1770
f 1791 	1785 	1770
f 1808 	1731 	1785
f 5424 	5479 	3793
f 1202 	2132 	1774
f 1791 	1774 	2114
f 1853 	1791 	2114
f 4054 	4176 	4241
f 5478 	5477 	3792
f 5478 	3792 	3846
f 1570 	1589 	1804
f 1726 	1804 	1589
f 3752 	3793 	5479
f 3752 	5479 	5297
f 4135 	4069 	4262
f 4262 	4069 	4240
f 4240 	4241 	4262
f 4263 	4262 	4241
f 4263 	4241 	4176
f 5407 	5408 	5480
f 5407 	5480 	5481
f 4263 	4176 	4249
f 5484 	5712 	5485
f 5482 	5483 	5486
f 5482 	5486 	5487
f 3859 	3857 	5484
f 3859 	5484 	5485
f 4266 	4136 	4262
f 4136 	4135 	4262
f 4072 	4069 	4135
f 5487 	5486 	5498
f 4254 	4267 	4249
f 4249 	4267 	4263
f 3859 	5485 	5712
f 5313 	5481 	5480
f 5488 	5696 	5697
f 5488 	5697 	5489
f 4266 	4267 	4455
f 4803 	5506 	4254
f 5506 	4450 	4254
f 5490 	5502 	5491
f 3863 	3862 	5488
f 3863 	5488 	5489
f 1975 	1570 	1804
f 1817 	1987 	1808
f 1804 	1808 	1975
f 5316 	5493 	5319
f 5492 	5319 	5493
f 5697 	3863 	5489
f 5691 	5495 	5494
f 1975 	1808 	1987
f 1853 	2011 	1817
f 5497 	5483 	5496
f 5482 	5496 	5483
f 3866 	3865 	5494
f 3866 	5494 	5495
f 5497 	5496 	5498
f 5497 	5498 	5499
f 5486 	5499 	5498
f 5468 	5772 	5773
f 5468 	5773 	5500
f 1903 	1902 	1884
f 1903 	1884 	1886
f 5490 	5501 	5502
f 1907 	1951 	1902
f 3896 	3895 	3877
f 4222 	4238 	4166
f 4450 	4455 	4267
f 4454 	4227 	4136
f 4166 	4168 	4222
f 3877 	3874 	3896
f 3932 	3896 	3874
f 1913 	1972 	1907
f 4443 	5505 	4447
f 5504 	4447 	5505
f 4287 	2121 	4280
f 2119 	4280 	2121
f 5506 	5504 	5505
f 5506 	5505 	5507
f 1975 	1913 	1570
f 1913 	1903 	1570
f 1903 	1886 	1566
f 4581 	1566 	1886
f 4581 	1886 	4646
f 4289 	1169 	4280
f 4287 	4280 	1169
f 5508 	5509 	5510
f 5508 	5510 	5511
f 1941 	1947 	5889
f 5510 	5509 	5512
f 5510 	5512 	5513
f 4301 	4289 	2126
f 4303 	1169 	4301
f 4289 	4301 	1169
f 5514 	5513 	5512
f 5514 	5512 	5515
f 4450 	5506 	5507
f 4303 	2270 	4311
f 2293 	4311 	2270
f 1951 	1947 	1902
f 1947 	1941 	1884
f 4647 	1884 	1941
f 1941 	4762 	4647
f 5508 	5511 	5514
f 5508 	5514 	5515
f 4311 	4390 	1169
f 4303 	4311 	1169
f 1975 	1972 	1913
f 4335 	4640 	4322
f 2032 	2075 	1979
f 5518 	5516 	5517
f 5518 	5517 	5519
f 1999 	1998 	1979
f 1999 	1979 	1987
f 4336 	4335 	4322
f 4336 	4322 	4326
f 5520 	5521 	5522
f 5520 	5522 	5523
f 5524 	5520 	5523
f 5524 	5523 	5525
f 4364 	4643 	4333
f 2011 	2381 	2006
f 5526 	5524 	5525
f 5526 	5525 	5527
f 4336 	4326 	1174
f 4326 	3517 	1174
f 3517 	3540 	1174
f 3540 	3539 	1174
f 5518 	5519 	5594
f 4449 	4678 	4353
f 1987 	1817 	1999
f 5526 	5527 	5522
f 5526 	5522 	5521
f 4365 	4369 	1174
f 5528 	5529 	5530
f 5528 	5530 	5531
f 5897 	2075 	2032
f 5897 	2032 	5896
f 4365 	4356 	4363
f 4356 	4353 	4363
f 4363 	4353 	4754
f 5532 	5538 	5533
f 4369 	4332 	1174
f 5532 	5533 	5316
f 4332 	4336 	1174
f 4333 	4332 	4369
f 4369 	4364 	4333
f 4363 	4754 	4364
f 5540 	5541 	5529
f 5530 	5529 	5541
f 2075 	2073 	1972
f 1907 	1972 	2073
f 1951 	1907 	2073
f 1972 	1979 	2075
f 1979 	1998 	2032
f 2006 	2078 	1998
f 2078 	2032 	1998
f 2675 	4386 	4390
f 5534 	5535 	5583
f 4386 	4391 	1169
f 4390 	4386 	1169
f 2221 	2118 	2091
f 5531 	5537 	5528
f 5536 	5528 	5537
f 1169 	4391 	4405
f 4391 	2777 	4405
f 2647 	2928 	2777
f 4405 	2777 	2928
f 5538 	5539 	5533
f 4405 	4414 	1169
f 2162 	2118 	2132
f 2118 	2114 	2132
f 2114 	1774 	2132
f 5394 	5397 	4145
f 5394 	4145 	4144
f 4425 	4414 	2934
f 4145 	5397 	5396
f 4145 	5396 	4149
f 2162 	1232 	2188
f 1240 	2188 	1232
f 4431 	1169 	4425
f 4414 	4425 	1169
f 4151 	4149 	5396
f 4151 	5396 	5395
f 2235 	2091 	2188
f 2162 	2188 	2091
f 2162 	2091 	2118
f 4431 	1940 	1169
f 2953 	1940 	4431
f 1940 	1960 	1169
f 5387 	5386 	4140
f 5387 	4140 	4146
f 1853 	2114 	2215
f 2385 	2382 	2215
f 5395 	5394 	4144
f 5395 	4144 	4151
f 2091 	2202 	2221
f 4469 	4468 	4449
f 4469 	4449 	4453
f 2221 	2385 	2215
f 2202 	2385 	2221
f 4283 	4165 	5542
f 4952 	4904 	4465
f 4468 	4465 	4904
f 4904 	4903 	4468
f 4449 	4468 	4903
f 5544 	5545 	5757
f 4464 	4469 	1174
f 4469 	4453 	1174
f 2053 	2052 	1174
f 4453 	4356 	1174
f 4356 	4365 	1174
f 5544 	5757 	4272
f 5544 	4272 	4161
f 2188 	2285 	2235
f 2056 	4528 	4527
f 2056 	4527 	2055
f 4591 	4590 	4514
f 4591 	4514 	4517
f 1465 	2295 	2285
f 5543 	5542 	4165
f 5543 	4165 	4167
f 2297 	2255 	2295
f 2255 	2248 	2295
f 2285 	2295 	2248
f 2285 	2248 	2235
f 2286 	4937 	4528
f 2286 	4528 	2056
f 5545 	5544 	4161
f 5545 	4161 	4164
f 4591 	4517 	1174
f 4517 	4596 	1174
f 4596 	4464 	1174
f 4527 	4591 	1174
f 1467 	4594 	2297
f 4594 	4580 	2297
f 5546 	5547 	5838
f 5546 	5838 	5839
f 4952 	4465 	4515
f 4514 	4952 	4515
f 4596 	4515 	4465
f 4465 	4464 	4596
f 2336 	2416 	2332
f 2332 	2436 	2304
f 5546 	5839 	4170
f 2248 	2332 	2304
f 2248 	2304 	2235
f 4174 	5838 	5547
f 4640 	4639 	4617
f 4640 	4617 	4622
f 4641 	4664 	4639
f 4320 	4175 	5548
f 5547 	5546 	4170
f 5547 	4170 	4174
f 4364 	4753 	4643
f 4640 	4333 	4643
f 4622 	4322 	4640
f 4335 	4333 	4640
f 5938 	2356 	2345
f 5550 	5549 	4181
f 5550 	4181 	4179
f 2382 	2381 	2011
f 2368 	2367 	2386
f 2368 	2386 	2385
f 5551 	5552 	5553
f 5551 	5553 	5554
f 5551 	5554 	4178
f 5551 	4178 	4177
f 4186 	4183 	5553
f 4186 	5553 	5552
f 2356 	2353 	2381
f 2006 	2381 	2353
f 2078 	2006 	2353
f 2381 	2386 	2356
f 2345 	2356 	2386
f 2386 	2367 	2345
f 2460 	2345 	2367
f 2437 	2460 	2367
f 5469 	5468 	5500
f 5469 	5500 	5503
f 1853 	2215 	2382
f 2382 	2011 	1853
f 2011 	1999 	1817
f 2385 	2202 	2368
f 5555 	5556 	5627
f 4178 	5554 	5553
f 4178 	5553 	4183
f 5557 	5558 	5457
f 5456 	5457 	5558
f 5540 	5536 	5537
f 5540 	5537 	5541
f 2416 	2413 	2437
f 2416 	2437 	2436
f 5456 	5558 	5559
f 5492 	5493 	5538
f 5539 	5538 	5493
f 2444 	2485 	2413
f 2437 	2413 	2460
f 5560 	5559 	5558
f 5560 	5558 	5557
f 5563 	5564 	5565
f 5563 	5565 	5566
f 2336 	4699 	2447
f 2444 	2447 	4698
f 5563 	5566 	5567
f 5563 	5567 	5568
f 5552 	5551 	4177
f 5552 	4177 	4186
f 5567 	5566 	5565
f 5567 	5565 	5569
f 2436 	2332 	2416
f 2436 	2368 	2304
f 2447 	2416 	2336
f 2304 	2368 	2202
f 5570 	5569 	5565
f 5570 	5565 	5564
f 5560 	5557 	5457
f 2460 	2485 	5941
f 5564 	5563 	5568
f 5564 	5568 	5570
f 5491 	5561 	5562
f 5491 	5562 	5490
f 5573 	5574 	5979
f 5571 	5572 	5575
f 5571 	5575 	5576
f 2485 	2444 	2490
f 2460 	2413 	2485
f 2490 	2444 	4698
f 4664 	4663 	4639
f 4617 	4639 	4653
f 4653 	4639 	4663
f 4754 	4353 	4678
f 5579 	5580 	5575
f 5576 	5575 	5580
f 2503 	2502 	3703
f 4752 	4641 	4753
f 5577 	5502 	5501
f 5577 	5501 	5578
f 4755 	4754 	4678
f 4755 	4678 	4680
f 5578 	5562 	5577
f 5561 	5577 	5562
f 4753 	4364 	4754
f 4753 	4641 	4643
f 2562 	2561 	3703
f 5582 	5572 	5581
f 5571 	5581 	5572
f 4894 	4772 	4680
f 4755 	4779 	4752
f 4779 	4786 	4752
f 3703 	2561 	2503
f 5582 	5581 	5580
f 5582 	5580 	5579
f 5583 	5535 	5584
f 4772 	4841 	4779
f 4845 	4779 	4841
f 3703 	2521 	2562
f 5583 	5584 	5686
f 4772 	4779 	4755
f 4641 	4752 	4786
f 4641 	4786 	4664
f 5411 	5413 	2596
f 2502 	2596 	5413
f 5719 	5588 	5587
f 4801 	4249 	4793
f 4793 	4249 	4176
f 2602 	2601 	2596
f 2602 	2596 	2597
f 5587 	5588 	5585
f 5587 	5585 	5586
f 5589 	5590 	5591
f 5589 	5591 	5592
f 5411 	2596 	2601
f 5420 	5411 	2601
f 5593 	5594 	5595
f 5593 	5595 	5596
f 4824 	4823 	4814
f 4824 	4814 	4817
f 2752 	2618 	2639
f 5597 	5591 	5590
f 5597 	5590 	5598
f 4664 	4848 	4823
f 5595 	5594 	5519
f 2561 	2639 	2597
f 2503 	2561 	2597
f 2602 	2597 	2639
f 2639 	2618 	2602
f 2740 	2602 	2618
f 2740 	2618 	2727
f 4803 	4801 	4817
f 4830 	4803 	4817
f 4824 	4817 	4801
f 4801 	4793 	4824
f 4663 	4824 	4793
f 4663 	4793 	4653
f 5599 	5597 	5598
f 5599 	5598 	5600
f 5420 	2601 	2733
f 5589 	5592 	5599
f 5589 	5599 	5600
f 5596 	5517 	5593
f 5516 	5593 	5517
f 4786 	4848 	4664
f 2727 	2859 	3233
f 3233 	3227 	2727
f 5601 	5602 	5603
f 5601 	5603 	5604
f 2639 	2771 	2752
f 4823 	4848 	4875
f 4848 	4845 	4870
f 4858 	4870 	4845
f 4858 	4845 	4841
f 5605 	5603 	5602
f 5605 	5602 	5606
f 2840 	2838 	2826
f 2840 	2826 	2785
f 5607 	5608 	5609
f 5607 	5609 	5610
f 4871 	4870 	4858
f 4871 	4858 	4865
f 5611 	5612 	5613
f 5611 	5613 	5614
f 2785 	2752 	2840
f 2752 	2771 	2840
f 2771 	2562 	2840
f 2521 	2840 	2562
f 4875 	4848 	4870
f 5613 	5612 	5609
f 5613 	5609 	5608
f 4885 	4815 	4875
f 4815 	4814 	4875
f 4823 	4875 	4814
f 2838 	3028 	2826
f 2522 	3040 	2838
f 5615 	5605 	5606
f 5615 	5606 	5616
f 5516 	5520 	4871
f 4865 	5516 	4871
f 5611 	5614 	5607
f 5611 	5607 	5610
f 4281 	3233 	2859
f 4892 	4678 	4449
f 5601 	5604 	5615
f 5601 	5615 	5616
f 2785 	2891 	2859
f 2785 	2859 	2752
f 4894 	4905 	4928
f 4518 	4499 	3052
f 5573 	5979 	5622
f 6149 	5555 	5625
f 5624 	5683 	5626
f 5627 	6060 	6149
f 5627 	6149 	5625
f 2929 	2923 	3703
f 2923 	2522 	3703
f 2521 	3703 	2522
f 5631 	5724 	5632
f 5574 	5573 	5622
f 5574 	5622 	5630
f 5633 	5745 	5634
f 2997 	2995 	3703
f 5627 	5625 	5555
f 5617 	5618 	5633
f 5617 	5633 	5634
f 3703 	2995 	2929
f 5619 	5620 	5631
f 5619 	5631 	5632
f 5636 	5635 	5637
f 5636 	5637 	5638
f 5624 	5626 	5621
f 5624 	5621 	5623
f 3703 	2907 	2997
f 3076 	2997 	2907
f 5639 	5640 	5641
f 5639 	5641 	5642
f 3029 	3028 	3040
f 3029 	3040 	3039
f 5629 	5535 	5628
f 5534 	5628 	5535
f 5639 	5642 	5643
f 5639 	5643 	5644
f 5645 	5646 	5647
f 5645 	5647 	5649
f 5648 	5650 	5641
f 5648 	5641 	5640
f 2522 	2923 	3040
f 3028 	2838 	3040
f 3042 	2893 	3028
f 2893 	2826 	3028
f 4905 	4894 	4903
f 4903 	4894 	4892
f 4903 	4892 	4449
f 5667 	5637 	5635
f 4908 	4928 	4905
f 5642 	5641 	5650
f 5642 	5650 	5643
f 4908 	4904 	4954
f 2995 	3070 	3039
f 3029 	3039 	3092
f 5636 	5638 	5666
f 4772 	4894 	4916
f 4755 	4680 	4772
f 3039 	2929 	2995
f 5640 	5639 	5644
f 5640 	5644 	5648
f 2907 	3062 	3076
f 4928 	4908 	4925
f 4908 	4989 	4925
f 3076 	3093 	3092
f 3076 	3092 	3070
f 4916 	4894 	4928
f 4916 	4928 	5107
f 6122 	5654 	5652
f 3052 	3029 	3092
f 3092 	3039 	3070
f 4937 	2279 	4938
f 5655 	6124 	5653
f 6601 	3113 	3062
f 4943 	4590 	4937
f 4590 	4528 	4937
f 2286 	2279 	4937
f 3173 	3093 	3196
f 3113 	3196 	3093
f 3062 	3113 	3093
f 3062 	3093 	3076
f 3092 	3127 	3052
f 4954 	4904 	4952
f 4514 	4953 	4952
f 5653 	5652 	5654
f 5653 	5654 	5655
f 1167 	4571 	3196
f 4946 	4959 	4943
f 4959 	4953 	4943
f 4590 	4943 	4953
f 4590 	4953 	4514
f 5656 	5657 	5671
f 4996 	5042 	4946
f 4946 	4938 	4996
f 2406 	4996 	4938
f 5658 	5659 	5660
f 5658 	5660 	5661
f 3196 	6783 	1167
f 5658 	5661 	5662
f 5658 	5662 	5663
f 2406 	5118 	4996
f 2859 	2891 	4281
f 3227 	3222 	2740
f 2733 	2740 	3222
f 5664 	5665 	5636
f 5635 	5636 	5665
f 5042 	5120 	4991
f 1418 	3222 	3221
f 5666 	5667 	5665
f 5666 	5665 	5664
f 4954 	4959 	4991
f 4991 	4989 	4954
f 4908 	4954 	4989
f 5106 	4925 	4989
f 5042 	4991 	4959
f 4959 	4946 	5042
f 4261 	3413 	3225
f 5662 	5661 	5660
f 5662 	5660 	5668
f 5084 	4858 	5080
f 4841 	5080 	4858
f 3233 	3232 	3225
f 3233 	3225 	3227
f 5635 	5665 	5667
f 5084 	5097 	5096
f 5084 	5096 	5087
f 4282 	4261 	3232
f 5669 	5668 	5660
f 5669 	5660 	5659
f 5096 	5593 	5087
f 5659 	5658 	5663
f 5659 	5663 	5669
f 3222 	1418 	2733
f 5415 	5417 	1382
f 5099 	5130 	5098
f 5666 	5664 	5636
f 4989 	5112 	5106
f 5107 	5080 	4916
f 5106 	5099 	5107
f 5099 	5097 	5107
f 5080 	5107 	5097
f 5080 	5097 	5084
f 5691 	3866 	5495
f 5672 	5673 	7037
f 6223 	5674 	7037
f 5672 	7037 	5674
f 4485 	4261 	4282
f 3225 	3232 	4261
f 3221 	3225 	3413
f 3413 	3269 	3221
f 1411 	3221 	3269
f 4594 	1467 	3269
f 5494 	3865 	3947
f 4274 	4273 	4282
f 4274 	4282 	4281
f 5671 	5670 	5656
f 5696 	5488 	3862
f 4508 	4487 	4285
f 5673 	5672 	5674
f 5673 	5674 	5675
f 3703 	1287 	5171
f 4290 	4508 	4285
f 5647 	5646 	5651
f 5647 	5651 	5676
f 5484 	3857 	3988
f 5677 	5676 	5651
f 5677 	5651 	5678
f 4274 	4281 	2891
f 5680 	5681 	5682
f 5680 	5682 	5683
f 3881 	7268 	5679
f 4681 	4485 	4478
f 5681 	5623 	5682
f 5621 	5682 	5623
f 3881 	5679 	3991
f 5624 	5680 	5683
f 5677 	5678 	5645
f 5677 	5645 	5649
f 4282 	4273 	4478
f 4485 	4282 	4478
f 4487 	4478 	4273
f 4273 	4285 	4487
f 5687 	5629 	5686
f 5628 	5686 	5629
f 3884 	3883 	5684
f 3884 	5684 	5685
f 3127 	3173 	4556
f 3052 	3127 	4518
f 4571 	4556 	3173
f 3173 	3196 	4571
f 5688 	5689 	5550
f 5549 	5550 	5689
f 5691 	5494 	5690
f 4509 	4508 	4290
f 4197 	4181 	5549
f 4197 	5549 	5689
f 5691 	5690 	3947
f 5691 	3947 	3946
f 4499 	4498 	4512
f 4499 	4512 	4511
f 3884 	5685 	3966
f 4201 	4197 	5689
f 4201 	5689 	5688
f 5691 	3946 	3866
f 5692 	5693 	5694
f 5692 	5694 	5695
f 4498 	4536 	4512
f 4513 	4541 	4498
f 5692 	5695 	4200
f 5692 	4200 	4199
f 4556 	4555 	4518
f 4513 	4518 	4555
f 3947 	5690 	5494
f 4200 	5695 	5694
f 4200 	5694 	4204
f 2893 	3042 	4509
f 4509 	4290 	2893
f 4290 	4274 	2893
f 2891 	2893 	4274
f 4205 	4204 	5694
f 4205 	5694 	5693
f 5697 	3956 	3863
f 5688 	5550 	4201
f 4179 	4201 	5550
f 3956 	5697 	5696
f 3956 	5696 	3960
f 5693 	5692 	4199
f 5693 	4199 	4205
f 3959 	3958 	5698
f 3959 	5698 	5699
f 3959 	5699 	3974
f 4210 	6170 	5700
f 3862 	3960 	5696
f 4541 	4513 	4543
f 4536 	4498 	4541
f 4533 	4512 	4536
f 4508 	4512 	4533
f 4513 	4555 	4543
f 5701 	5702 	6218
f 5703 	5704 	5684
f 5685 	5684 	5704
f 4510 	4211 	6218
f 5701 	6218 	4211
f 5685 	5704 	3966
f 4564 	5798 	4543
f 3971 	3966 	5704
f 3971 	5704 	5703
f 4564 	4543 	4555
f 4566 	4564 	4555
f 4566 	4555 	4558
f 5703 	5684 	3971
f 3883 	3971 	5684
f 5700 	5548 	4210
f 4175 	4210 	5548
f 5699 	5698 	5705
f 5699 	5705 	5706
f 5702 	5701 	4211
f 5702 	4211 	4213
f 1167 	1168 	4558
f 4571 	1167 	4558
f 4566 	4558 	1168
f 1182 	1218 	1168
f 4566 	1168 	1218
f 5809 	4566 	1218
f 5699 	5706 	3974
f 5707 	5708 	5709
f 5707 	5709 	5710
f 3974 	5706 	5705
f 3974 	5705 	3976
f 4499 	4511 	3042
f 4511 	4509 	3042
f 3042 	3052 	4499
f 4556 	4518 	3127
f 5707 	5710 	4220
f 5707 	4220 	4219
f 5705 	5698 	3976
f 3958 	3976 	5698
f 4220 	5710 	5709
f 4220 	5709 	4226
f 5712 	5484 	5711
f 4237 	4226 	5709
f 4237 	5709 	5708
f 5712 	3979 	3859
f 3979 	5712 	5711
f 3979 	5711 	3988
f 5714 	7710 	5713
f 4595 	4583 	4594
f 4583 	4580 	4594
f 2255 	2297 	4580
f 5687 	5686 	5584
f 3987 	3986 	5715
f 3987 	5715 	5716
f 3987 	5716 	4004
f 5585 	5718 	5586
f 5717 	5586 	5718
f 4595 	3413 	4602
f 4261 	4602 	3413
f 3988 	5711 	5484
f 5717 	5718 	5719
f 5717 	5719 	5720
f 4583 	4595 	4602
f 4583 	4602 	4586
f 5587 	5720 	5719
f 2255 	4580 	4605
f 2336 	2255 	4605
f 7268 	5722 	5679
f 5619 	5723 	5620
f 5721 	5620 	5723
f 5679 	5722 	3991
f 4608 	4700 	4605
f 5721 	5723 	5724
f 5721 	5724 	5725
f 3991 	5722 	4737
f 4608 	4583 	4610
f 4586 	4610 	4583
f 5726 	5727 	5728
f 5726 	5728 	5729
f 7293 	7300 	5730
f 3996 	4738 	5730
f 4619 	4618 	4625
f 4619 	4625 	4624
f 5631 	5725 	5724
f 3996 	5730 	5731
f 5714 	5713 	4232
f 5714 	4232 	4231
f 4688 	4610 	4625
f 4618 	4726 	4625
f 5731 	4006 	3996
f 4232 	5713 	7710
f 5820 	5790 	5833
f 5716 	5715 	5732
f 5716 	5732 	5733
f 5708 	5707 	4219
f 5708 	4219 	4237
f 5716 	5733 	4004
f 4478 	4677 	4681
f 5714 	4231 	1100
f 3986 	4008 	5732
f 3986 	5732 	5715
f 4633 	4619 	4677
f 4683 	4633 	4677
f 4681 	4677 	4619
f 4619 	4624 	4681
f 4602 	4681 	4624
f 4602 	4624 	4586
f 5734 	5735 	6296
f 5734 	6296 	6297
f 4006 	5731 	7300
f 4006 	7300 	4758
f 4004 	5733 	5732
f 4004 	5732 	4008
f 5734 	6297 	4244
f 4683 	5768 	4633
f 4508 	4533 	4487
f 4683 	4487 	5768
f 4245 	6296 	5735
f 4698 	2447 	4699
f 5737 	5759 	5736
f 4701 	4700 	4688
f 4701 	4688 	4687
f 1104 	6314 	5738
f 5737 	5736 	4025
f 5737 	4025 	4024
f 5807 	5806 	5727
f 5728 	5727 	5806
f 5218 	5206 	4724
f 4701 	4687 	4717
f 5739 	5740 	5741
f 5739 	5741 	5742
f 5739 	5742 	4018
f 5739 	4018 	4017
f 5617 	5744 	5618
f 5743 	5618 	5744
f 4608 	4610 	4688
f 4688 	4700 	4608
f 4700 	4699 	4605
f 2336 	4605 	4699
f 4023 	4021 	5741
f 4023 	5741 	5740
f 5743 	5744 	5745
f 5743 	5745 	5746
f 4025 	5736 	5759
f 5747 	5748 	5749
f 5747 	5749 	5750
f 5742 	5741 	4021
f 5742 	4021 	4018
f 6203 	4717 	4710
f 5738 	6314 	4246
f 5740 	5739 	4017
f 5740 	4017 	4023
f 5735 	5734 	4244
f 5735 	4244 	4245
f 4717 	4687 	4710
f 4698 	4701 	4717
f 4698 	4717 	4715
f 4698 	4715 	2490
f 5751 	5752 	6379
f 4246 	1105 	5738
f 1104 	5738 	1105
f 5751 	6379 	4037
f 5011 	5010 	4724
f 5011 	4724 	4726
f 4292 	4252 	5753
f 4221 	4081 	5755
f 4253 	5754 	5753
f 4253 	5753 	4252
f 4630 	5820 	5197
f 5196 	5197 	5821
f 5752 	5751 	4037
f 5752 	4037 	4080
f 5757 	5545 	5756
f 4630 	5197 	5011
f 4688 	4625 	4726
f 4726 	4618 	5011
f 4630 	5011 	4618
f 5759 	5737 	5758
f 5206 	5218 	6209
f 5759 	4086 	4025
f 4275 	4272 	5757
f 4275 	5757 	5756
f 4091 	4086 	5759
f 4091 	5759 	5758
f 5760 	5761 	5762
f 5760 	5762 	5763
f 5756 	5545 	4275
f 4164 	4275 	5545
f 4687 	4724 	5206
f 5206 	4710 	4687
f 4724 	5010 	5218
f 5219 	5218 	5010
f 5196 	5219 	5010
f 5760 	5763 	4090
f 5760 	4090 	4089
f 5764 	5765 	5543
f 5542 	5543 	5765
f 4090 	5763 	5762
f 4090 	5762 	4092
f 5787 	4630 	5766
f 4283 	5542 	5765
f 4093 	4092 	5762
f 4093 	5762 	5761
f 4283 	5765 	5764
f 4283 	5764 	4291
f 5758 	5737 	4091
f 4024 	4091 	5737
f 5768 	4487 	4533
f 5772 	5469 	5770
f 5771 	5767 	5768
f 5767 	5766 	5768
f 5768 	5766 	4633
f 5633 	5746 	5745
f 4541 	5781 	5771
f 4536 	4541 	5771
f 5774 	5773 	5772
f 5774 	5772 	5770
f 5769 	5795 	5775
f 5767 	5771 	5776
f 5769 	5775 	4286
f 5769 	4286 	4288
f 5777 	5778 	5780
f 5777 	5780 	5782
f 5764 	5543 	4291
f 4167 	4291 	5543
f 5777 	5782 	5811
f 5783 	5779 	5781
f 5779 	5776 	5781
f 5776 	5771 	5781
f 5791 	5767 	5776
f 5795 	5769 	4288
f 5503 	5774 	5770
f 5503 	5770 	5469
f 5784 	5785 	5754
f 5753 	5754 	5785
f 4633 	5766 	4630
f 5812 	5813 	5748
f 5749 	5748 	5813
f 5786 	5788 	5832
f 5753 	5785 	4292
f 5790 	5767 	5791
f 6149 	5792 	5555
f 4295 	4292 	5785
f 4295 	5785 	5784
f 5790 	5820 	5787
f 5791 	5833 	5790
f 5794 	5556 	5555
f 5794 	5555 	5792
f 5784 	5754 	4295
f 4253 	4295 	5754
f 5779 	5801 	5793
f 5801 	5840 	5793
f 5775 	5795 	5796
f 5826 	5797 	5786
f 5779 	5783 	5798
f 5798 	5783 	4543
f 5775 	5796 	4300
f 5775 	4300 	4286
f 5786 	5797 	5799
f 5786 	5799 	5788
f 5801 	5779 	5800
f 4300 	5796 	5795
f 4300 	5795 	4305
f 5778 	5777 	5802
f 5778 	5802 	5803
f 5789 	5806 	5807
f 5789 	5807 	5808
f 5778 	5803 	5805
f 5778 	5805 	5780
f 5809 	5810 	5798
f 5810 	5800 	5798
f 5779 	5798 	5800
f 5811 	5802 	5777
f 5799 	5797 	5826
f 5803 	5802 	5811
f 5803 	5811 	5805
f 1486 	1581 	5804
f 5810 	1446 	5804
f 5809 	1446 	5810
f 1486 	5804 	1446
f 5815 	5747 	5814
f 5750 	5814 	5747
f 5816 	5817 	5818
f 5816 	5818 	5819
f 5821 	5197 	5820
f 5815 	5814 	5813
f 5815 	5813 	5812
f 5816 	5819 	5822
f 5816 	5822 	5823
f 5824 	5829 	5860
f 5808 	5726 	5789
f 5729 	5789 	5726
f 5826 	5786 	5825
f 5827 	5829 	5824
f 5827 	5824 	5833
f 4288 	4305 	5795
f 5832 	5834 	5826
f 5832 	5826 	5825
f 5822 	5819 	5818
f 5822 	5818 	5835
f 5826 	5834 	5799
f 5840 	5870 	5836
f 5841 	5835 	5818
f 5841 	5818 	5817
f 5828 	5830 	5831
f 5828 	5831 	5837
f 5841 	5817 	5816
f 5841 	5816 	5823
f 5842 	5828 	5837
f 5842 	5837 	5843
f 5833 	5791 	5827
f 4630 	5787 	5820
f 5840 	5827 	5791
f 5791 	5793 	5840
f 5844 	5842 	5843
f 5844 	5843 	5845
f 5099 	5106 	5112
f 5846 	5847 	5848
f 5846 	5848 	5849
f 5143 	5134 	5115
f 5850 	5851 	5852
f 5850 	5852 	5854
f 6245 	6215 	5853
f 5118 	2595 	2628
f 5855 	5856 	5857
f 5855 	5857 	5858
f 5859 	5860 	6248
f 2406 	2595 	5118
f 2595 	2591 	2628
f 5861 	5862 	5863
f 5861 	5863 	5864
f 5846 	5849 	5850
f 5846 	5850 	5854
f 2628 	5147 	5118
f 5120 	5118 	5143
f 5120 	5115 	4991
f 5861 	5864 	5855
f 5861 	5855 	5858
f 5859 	5853 	5821
f 5196 	5821 	5853
f 5821 	5824 	5859
f 5860 	5859 	5824
f 5836 	5865 	5829
f 5865 	5860 	5829
f 5831 	5830 	5844
f 5831 	5844 	5845
f 5132 	5142 	5614
f 5852 	5851 	5848
f 5852 	5848 	5847
f 5143 	5142 	5132
f 5143 	5132 	5134
f 5857 	5856 	5863
f 5857 	5863 	5862
f 5869 	5870 	5840
f 5855 	5864 	2620
f 5147 	2628 	5146
f 2628 	2635 	5146
f 2620 	2658 	5855
f 5872 	5868 	5871
f 5872 	5871 	5873
f 5874 	5867 	5870
f 5870 	5867 	5866
f 5865 	5836 	5866
f 5870 	5866 	5836
f 5872 	5873 	5914
f 5143 	5118 	5147
f 5134 	5131 	5112
f 5099 	5112 	5131
f 5131 	5130 	5099
f 5112 	5115 	5134
f 5115 	5120 	5143
f 1609 	5867 	5874
f 1581 	1582 	5876
f 5874 	5876 	1582
f 1609 	5874 	1582
f 1582 	1583 	1609
f 5878 	5875 	5877
f 5878 	5877 	5879
f 4830 	5506 	4803
f 4815 	5511 	4830
f 4865 	5087 	5516
f 5098 	5592 	5096
f 5614 	5605 	5132
f 5146 	5607 	5142
f 5607 	5614 	5142
f 5130 	5132 	5605
f 5599 	5592 	5098
f 4885 	4871 	5520
f 5520 	5524 	4885
f 5869 	5801 	5876
f 5840 	5801 	5869
f 5801 	5804 	5876
f 1581 	5876 	5804
f 5880 	5881 	5882
f 5880 	5882 	5883
f 5155 	5171 	5157
f 5882 	5881 	5885
f 5882 	5885 	5886
f 4944 	5884 	3715
f 5200 	5013 	5155
f 5887 	5886 	5885
f 5887 	5885 	5888
f 5889 	5884 	1941
f 5166 	5165 	5171
f 5875 	5890 	5891
f 5875 	5891 	5877
f 5884 	5889 	3715
f 3715 	5889 	5892
f 5171 	5165 	5157
f 5165 	5236 	5157
f 5201 	5157 	5236
f 5893 	5891 	5890
f 5893 	5890 	5894
f 1951 	5895 	5892
f 3715 	5892 	5895
f 4307 	4170 	5839
f 5171 	5332 	5166
f 1951 	2073 	5895
f 5887 	5888 	5880
f 5887 	5880 	5883
f 5213 	5212 	5200
f 5213 	5200 	5201
f 5879 	5893 	5894
f 5879 	5894 	5878
f 5898 	5899 	5900
f 5898 	5900 	5901
f 5216 	5014 	5212
f 5029 	5014 	5216
f 5895 	5897 	3715
f 5897 	5896 	3715
f 5896 	5902 	3715
f 5900 	5899 	5903
f 5900 	5903 	5904
f 5217 	5239 	5459
f 5904 	5903 	5905
f 5904 	5905 	5906
f 2078 	5936 	5902
f 3715 	5902 	5936
f 5201 	5236 	5213
f 5236 	5227 	5213
f 5217 	5213 	5227
f 5227 	5239 	5217
f 5898 	5901 	5906
f 5898 	5906 	5905
f 5907 	5908 	5909
f 5907 	5909 	5910
f 5228 	5227 	5236
f 5228 	5236 	5234
f 5911 	5912 	5913
f 5911 	5913 	5914
f 4307 	5839 	5838
f 4307 	5838 	4313
f 5915 	5968 	5910
f 5907 	5910 	5970
f 5916 	5944 	5917
f 5918 	5920 	5915
f 5917 	5944 	4328
f 5917 	4328 	4310
f 5234 	5428 	5228
f 5437 	5443 	5638
f 5909 	3717 	5918
f 3717 	5909 	5908
f 5007 	3717 	5908
f 5312 	5311 	5171
f 5916 	5917 	4310
f 5916 	4310 	4314
f 5919 	5920 	5918
f 5234 	5166 	5332
f 5921 	5987 	5920
f 5923 	5985 	5921
f 4174 	4313 	5838
f 5333 	5332 	5171
f 5171 	5311 	5333
f 5422 	5333 	5311
f 5922 	5923 	5921
f 5922 	5921 	5924
f 5409 	5341 	5171
f 5171 	5341 	5312
f 5439 	5312 	5341
f 5912 	5871 	5913
f 5868 	5913 	5871
f 5911 	5914 	5873
f 5171 	6545 	5409
f 5452 	5409 	6559
f 5927 	5952 	5926
f 5928 	5929 	5930
f 5928 	5930 	5931
f 5234 	5332 	5421
f 5421 	5428 	5234
f 5924 	3717 	5922
f 5919 	3717 	5924
f 5918 	3717 	5919
f 5927 	5922 	3717
f 5932 	5933 	5934
f 5932 	5934 	5935
f 5311 	5416 	5422
f 5925 	5948 	4315
f 5429 	5428 	5421
f 5429 	5421 	5422
f 2078 	2353 	5936
f 2345 	5937 	5938
f 5442 	5431 	5416
f 5548 	5700 	6170
f 5548 	6170 	5939
f 5938 	3715 	5936
f 5937 	3715 	5938
f 5940 	3715 	5937
f 5422 	5416 	5429
f 5416 	5431 	5429
f 5431 	5437 	5429
f 5435 	5429 	5437
f 4320 	5548 	5939
f 5941 	5940 	2460
f 5228 	5428 	5434
f 4320 	5939 	6170
f 5669 	5663 	5455
f 5942 	3715 	5941
f 5941 	3715 	5940
f 5944 	5916 	5943
f 2490 	4715 	5942
f 5455 	6582 	5669
f 4328 	5944 	5943
f 4328 	5943 	4334
f 5416 	5439 	5442
f 6582 	6583 	6726
f 4314 	4334 	5943
f 4314 	5943 	5916
f 5449 	5448 	5453
f 5449 	5453 	5452
f 5949 	3717 	5947
f 3717 	6220 	5947
f 5443 	5442 	5448
f 5454 	5443 	5448
f 5453 	5448 	5442
f 5442 	5439 	5453
f 5341 	5453 	5439
f 5948 	4338 	4315
f 5951 	3717 	5950
f 4338 	5948 	4540
f 5952 	5927 	5951
f 3717 	5951 	5927
f 5953 	5954 	5955
f 5953 	5955 	5956
f 5452 	6559 	5449
f 6559 	6580 	5449
f 5455 	6580 	6582
f 5952 	6077 	5982
f 5953 	5956 	4342
f 5953 	4342 	4341
f 5560 	5459 	5239
f 5570 	5568 	5306
f 5228 	5434 	5306
f 5306 	5568 	5239
f 5459 	5466 	5217
f 5466 	5465 	5217
f 4343 	4342 	5956
f 4343 	5956 	5955
f 1540 	5465 	5464
f 4348 	4343 	5955
f 4348 	5955 	5954
f 5467 	5466 	5459
f 5467 	5459 	5458
f 5960 	5949 	5959
f 5949 	5945 	5959
f 6101 	6102 	5945
f 5961 	5962 	5963
f 5961 	5963 	5964
f 5965 	3717 	5960
f 5960 	3717 	5949
f 5467 	5503 	5464
f 5622 	5627 	5559
f 5961 	5964 	4346
f 5961 	4346 	4345
f 5216 	5217 	5465
f 1540 	1508 	5029
f 5029 	5216 	1540
f 4346 	5964 	5963
f 4346 	5963 	4355
f 3717 	5965 	5950
f 5957 	5950 	5965
f 5965 	5958 	5957
f 1623 	5500 	5773
f 4358 	4355 	5963
f 4358 	5963 	5962
f 5954 	5953 	4341
f 5954 	4341 	4348
f 5968 	5915 	5967
f 5467 	5458 	5556
f 5556 	5503 	5467
f 5503 	5500 	5464
f 1533 	5464 	5500
f 1533 	5500 	1623
f 5962 	5961 	4345
f 5962 	4345 	4358
f 5969 	5970 	5968
f 5969 	5968 	5971
f 5569 	5622 	5567
f 5568 	5567 	5559
f 5568 	5559 	5560
f 5970 	5910 	5968
f 5907 	5970 	5243
f 4890 	4372 	5972
f 5990 	5980 	5966
f 5966 	5967 	5990
f 5971 	5966 	5980
f 5980 	5977 	5971
f 5832 	5825 	5786
f 4887 	4368 	5974
f 5979 	5574 	5978
f 5570 	5643 	5569
f 5969 	5971 	5977
f 5977 	5976 	5969
f 5252 	5969 	5976
f 5560 	5239 	5568
f 5926 	5982 	5983
f 5985 	5923 	5983
f 6060 	5627 	5622
f 5973 	5972 	4372
f 5973 	4372 	4373
f 5984 	5985 	5983
f 5984 	5983 	5986
f 5975 	5974 	4368
f 5975 	4368 	4371
f 5987 	5921 	5985
f 5926 	5983 	5923
f 5458 	5559 	5627
f 5627 	5556 	5458
f 5630 	5622 	5569
f 5559 	5567 	5622
f 5989 	5988 	4472
f 5989 	4472 	4471
f 5990 	5967 	5987
f 5967 	5915 	5987
f 5915 	5920 	5987
f 5666 	5638 	5443
f 5443 	5454 	5666
f 6729 	6726 	6583
f 6726 	5669 	6582
f 6730 	6729 	6583
f 5991 	5992 	5993
f 5991 	5993 	5994
f 5986 	6006 	5984
f 5995 	6012 	5986
f 5990 	5984 	6008
f 5996 	5997 	5998
f 5996 	5998 	5999
f 5638 	5637 	5650
f 5638 	5650 	5648
f 6000 	6001 	6002
f 6000 	6002 	6003
f 5982 	6078 	5995
f 5926 	5952 	5982
f 5650 	5637 	5657
f 5674 	5671 	5667
f 6004 	6005 	6007
f 6004 	6007 	6009
f 6008 	5984 	6006
f 5644 	5570 	5434
f 5306 	5434 	5570
f 5644 	5643 	5570
f 5434 	5435 	5644
f 6010 	5930 	5929
f 6010 	5929 	6011
f 5990 	6008 	5980
f 6122 	6062 	5654
f 6007 	6005 	5934
f 6007 	5934 	5933
f 6124 	5655 	5657
f 6002 	6001 	5998
f 6002 	5998 	5997
f 6014 	6010 	6011
f 6014 	6011 	6015
f 5643 	5650 	5655
f 5654 	5643 	5655
f 5569 	5643 	5654
f 5657 	5655 	5650
f 5928 	5931 	6014
f 5928 	6014 	6015
f 5663 	5662 	5667
f 5663 	5667 	5666
f 6012 	5995 	6013
f 6006 	5986 	6012
f 5995 	6091 	6013
f 5932 	5935 	6004
f 5932 	6004 	6009
f 5662 	5674 	5667
f 5996 	5999 	6000
f 5996 	6000 	6003
f 5669 	6727 	5668
f 6727 	6728 	6747
f 5648 	5644 	5435
f 5435 	5437 	5648
f 6021 	6022 	6016
f 6021 	6016 	6023
f 5671 	5674 	6223
f 6048 	6055 	1946
f 1956 	1946 	6055
f 6026 	6159 	6027
f 5317 	6028 	6023
f 6029 	6043 	6030
f 5637 	5667 	5671
f 5671 	5657 	5637
f 5675 	5674 	5668
f 5668 	5674 	5662
f 5977 	6032 	6028
f 5977 	6028 	5976
f 1623 	5773 	2483
f 6034 	6019 	6020
f 6034 	6020 	6035
f 6023 	6028 	6032
f 6036 	6018 	6032
f 6018 	6021 	6032
f 6023 	6032 	6021
f 6026 	6027 	6024
f 6026 	6024 	6025
f 5980 	6037 	6036
f 6029 	6030 	6031
f 6029 	6031 	6033
f 5774 	5782 	5773
f 5782 	5780 	5773
f 2483 	5773 	5780
f 5805 	2542 	5780
f 5980 	6008 	6037
f 6034 	6035 	6050
f 5811 	5782 	5788
f 6039 	6042 	6056
f 5774 	5503 	5794
f 5556 	5794 	5503
f 6039 	6006 	6042
f 6012 	6042 	6006
f 5782 	5774 	5788
f 5774 	5794 	5788
f 5832 	5788 	5794
f 6163 	6043 	6041
f 6044 	6061 	6042
f 5788 	5799 	5811
f 6041 	6043 	6029
f 5799 	6073 	5811
f 6073 	6071 	5811
f 5805 	5811 	6071
f 6045 	6047 	6049
f 6045 	6049 	6050
f 6017 	6018 	6048
f 6036 	6046 	6018
f 5823 	5822 	5834
f 5823 	5834 	5832
f 6051 	6052 	6053
f 6051 	6053 	6054
f 2204 	1957 	6059
f 1957 	1956 	6057
f 5822 	6092 	5834
f 5835 	6099 	5822
f 6047 	6020 	6049
f 6019 	6049 	6020
f 6056 	6057 	6055
f 6056 	6055 	6058
f 5841 	6129 	5835
f 6053 	6052 	6072
f 5622 	5981 	6060
f 6045 	6050 	6035
f 6061 	6146 	6059
f 5841 	5823 	5981
f 6062 	5841 	5981
f 6060 	5981 	5823
f 5823 	5832 	6060
f 5794 	6060 	5832
f 6051 	6054 	6068
f 5569 	5654 	5630
f 6062 	5630 	5654
f 6058 	6046 	6037
f 6036 	6037 	6046
f 6048 	6018 	6046
f 6037 	6039 	6058
f 6056 	6058 	6039
f 6061 	6056 	6042
f 6040 	6063 	6064
f 6040 	6064 	6038
f 2911 	6065 	6066
f 6068 	6070 	6072
f 6068 	6072 	6074
f 6069 	6071 	6073
f 6069 	6073 	6075
f 5957 	6076 	6077
f 5957 	6077 	5952
f 6072 	6070 	6053
f 6075 	6088 	6069
f 6068 	6074 	6051
f 6078 	5982 	6077
f 6071 	6065 	5805
f 2569 	5805 	6065
f 2911 	2569 	6065
f 6080 	6064 	6079
f 6063 	6079 	6064
f 6081 	6082 	6067
f 6082 	6076 	6067
f 6076 	5957 	6067
f 5958 	6067 	5957
f 6080 	6079 	6083
f 6080 	6083 	6085
f 1940 	2953 	6084
f 6128 	6090 	6086
f 5991 	5994 	4470
f 5991 	4470 	4467
f 6089 	1964 	6088
f 1960 	6088 	1964
f 6090 	6091 	6078
f 6090 	6078 	6082
f 4474 	4473 	5993
f 4474 	5993 	5992
f 6089 	6088 	6075
f 6084 	6066 	6088
f 2953 	6066 	6084
f 6092 	6093 	6094
f 6092 	6094 	6095
f 6126 	6013 	6091
f 6078 	6091 	5995
f 4470 	5994 	5993
f 4470 	5993 	4473
f 6093 	6096 	6108
f 6082 	6081 	6090
f 6081 	6086 	6090
f 6128 	6086 	6127
f 6097 	6098 	7250
f 6097 	7250 	7251
f 6099 	6239 	6096
f 6097 	7251 	4477
f 5799 	5834 	6095
f 6073 	5799 	6095
f 6092 	6095 	5834
f 6099 	6092 	5822
f 5835 	6129 	6099
f 6102 	6103 	6104
f 6102 	6104 	6105
f 4479 	7250 	6098
f 6107 	1981 	6106
f 1970 	6106 	1981
f 6239 	6495 	6108
f 5958 	5959 	6105
f 6067 	5958 	6105
f 6102 	6105 	5959
f 5946 	6101 	5945
f 5959 	5945 	6102
f 6087 	6110 	6111
f 6087 	6111 	6112
f 6107 	6106 	6094
f 6075 	6094 	6106
f 6089 	6075 	6106
f 6094 	6093 	6107
f 6108 	6107 	6093
f 6239 	6108 	6096
f 6103 	6118 	6104
f 6113 	6114 	6116
f 6113 	6116 	6117
f 6129 	5841 	6115
f 6081 	6104 	6086
f 6086 	6104 	6118
f 6116 	6114 	6111
f 6116 	6111 	6110
f 6119 	6120 	6132
f 4902 	4480 	6109
f 5841 	6062 	6122
f 6098 	6097 	4477
f 6098 	4477 	4479
f 6124 	6119 	6122
f 6119 	6115 	6122
f 5841 	6122 	6115
f 6121 	6103 	6123
f 6118 	6103 	6121
f 6103 	6100 	6123
f 5657 	6125 	6124
f 6142 	6120 	6125
f 6124 	6125 	6120
f 6124 	6120 	6119
f 5992 	5991 	4467
f 5992 	4467 	4474
f 6130 	6237 	6129
f 6146 	6061 	6126
f 6146 	6126 	6128
f 6127 	6137 	6128
f 6233 	5948 	6131
f 4489 	6233 	6131
f 6132 	6130 	6119
f 3647 	3646 	2872
f 3647 	2872 	2869
f 6135 	6136 	6134
f 6135 	6134 	6137
f 6083 	6040 	6085
f 6038 	6085 	6040
f 6138 	6435 	6132
f 6130 	6132 	6435
f 6113 	6117 	6087
f 6113 	6087 	6112
f 2762 	2872 	3646
f 2236 	2251 	6181
f 6125 	6140 	6142
f 6146 	6128 	6137
f 6312 	6148 	3575
f 5981 	5622 	5979
f 6061 	6044 	6126
f 6013 	6126 	6044
f 6059 	6146 	6133
f 3575 	6148 	2895
f 3575 	2895 	2763
f 6150 	6135 	6127
f 2895 	6148 	6312
f 2895 	6312 	2965
f 6131 	5925 	4489
f 4315 	4489 	5925
f 5981 	5979 	5978
f 5981 	5978 	6062
f 6150 	6118 	6151
f 6121 	6151 	6118
f 2869 	2770 	3647
f 3565 	3647 	2770
f 5792 	6149 	6060
f 5792 	6060 	5794
f 4500 	6144 	6143
f 4500 	6143 	4492
f 6152 	6169 	6151
f 5630 	6062 	5978
f 5630 	5978 	5574
f 6153 	6154 	6155
f 6153 	6155 	6156
f 6141 	6025 	6139
f 6024 	6139 	6025
f 6123 	6372 	6152
f 6158 	6294 	6157
f 6153 	6156 	2903
f 6153 	2903 	2902
f 6026 	6160 	6159
f 6158 	6157 	6075
f 6158 	6075 	6073
f 2908 	2903 	6156
f 2908 	6156 	6155
f 6164 	6033 	6163
f 6031 	6163 	6033
f 6165 	6166 	6167
f 6165 	6167 	6168
f 2930 	2908 	6155
f 2930 	6155 	6154
f 6165 	6168 	6066
f 6165 	6066 	6065
f 6169 	6381 	6162
f 6159 	6160 	6141
f 6159 	6141 	6139
f 6071 	6069 	6167
f 6071 	6167 	6166
f 6199 	6200 	6171
f 6199 	6171 	6172
f 6041 	6164 	6163
f 6075 	6157 	6294
f 6150 	6151 	6173
f 6169 	6173 	6151
f 6169 	6152 	6380
f 6171 	6200 	2926
f 6174 	6175 	6176
f 6174 	6176 	6177
f 6168 	6167 	6069
f 6168 	6069 	6066
f 6137 	6127 	6135
f 6178 	6135 	6150
f 6179 	6176 	6175
f 6179 	6175 	6180
f 6172 	6171 	2926
f 6172 	2926 	2931
f 6166 	6165 	6065
f 6166 	6065 	6071
f 6182 	6183 	6184
f 6182 	6184 	6185
f 6154 	6153 	2902
f 6154 	2902 	2930
f 6150 	6173 	6178
f 6181 	6178 	6173
f 6173 	6161 	6181
f 5223 	5226 	6279
f 6199 	6172 	2931
f 5787 	5766 	6279
f 5223 	6279 	5766
f 6188 	6184 	6183
f 6188 	6183 	6190
f 6189 	6191 	6192
f 6189 	6192 	6193
f 6194 	6182 	6185
f 6194 	6185 	6195
f 5767 	5226 	5223
f 5767 	5223 	5766
f 6189 	6193 	2944
f 6189 	2944 	2943
f 6055 	6057 	1956
f 6057 	6059 	1957
f 6181 	6161 	2236
f 6136 	2205 	6134
f 6161 	6162 	2238
f 6381 	2238 	6162
f 6133 	6134 	2204
f 6059 	6133 	2204
f 2256 	6136 	2251
f 1946 	1978 	6048
f 6017 	6048 	1978
f 1904 	1912 	6022
f 1912 	1892 	6016
f 4506 	4320 	6170
f 4529 	4530 	6197
f 4529 	6197 	6198
f 4210 	4506 	6170
f 3715 	5942 	6201
f 4715 	6201 	5942
f 5768 	4529 	6198
f 2946 	2945 	6200
f 2946 	6200 	6199
f 5771 	5768 	6198
f 5771 	6198 	6197
f 4710 	6202 	6203
f 6196 	6179 	6180
f 6196 	6180 	6205
f 2944 	6193 	6192
f 2944 	6192 	2952
f 4536 	5771 	6197
f 4536 	6197 	4530
f 6194 	6195 	6188
f 6194 	6188 	6190
f 3715 	6201 	6203
f 6202 	3715 	6203
f 6206 	3715 	6202
f 6145 	6147 	6138
f 6145 	6138 	6142
f 6174 	6177 	6196
f 6174 	6196 	6205
f 6209 	6206 	5206
f 6210 	6211 	6212
f 6210 	6212 	6213
f 6215 	3715 	6209
f 6209 	3715 	6206
f 6214 	6517 	6147
f 6216 	6210 	6213
f 6216 	6213 	6217
f 1940 	6084 	6186
f 6218 	5702 	6204
f 6215 	5219 	5853
f 5196 	5853 	5219
f 6088 	1960 	6187
f 6219 	6892 	6214
f 5946 	6220 	6221
f 6396 	2425 	6222
f 6223 	6140 	5671
f 4510 	6218 	6204
f 4510 	6204 	4532
f 1964 	6089 	2425
f 6222 	2425 	6089
f 6224 	6225 	6226
f 6224 	6226 	6227
f 6204 	5702 	4532
f 4213 	4532 	5702
f 6229 	6230 	6231
f 6229 	6231 	6232
f 5761 	5760 	4089
f 5761 	4089 	4093
f 6228 	6219 	6223
f 6219 	6145 	6223
f 6140 	6223 	6145
f 6140 	6145 	6142
f 5925 	6131 	5948
f 6859 	5755 	6234
f 6229 	6232 	6307
f 6340 	6307 	6232
f 6224 	6340 	6232
f 6227 	6340 	6224
f 6235 	6341 	6227
f 6307 	6311 	6229
f 6221 	6229 	6311
f 5668 	6746 	5675
f 6228 	5675 	6870
f 4540 	5948 	6233
f 4101 	6859 	6234
f 6238 	6240 	6865
f 6235 	6236 	6274
f 6216 	6217 	6241
f 6216 	6241 	6242
f 5791 	5776 	6207
f 6238 	6865 	4102
f 6242 	6241 	6212
f 6242 	6212 	6211
f 6226 	6225 	3717
f 6225 	6231 	3717
f 3717 	6231 	6230
f 3717 	6230 	6220
f 5946 	5947 	6220
f 6234 	5755 	4101
f 4081 	4101 	5755
f 5779 	6208 	6207
f 5779 	6207 	5776
f 6245 	3715 	6215
f 6246 	6243 	6244
f 6246 	6244 	6247
f 6240 	6238 	4102
f 6240 	4102 	4104
f 6246 	6247 	6518
f 4538 	4539 	6250
f 4538 	6250 	6252
f 6248 	6249 	5859
f 6251 	6253 	6254
f 6251 	6254 	6255
f 6251 	6255 	4120
f 6251 	4120 	4119
f 5781 	4538 	6252
f 6259 	5865 	6258
f 5866 	6258 	5865
f 6260 	6261 	6262
f 6260 	6262 	6263
f 6256 	6257 	6358
f 5781 	6252 	6250
f 5781 	6250 	5783
f 6260 	6263 	4116
f 6260 	4116 	4115
f 6249 	3715 	6245
f 6248 	3715 	6249
f 6259 	3715 	6248
f 6258 	3715 	6259
f 6264 	3715 	6258
f 4543 	5783 	6250
f 4543 	6250 	4539
f 4122 	4121 	6262
f 4122 	6262 	6261
f 4123 	4120 	6255
f 4123 	6255 	6254
f 6267 	6361 	6269
f 6268 	6270 	6208
f 6207 	6208 	6270
f 2671 	3715 	6264
f 5867 	1609 	6264
f 6264 	1609 	2671
f 6263 	6262 	4121
f 6263 	4121 	4116
f 6207 	6270 	5791
f 6273 	6274 	6236
f 4124 	4123 	6254
f 4124 	6254 	6253
f 6275 	6265 	6266
f 6275 	6266 	6276
f 6253 	6251 	4119
f 6253 	4119 	4124
f 6279 	5226 	6278
f 6271 	6272 	6267
f 6271 	6267 	6269
f 6261 	6260 	4115
f 6261 	4115 	4122
f 4489 	4540 	6233
f 6187 	6186 	6084
f 6187 	6084 	6088
f 6282 	6283 	6281
f 6282 	6281 	6286
f 6396 	6222 	6089
f 6284 	6285 	6144
f 6143 	6144 	6285
f 6200 	2945 	2926
f 6143 	6285 	4542
f 6143 	4542 	4492
f 6287 	6289 	6290
f 6287 	6290 	6291
f 2956 	2952 	6192
f 2956 	6192 	6191
f 4542 	6285 	6284
f 4542 	6284 	4546
f 6287 	6291 	6093
f 6287 	6093 	6092
f 6191 	6189 	2943
f 6191 	2943 	2956
f 6294 	6158 	6293
f 6284 	6144 	4546
f 4500 	4546 	6144
f 2862 	2870 	2710
f 6292 	2709 	6288
f 2709 	2710 	6288
f 2710 	2713 	2862
f 6095 	6094 	6294
f 6095 	6294 	6293
f 2931 	2946 	6199
f 6093 	6291 	6290
f 6093 	6290 	6096
f 6277 	6280 	6423
f 6281 	6423 	6280
f 6295 	6280 	6277
f 6295 	6277 	6298
f 4554 	4244 	6297
f 3620 	6299 	6300
f 6301 	6302 	7005
f 4554 	6297 	6296
f 4554 	6296 	4562
f 6282 	6286 	3717
f 6286 	6295 	3717
f 6295 	6298 	3717
f 6298 	6273 	3717
f 6273 	6236 	3717
f 6236 	6226 	3717
f 6292 	6282 	3717
f 2709 	6292 	3717
f 2852 	2962 	6299
f 6301 	7005 	4131
f 3620 	6300 	2964
f 3620 	2964 	2857
f 4579 	4559 	6304
f 6307 	6309 	6306
f 6307 	6306 	6311
f 7079 	7080 	6310
f 6308 	6310 	7080
f 6303 	6304 	4559
f 6303 	4559 	4563
f 4387 	4138 	7080
f 6308 	7080 	4138
f 2861 	2965 	6312
f 4245 	4562 	6296
f 4142 	7079 	6310
f 6278 	5226 	5790
f 5767 	5790 	5226
f 6302 	6301 	4131
f 6302 	4131 	4137
f 5946 	6221 	6313
f 6311 	6313 	6221
f 6310 	6308 	4138
f 6310 	4138 	4142
f 5793 	5791 	6270
f 5793 	6270 	6268
f 6315 	6316 	6317
f 6315 	6317 	6318
f 6279 	6278 	5790
f 6279 	5790 	5787
f 6123 	6100 	6305
f 6306 	6322 	6305
f 6101 	6305 	6100
f 6313 	6305 	6101
f 6313 	6101 	5946
f 4565 	4246 	6314
f 6315 	6318 	4185
f 6315 	4185 	4184
f 6268 	6208 	5793
f 5779 	5793 	6208
f 4185 	6318 	6317
f 4185 	6317 	4187
f 4565 	6314 	1627
f 4561 	4560 	6321
f 4561 	6321 	6323
f 4190 	4187 	6317
f 4190 	6317 	6316
f 6319 	6306 	6320
f 6322 	6306 	6319
f 6306 	6309 	6320
f 6353 	6320 	6309
f 1562 	6324 	1561
f 5798 	4564 	4561
f 5798 	4561 	6323
f 6123 	6305 	6322
f 6372 	6123 	6322
f 6326 	6325 	4189
f 6326 	4189 	4188
f 5798 	6323 	6321
f 5798 	6321 	5809
f 4189 	6325 	5039
f 6275 	6276 	6336
f 6328 	6329 	6330
f 6328 	6330 	6331
f 6316 	6315 	4184
f 6316 	4184 	4190
f 6335 	6266 	6333
f 6265 	6333 	6266
f 6331 	6330 	5801
f 6331 	5801 	5800
f 6276 	6338 	6336
f 5801 	6330 	6329
f 5801 	6329 	5804
f 7105 	6339 	1088
f 6334 	6337 	6418
f 6328 	6331 	5800
f 6328 	5800 	5810
f 6335 	6333 	6336
f 6335 	6336 	6338
f 4419 	4203 	6339
f 6340 	6341 	6327
f 6341 	6332 	6327
f 6334 	6360 	6332
f 6342 	6343 	6344
f 6342 	6344 	6346
f 5809 	6321 	4560
f 6345 	6347 	7115
f 6342 	6346 	6348
f 6342 	6348 	6349
f 6274 	6417 	6337
f 6341 	6235 	6337
f 6340 	6227 	6341
f 6274 	6337 	6235
f 6329 	6328 	5810
f 6329 	5810 	5804
f 6345 	7115 	4198
f 6350 	6349 	6348
f 6350 	6348 	6351
f 6353 	6309 	6327
f 6352 	6354 	6355
f 6352 	6355 	6356
f 6350 	6351 	6344
f 6350 	6344 	6343
f 1088 	6339 	4203
f 1088 	4203 	1087
f 6352 	6356 	5821
f 6352 	5821 	5820
f 6358 	6257 	6359
f 6347 	6345 	4198
f 6347 	4198 	4202
f 5824 	5821 	6356
f 5824 	6356 	6355
f 6360 	6334 	6357
f 6334 	6418 	6357
f 6418 	6448 	6357
f 6361 	6362 	6269
f 5833 	5824 	6355
f 5833 	6355 	6354
f 6363 	6666 	4209
f 6327 	6332 	6353
f 6353 	6332 	6360
f 4572 	1565 	6324
f 1561 	6324 	1565
f 6366 	6367 	6368
f 6366 	6368 	6369
f 6366 	6369 	5829
f 6366 	5829 	5827
f 6374 	6324 	1562
f 6320 	6375 	6373
f 6320 	6373 	6319
f 5829 	6369 	6368
f 5829 	6368 	5836
f 6324 	6374 	4581
f 6324 	4581 	4572
f 6407 	6386 	6375
f 5840 	5836 	6368
f 5840 	6368 	6367
f 4208 	6371 	6370
f 4208 	6370 	4206
f 6376 	6377 	6303
f 6304 	6303 	6377
f 6363 	4209 	4297
f 6354 	6352 	5820
f 6354 	5820 	5833
f 6380 	6152 	6372
f 6304 	6377 	4579
f 6379 	5752 	6378
f 6367 	6366 	5827
f 6367 	5827 	5840
f 6169 	6380 	6381
f 6376 	6303 	4582
f 4563 	4582 	6303
f 4212 	4037 	6379
f 6384 	6385 	6386
f 6384 	6386 	6387
f 6382 	6383 	7075
f 4581 	6374 	1562
f 4581 	1562 	1566
f 6294 	6094 	6075
f 6382 	7075 	6245
f 6382 	6245 	5853
f 6271 	6365 	6272
f 6364 	6272 	6365
f 6099 	6096 	6290
f 6099 	6290 	6289
f 6387 	6392 	2496
f 6289 	6287 	6092
f 6289 	6092 	6099
f 6358 	6359 	6640
f 6073 	6095 	6293
f 6073 	6293 	6158
f 6380 	6372 	6373
f 6373 	6375 	6386
f 6386 	6385 	6373
f 6380 	6373 	6385
f 4579 	6377 	6376
f 4579 	6376 	4582
f 7077 	6388 	6389
f 6393 	6394 	5989
f 5988 	5989 	6394
f 6248 	5860 	6388
f 6399 	2509 	6392
f 1981 	6107 	6390
f 5865 	7077 	6389
f 6364 	6365 	6362
f 6364 	6362 	6361
f 6383 	6382 	5853
f 6383 	5853 	5859
f 6106 	1970 	2424
f 6106 	2424 	6396
f 4585 	4472 	5988
f 4585 	5988 	6394
f 6398 	6399 	6392
f 6398 	6392 	6400
f 6389 	6388 	5860
f 6389 	5860 	5865
f 6108 	1985 	6391
f 4589 	4585 	6394
f 4589 	6394 	6393
f 6391 	6390 	6107
f 6391 	6107 	6108
f 6402 	6404 	6405
f 6402 	6405 	6406
f 7068 	6401 	6403
f 6089 	6106 	6396
f 6386 	6407 	6400
f 6402 	6406 	4588
f 6402 	4588 	4587
f 6410 	6411 	6397
f 6410 	6397 	6398
f 4588 	6406 	6405
f 4588 	6405 	4620
f 6129 	6115 	6408
f 7068 	6403 	5867
f 4631 	4620 	6405
f 4631 	6405 	6404
f 6411 	6473 	6397
f 6357 	6458 	6411
f 6395 	6397 	6473
f 5867 	6403 	6401
f 5867 	6401 	5866
f 6393 	5989 	4589
f 4471 	4589 	5989
f 6412 	6414 	6415
f 6412 	6415 	6416
f 6398 	6400 	6410
f 6400 	6407 	6410
f 6407 	6353 	6410
f 6360 	6410 	6353
f 6132 	6120 	6413
f 6404 	6402 	4587
f 6404 	4587 	4631
f 6412 	6416 	5870
f 6412 	5870 	5869
f 6119 	6409 	6408
f 6119 	6408 	6115
f 5870 	6416 	6415
f 5870 	6415 	5874
f 7020 	6413 	6120
f 7020 	6120 	6142
f 6441 	6440 	6420
f 5876 	5874 	6415
f 5876 	6415 	6414
f 4636 	7374 	6419
f 5652 	5653 	6421
f 5652 	6421 	6422
f 6423 	6424 	6420
f 6423 	6420 	6426
f 6414 	6412 	5869
f 6414 	5869 	5876
f 6425 	6427 	7376
f 6122 	5652 	6422
f 6124 	6122 	6422
f 6124 	6422 	6421
f 4935 	4637 	7376
f 6425 	7376 	4637
f 7369 	1929 	6429
f 6124 	6421 	5653
f 5884 	4944 	7369
f 5884 	7369 	6429
f 6419 	6109 	4636
f 4480 	4636 	6109
f 4218 	4212 	6379
f 4218 	6379 	6378
f 6427 	6425 	4637
f 6427 	4637 	4642
f 6423 	6281 	6430
f 6426 	6277 	6423
f 6417 	6274 	6426
f 6418 	6337 	6417
f 6274 	6277 	6426
f 6283 	6430 	6281
f 6237 	6239 	6099
f 6432 	6433 	1882
f 1858 	1882 	6433
f 6435 	6436 	6437
f 6435 	6437 	6438
f 6429 	1929 	5884
f 1941 	5884 	1929
f 6433 	6432 	4647
f 6433 	4647 	4646
f 6440 	6441 	6463
f 1943 	1944 	6442
f 1943 	6442 	6443
f 6444 	6445 	6446
f 6444 	6446 	6447
f 5889 	1943 	6443
f 6418 	6420 	6440
f 6448 	6418 	6440
f 6420 	6424 	6441
f 6434 	6441 	6424
f 6434 	6424 	6428
f 6444 	6447 	4645
f 6444 	4645 	4644
f 5889 	6443 	6442
f 5889 	6442 	5892
f 4650 	4648 	6446
f 4650 	6446 	6445
f 6473 	6411 	6458
f 6458 	6357 	6448
f 1882 	1884 	6432
f 4647 	6432 	1884
f 2964 	6300 	6299
f 2964 	6299 	2962
f 6449 	6450 	6451
f 6449 	6451 	6452
f 4645 	6447 	6446
f 4645 	6446 	4648
f 6453 	2853 	6450
f 1858 	6433 	4646
f 6445 	6444 	4644
f 6445 	4644 	4650
f 6283 	6288 	6456
f 6453 	6456 	6288
f 3041 	1145 	6455
f 3049 	3041 	6455
f 3049 	6455 	6454
f 1929 	7369 	6457
f 6434 	6428 	6449
f 6452 	6434 	6449
f 6562 	6434 	6452
f 6449 	6428 	6456
f 6428 	6430 	6456
f 6283 	6456 	6430
f 6457 	7369 	4762
f 1162 	3049 	6454
f 6460 	6461 	7371
f 1951 	5892 	6442
f 1951 	6442 	1944
f 6462 	6434 	6562
f 6460 	7371 	4941
f 6460 	4941 	4660
f 6463 	6459 	6440
f 2026 	2027 	6464
f 2026 	6464 	6465
f 4762 	1941 	6457
f 1929 	6457 	1941
f 6562 	6469 	6462
f 6462 	6470 	6463
f 5896 	2026 	6465
f 6461 	6460 	4660
f 6461 	4660 	4761
f 2033 	2034 	6466
f 2033 	6466 	6467
f 6459 	6473 	6458
f 5895 	2033 	6467
f 6468 	6469 	6571
f 5897 	6466 	2034
f 6470 	6462 	6469
f 6472 	4851 	6471
f 5896 	6465 	6464
f 5896 	6464 	5902
f 6395 	6473 	6474
f 5895 	6467 	6466
f 5895 	6466 	5897
f 6478 	6502 	6479
f 6476 	6477 	6470
f 6476 	6470 	6480
f 5902 	6464 	2027
f 6477 	6463 	6470
f 6459 	6463 	6477
f 6473 	6459 	6477
f 6439 	6475 	6478
f 6439 	6478 	6479
f 6483 	6484 	6485
f 6483 	6485 	6486
f 6481 	6482 	6681
f 6483 	6486 	5910
f 6483 	5910 	5909
f 6491 	6492 	4805
f 6524 	6497 	6436
f 6436 	6496 	6437
f 5908 	5907 	6490
f 5908 	6490 	6489
f 5915 	5910 	6486
f 5915 	6486 	6485
f 4769 	4805 	6492
f 6237 	6130 	6438
f 6099 	6129 	6237
f 6435 	6438 	6130
f 6494 	4813 	6493
f 5918 	5915 	6485
f 5918 	6485 	6484
f 2163 	6108 	6495
f 1985 	6108 	2163
f 6484 	6483 	5909
f 6484 	5909 	5918
f 4767 	3939 	6494
f 5007 	5908 	6489
f 6496 	6497 	2164
f 6493 	4813 	4770
f 3943 	4770 	4813
f 3968 	4775 	6491
f 6488 	6475 	6487
f 6439 	6487 	6475
f 6498 	6499 	6500
f 6498 	6500 	6501
f 6498 	6501 	5920
f 6498 	5920 	5919
f 6488 	6487 	6502
f 6488 	6502 	6503
f 4774 	6472 	6471
f 4774 	6471 	4776
f 5920 	6501 	6500
f 5920 	6500 	5921
f 6478 	6503 	6502
f 5924 	5921 	6500
f 5924 	6500 	6499
f 6496 	6436 	6497
f 6495 	6437 	6496
f 6239 	6437 	6495
f 4769 	6492 	6491
f 4769 	6491 	4775
f 6504 	6505 	6506
f 6504 	6506 	6507
f 6504 	6507 	5923
f 6504 	5923 	5922
f 6508 	6509 	6511
f 6508 	6511 	6513
f 6512 	6482 	6510
f 6481 	6510 	6482
f 5923 	6507 	6506
f 5923 	6506 	5926
f 6512 	6510 	6688
f 5927 	5926 	6506
f 5927 	6506 	6505
f 6509 	6514 	6528
f 6499 	6498 	5919
f 6499 	5919 	5924
f 6516 	6244 	6515
f 6243 	6515 	6244
f 6514 	6970 	1145
f 6517 	6970 	6514
f 6971 	1145 	6970
f 6505 	6504 	5922
f 6505 	5922 	5927
f 6247 	6519 	6518
f 6518 	6519 	6516
f 6518 	6516 	6515
f 6513 	6138 	6508
f 6435 	6138 	6513
f 6138 	6147 	6508
f 6517 	6508 	6147
f 6520 	6521 	6522
f 6520 	6522 	6523
f 2166 	6524 	6525
f 2166 	6525 	2170
f 6522 	6521 	6526
f 6522 	6526 	6527
f 1145 	2172 	6528
f 6529 	6527 	6526
f 6529 	6526 	6530
f 6520 	6523 	6529
f 6520 	6529 	6530
f 6531 	6532 	2458
f 2341 	2458 	6532
f 6525 	6524 	6511
f 6436 	6511 	6524
f 6511 	6509 	6525
f 6528 	6525 	6509
f 1145 	6528 	6514
f 6533 	6534 	6535
f 6533 	6535 	6536
f 5937 	2345 	2341
f 5937 	2341 	6532
f 6538 	5171 	6537
f 6539 	6540 	6541
f 6539 	6541 	6543
f 6545 	5171 	6544
f 6546 	6533 	6536
f 6546 	6536 	6549
f 6607 	6611 	1064
f 6559 	5409 	6545
f 1160 	6539 	6543
f 3054 	6548 	6547
f 3054 	6547 	3056
f 6544 	5171 	6538
f 6550 	6546 	6549
f 6550 	6549 	6551
f 6550 	6551 	6535
f 6550 	6535 	6534
f 1170 	3056 	6547
f 6541 	6540 	1159
f 6537 	5171 	6552
f 6594 	6537 	6552
f 6594 	6552 	6598
f 1364 	6667 	7716
f 6468 	2749 	6480
f 6571 	2749 	6468
f 6476 	2711 	6474
f 3064 	7716 	6555
f 6450 	2898 	6451
f 6558 	6451 	2898
f 5455 	5449 	6580
f 3061 	1215 	6561
f 6563 	6702 	6565
f 6558 	6564 	6566
f 6558 	6566 	6562
f 1220 	3066 	6560
f 6567 	6706 	6568
f 6569 	6643 	6570
f 3061 	6561 	6560
f 3061 	6560 	3066
f 6562 	6566 	6469
f 6571 	6469 	6566
f 6575 	6576 	6577
f 6575 	6577 	6578
f 6579 	6580 	6559
f 6579 	6559 	6581
f 6574 	3102 	2959
f 3017 	6564 	6558
f 6564 	3102 	6574
f 3129 	2959 	3102
f 3080 	3079 	6575
f 3080 	6575 	6578
f 3080 	6578 	6577
f 3080 	6577 	3081
f 2509 	2496 	6392
f 2749 	2748 	6480
f 6574 	2741 	6571
f 6395 	2509 	6399
f 6474 	2514 	6395
f 2514 	6474 	2711
f 2907 	3703 	6584
f 3088 	3081 	6577
f 3088 	6577 	6576
f 6538 	6587 	6581
f 6544 	6538 	6581
f 6579 	6581 	6593
f 6593 	6581 	6587
f 6583 	6579 	6593
f 6593 	6600 	6583
f 6586 	3703 	6585
f 6576 	6575 	3079
f 6576 	3079 	3088
f 6588 	6589 	6590
f 6588 	6590 	6591
f 6584 	3703 	6586
f 6592 	6593 	6587
f 6592 	6587 	6594
f 6588 	6591 	3099
f 6588 	3099 	3098
f 6596 	3703 	6595
f 3101 	3099 	6591
f 3101 	6591 	6590
f 3107 	3101 	6590
f 3107 	6590 	6589
f 6597 	6598 	6624
f 6585 	3703 	6596
f 3107 	6589 	6588
f 3107 	6588 	3098
f 6597 	6592 	6598
f 6604 	6592 	6597
f 6598 	6592 	6594
f 3062 	6599 	6601
f 6603 	6687 	6602
f 6602 	6687 	3121
f 6604 	6605 	6592
f 4767 	6494 	6493
f 4767 	6493 	4770
f 6605 	6604 	6759
f 6639 	6642 	6821
f 3973 	4776 	6471
f 3973 	6471 	4851
f 6606 	6607 	1064
f 3130 	6603 	6602
f 3130 	6602 	3121
f 6608 	6609 	6610
f 6608 	6610 	6612
f 5171 	1064 	6552
f 6613 	6614 	6615
f 6613 	6615 	6616
f 3144 	3136 	6608
f 3144 	6608 	6612
f 6611 	6552 	1064
f 3148 	3144 	6612
f 3148 	6612 	6610
f 4785 	4784 	6613
f 4785 	6613 	6616
f 6618 	1064 	6617
f 3148 	6610 	6609
f 3148 	6609 	3153
f 4785 	6616 	6615
f 4785 	6615 	4791
f 6619 	6620 	6621
f 6619 	6621 	6622
f 3153 	6609 	6608
f 3153 	6608 	3136
f 1569 	6623 	1064
f 6619 	6622 	4788
f 6619 	4788 	4787
f 4790 	4789 	6621
f 4790 	6621 	6620
f 1064 	6623 	6617
f 6657 	6617 	6623
f 6620 	6619 	4787
f 6620 	4787 	4790
f 6624 	6625 	6597
f 6624 	6611 	6626
f 6607 	6626 	6611
f 4791 	6615 	6614
f 4791 	6614 	4794
f 4788 	6622 	6621
f 4788 	6621 	4789
f 2348 	2350 	6542
f 2348 	6542 	6630
f 6627 	6628 	6626
f 6627 	6626 	6629
f 4794 	6614 	6613
f 4794 	6613 	4784
f 5936 	2348 	6630
f 6624 	6626 	6625
f 6626 	6628 	6625
f 6631 	6632 	6633
f 6631 	6633 	6634
f 5938 	6542 	2350
f 5940 	5937 	6532
f 5940 	6532 	6531
f 4800 	4799 	6631
f 4800 	6631 	6634
f 1064 	6618 	6606
f 6629 	6606 	6654
f 6627 	6629 	6654
f 6654 	6656 	6627
f 6630 	6542 	5938
f 6630 	5938 	5936
f 4802 	4800 	6634
f 4802 	6634 	6633
f 6834 	6821 	6642
f 6554 	6257 	6553
f 6256 	6553 	6257
f 6531 	2458 	5940
f 2460 	5940 	2458
f 6567 	6568 	6556
f 6567 	6556 	6557
f 4802 	6633 	6632
f 4802 	6632 	4804
f 6637 	2482 	6636
f 1171 	6563 	6565
f 6599 	6584 	6638
f 6586 	6638 	6584
f 6635 	6625 	6639
f 6628 	6639 	6625
f 6569 	6570 	6572
f 6569 	6572 	6573
f 5941 	6637 	6636
f 5941 	6636 	5942
f 6641 	6554 	6640
f 6553 	6640 	6554
f 6853 	6845 	6721
f 2490 	5942 	6636
f 2490 	6636 	2482
f 6569 	6644 	6643
f 6627 	6656 	6642
f 6646 	6648 	6650
f 6646 	6650 	6651
f 6647 	6573 	6645
f 6572 	6645 	6573
f 6649 	6652 	6638
f 6649 	6638 	6653
f 6646 	6651 	5946
f 6646 	5946 	5945
f 6641 	6640 	6359
f 5947 	5946 	6651
f 5947 	6651 	6650
f 6599 	6638 	6601
f 6601 	6638 	6652
f 6601 	6652 	6784
f 6647 	6645 	6643
f 6647 	6643 	6644
f 5949 	5947 	6650
f 5949 	6650 	6648
f 6654 	6606 	6618
f 5949 	6648 	6646
f 5949 	6646 	5945
f 6655 	6656 	6654
f 6655 	6654 	6657
f 6378 	5752 	4218
f 4080 	4218 	5752
f 6658 	6659 	6660
f 6658 	6660 	6661
f 5951 	5950 	6658
f 5951 	6658 	6661
f 6859 	6662 	5755
f 6623 	6663 	6657
f 4221 	5755 	6662
f 1563 	2278 	6665
f 5951 	6661 	6660
f 5951 	6660 	5952
f 4221 	6662 	4306
f 3174 	1556 	1563
f 3174 	1563 	6665
f 6363 	6839 	6666
f 6666 	4265 	4209
f 5957 	5952 	6660
f 5957 	6660 	6659
f 6659 	6658 	5950
f 6659 	5950 	5957
f 6668 	6669 	6371
f 6370 	6371 	6669
f 1381 	1389 	6670
f 1381 	6670 	6671
f 6672 	6673 	6674
f 6672 	6674 	6675
f 6370 	6669 	4260
f 6370 	4260 	4206
f 3167 	1381 	6671
f 6672 	6675 	5959
f 6672 	5959 	5958
f 6668 	6371 	4264
f 4208 	4264 	6371
f 3172 	6670 	1389
f 5960 	5959 	6675
f 5960 	6675 	6674
f 4265 	6666 	6839
f 6676 	6677 	1576
f 1575 	1576 	6677
f 5965 	5960 	6674
f 5965 	6674 	6673
f 3171 	1575 	6677
f 6676 	1576 	3176
f 1554 	3176 	1576
f 3174 	6665 	7001
f 5965 	6673 	6672
f 5965 	6672 	5958
f 6682 	6691 	6683
f 6555 	6667 	3168
f 6555 	3168 	3064
f 6678 	6679 	6682
f 6678 	6682 	6683
f 6671 	6670 	3172
f 6671 	3172 	3167
f 6677 	6676 	3176
f 6677 	3176 	3171
f 6482 	6680 	6681
f 6685 	6679 	6684
f 6678 	6684 	6679
f 6687 	6603 	6686
f 6689 	6681 	6688
f 6680 	6688 	6681
f 3190 	3121 	6687
f 6690 	6685 	6684
f 6690 	6684 	6691
f 3194 	3190 	6687
f 3194 	6687 	6686
f 6692 	6693 	6694
f 6692 	6694 	6695
f 6696 	6697 	6698
f 6696 	6698 	6699
f 6689 	6688 	6510
f 5967 	5966 	6692
f 5967 	6692 	6695
f 6696 	6699 	3193
f 6696 	3193 	3192
f 6682 	6690 	6691
f 5968 	5967 	6695
f 5968 	6695 	6694
f 3193 	6699 	6698
f 3193 	6698 	3197
f 6701 	6557 	6700
f 6556 	6700 	6557
f 5971 	5968 	6694
f 5971 	6694 	6693
f 3198 	3197 	6698
f 3198 	6698 	6697
f 6563 	6703 	6702
f 6686 	6603 	3194
f 3130 	3194 	6603
f 6705 	7504 	6704
f 6697 	6696 	3192
f 6697 	3192 	3198
f 6567 	6707 	6706
f 5970 	5969 	6705
f 5970 	6705 	6704
f 6702 	6703 	1211
f 5243 	5970 	6704
f 5243 	6704 	7504
f 6706 	6707 	6701
f 6706 	6701 	6700
f 6693 	6692 	5966
f 6693 	5966 	5971
f 6710 	1209 	6711
f 3211 	6709 	6708
f 3211 	6708 	3216
f 1574 	6664 	6663
f 1574 	6663 	1573
f 6713 	6714 	6715
f 6713 	6715 	6716
f 5976 	6788 	6712
f 6663 	6664 	6655
f 6663 	6655 	6657
f 3215 	3214 	6713
f 3215 	6713 	6716
f 3224 	3215 	6716
f 3224 	6716 	6715
f 6717 	6718 	6797
f 6719 	6642 	6656
f 6717 	6797 	5977
f 6721 	6655 	6720
f 6664 	6720 	6655
f 3224 	6715 	6714
f 3224 	6714 	3226
f 6720 	1577 	6851
f 1610 	6851 	1577
f 5252 	5976 	6712
f 3216 	6708 	4409
f 6718 	6717 	5977
f 6718 	5977 	5980
f 6741 	6730 	6600
f 6583 	6600 	6730
f 3226 	6714 	6713
f 3226 	6713 	3214
f 6722 	6723 	6724
f 6722 	6724 	6725
f 5669 	6726 	6727
f 5983 	5982 	6722
f 5983 	6722 	6725
f 6728 	6729 	6730
f 6728 	6730 	6731
f 5986 	5983 	6725
f 5986 	6725 	6724
f 6731 	6747 	6728
f 6732 	6748 	6731
f 6733 	6735 	6737
f 6733 	6737 	6739
f 6734 	6736 	6738
f 6734 	6738 	6740
f 6732 	6741 	6753
f 6734 	6740 	3235
f 6734 	3235 	3234
f 5985 	5984 	6733
f 5985 	6733 	6739
f 3242 	3235 	6740
f 3242 	6740 	6738
f 5987 	5985 	6739
f 5987 	6739 	6737
f 5454 	5455 	5663
f 5663 	5666 	5454
f 5638 	5648 	5437
f 6742 	6743 	6744
f 6742 	6744 	6745
f 5990 	5987 	6737
f 5990 	6737 	6735
f 6742 	6745 	3241
f 6742 	3241 	3240
f 6870 	5675 	6746
f 5986 	6724 	6723
f 5986 	6723 	5995
f 3241 	6745 	6744
f 3241 	6744 	3248
f 5990 	6735 	6733
f 5990 	6733 	5984
f 6747 	6748 	6884
f 3256 	3248 	6744
f 3256 	6744 	6743
f 6723 	6722 	5982
f 6723 	5982 	5995
f 3264 	3242 	6738
f 3264 	6738 	6736
f 6743 	6742 	3240
f 6743 	3240 	3256
f 6748 	6732 	6749
f 6753 	6749 	6732
f 6747 	6731 	6748
f 6746 	6727 	6747
f 5668 	6727 	6746
f 6736 	6734 	3234
f 6736 	3234 	3264
f 6008 	6006 	6750
f 6008 	6750 	6751
f 6752 	6753 	6741
f 6798 	6754 	6755
f 6008 	6751 	6037
f 6756 	6757 	6758
f 6756 	6758 	6759
f 3268 	6798 	6755
f 3271 	3268 	6755
f 3271 	6755 	6754
f 6758 	6757 	6766
f 6836 	6766 	6757
f 3271 	6754 	3613
f 6741 	6600 	6752
f 6600 	6605 	6752
f 6759 	6752 	6605
f 6808 	6809 	6762
f 6808 	6762 	6763
f 3272 	6808 	6763
f 3276 	3272 	6763
f 3276 	6763 	6762
f 6761 	6760 	6012
f 6761 	6012 	6013
f 6765 	6766 	6909
f 6809 	3276 	6762
f 7547 	6767 	6769
f 6842 	6770 	6841
f 6768 	6841 	6770
f 6753 	6758 	6765
f 6764 	6753 	6765
f 6749 	6753 	6764
f 6766 	6765 	6758
f 6016 	5318 	7547
f 6016 	7547 	6769
f 3548 	3299 	6768
f 3548 	6768 	6770
f 6771 	6772 	6773
f 6771 	6773 	6774
f 6023 	6016 	6769
f 6023 	6769 	6767
f 3293 	3281 	6771
f 3293 	6771 	6774
f 6775 	6804 	6779
f 6776 	6777 	6778
f 6776 	6778 	6780
f 6773 	6772 	3298
f 6773 	3298 	3297
f 6018 	6017 	6778
f 6018 	6778 	6777
f 6781 	6775 	6779
f 6781 	6779 	6782
f 3548 	6770 	6842
f 6774 	6773 	3297
f 6774 	3297 	3293
f 6776 	6780 	6022
f 6776 	6022 	6021
f 6585 	6596 	6653
f 6596 	6791 	6653
f 6649 	6653 	6790
f 3298 	6772 	6771
f 3298 	6771 	3281
f 6022 	6780 	6778
f 6022 	6778 	6017
f 6783 	6601 	6784
f 6841 	6768 	3299
f 5317 	6023 	6767
f 1189 	1193 	6784
f 6785 	1189 	6784
f 6783 	6784 	1193
f 6018 	6777 	6776
f 6018 	6776 	6021
f 6787 	6786 	3582
f 6787 	3582 	3581
f 6790 	6794 	6785
f 6794 	1200 	6785
f 3582 	6786 	3889
f 6789 	6790 	6791
f 6789 	6791 	6792
f 6790 	6653 	6791
f 6785 	6649 	6790
f 3584 	6920 	6793
f 5976 	6028 	6788
f 1189 	6785 	1200
f 1250 	1261 	6795
f 6795 	1246 	6794
f 6797 	6718 	6796
f 6801 	6826 	6792
f 6792 	6595 	6801
f 3703 	5171 	6595
f 6795 	6789 	6833
f 6833 	6789 	6825
f 1323 	1305 	6835
f 6781 	6782 	6811
f 6754 	6798 	6799
f 6801 	6595 	5171
f 3268 	3609 	6798
f 6803 	6710 	6802
f 6711 	6802 	6710
f 6754 	6799 	3613
f 6804 	6805 	6779
f 6807 	6812 	5171
f 6782 	6810 	6811
f 3272 	3612 	6808
f 6803 	6802 	1208
f 6809 	3616 	3276
f 6811 	6810 	6805
f 6811 	6805 	6804
f 6800 	6801 	5171
f 6799 	6798 	3609
f 6799 	3609 	3613
f 6642 	6719 	6834
f 6851 	6853 	6720
f 6721 	6720 	6853
f 6809 	6808 	3612
f 6809 	3612 	3616
f 6812 	6813 	5171
f 6813 	6800 	5171
f 1066 	6812 	6807
f 6816 	6818 	6819
f 6816 	6819 	6820
f 6817 	6822 	6836
f 6757 	6817 	6836
f 6806 	6807 	5171
f 6816 	6820 	3629
f 6816 	3629 	3628
f 6821 	6822 	6817
f 6821 	6817 	6824
f 6823 	6825 	6826
f 6823 	6826 	6827
f 6828 	6829 	6830
f 6828 	6830 	6831
f 6832 	6837 	6822
f 6789 	6792 	6826
f 6825 	6789 	6826
f 1250 	6795 	6833
f 6828 	6831 	3623
f 6828 	3623 	3622
f 6832 	6834 	6848
f 3626 	3624 	6830
f 3626 	6830 	6829
f 6835 	1075 	1323
f 3632 	3629 	6820
f 3632 	6820 	6819
f 6824 	6756 	6635
f 6604 	6635 	6756
f 6756 	6759 	6604
f 6635 	6639 	6824
f 6831 	6830 	3624
f 6831 	3624 	3623
f 6669 	6668 	4264
f 6669 	4264 	4260
f 3650 	3632 	6819
f 3650 	6819 	6818
f 6836 	6837 	1328
f 6839 	6363 	6838
f 6818 	6816 	3628
f 6818 	3628 	3650
f 6840 	1203 	1380
f 6829 	6828 	3622
f 6829 	3622 	3626
f 6839 	4293 	4265
f 4297 	4293 	6839
f 4297 	6839 	6838
f 6837 	6832 	6840
f 6836 	6822 	6837
f 6842 	3659 	3548
f 6843 	6844 	6846
f 6843 	6846 	6847
f 3659 	6842 	6841
f 3659 	6841 	3663
f 6845 	6848 	6834
f 3299 	3663 	6841
f 6843 	6847 	4296
f 6843 	4296 	4294
f 6849 	6852 	6861
f 4296 	6847 	6846
f 4296 	6846 	4302
f 6851 	6852 	6849
f 6851 	6849 	6853
f 4063 	3679 	6850
f 4304 	4302 	6846
f 4304 	6846 	6844
f 6852 	1606 	1649
f 1651 	1649 	1606
f 6793 	6850 	3679
f 6793 	3679 	3584
f 4297 	6838 	6363
f 6854 	6855 	6856
f 6854 	6856 	6857
f 6719 	6721 	6845
f 6845 	6834 	6719
f 6821 	6824 	6639
f 4304 	6844 	6843
f 4304 	6843 	4294
f 6854 	6857 	3684
f 6854 	3684 	3683
f 6797 	6032 	5977
f 6858 	1203 	6840
f 1153 	1380 	1203
f 6032 	6797 	6796
f 6032 	6796 	6036
f 6662 	6859 	4306
f 6860 	6861 	1166
f 6796 	6718 	6036
f 5980 	6036 	6718
f 4101 	4306 	6859
f 6751 	6750 	6862
f 6751 	6862 	6863
f 6860 	6858 	6848
f 6832 	6848 	6858
f 6840 	6832 	6858
f 6848 	6849 	6860
f 6861 	6860 	6849
f 1649 	6861 	6852
f 6751 	6863 	6037
f 6865 	6240 	6864
f 6037 	6863 	6862
f 6037 	6862 	6039
f 6892 	6219 	6866
f 4308 	4102 	6865
f 6862 	6750 	6039
f 6006 	6039 	6750
f 4308 	6865 	6864
f 4308 	6864 	4312
f 6868 	6869 	6761
f 6760 	6761 	6869
f 6760 	6869 	6042
f 6760 	6042 	6012
f 6219 	6228 	6870
f 6813 	6871 	6827
f 6800 	6813 	6827
f 6823 	6827 	6875
f 6835 	6823 	1075
f 1402 	1323 	1075
f 6042 	6869 	6868
f 6042 	6868 	6044
f 6871 	6872 	6874
f 6871 	6874 	6875
f 6873 	6867 	6870
f 6867 	6866 	6870
f 6219 	6870 	6866
f 6868 	6761 	6044
f 6013 	6044 	6761
f 6876 	6877 	6878
f 6876 	6878 	6879
f 6864 	6240 	4312
f 4104 	4312 	6240
f 6873 	6747 	6884
f 6867 	6873 	6884
f 6876 	6879 	6048
f 6876 	6048 	6046
f 6880 	6882 	6953
f 6952 	6953 	6882
f 6048 	6879 	6878
f 6048 	6878 	6055
f 3684 	6857 	6856
f 3684 	6856 	3780
f 6058 	6055 	6878
f 6058 	6878 	6877
f 3786 	3780 	6856
f 3786 	6856 	6855
f 6885 	6886 	6887
f 6885 	6887 	6888
f 6890 	6957 	6889
f 6891 	6883 	6884
f 6883 	6881 	6884
f 6885 	6888 	6057
f 6885 	6057 	6056
f 6890 	6889 	3784
f 6890 	3784 	3783
f 6057 	6888 	6887
f 6057 	6887 	6059
f 3784 	6889 	6957
f 6749 	6906 	6891
f 6061 	6059 	6887
f 6061 	6887 	6886
f 6855 	6854 	3683
f 6855 	3683 	3786
f 6877 	6876 	6046
f 6877 	6046 	6058
f 1071 	1072 	6893
f 6517 	6214 	6892
f 6894 	6895 	6896
f 6894 	6896 	6897
f 6886 	6885 	6056
f 6886 	6056 	6061
f 6894 	6897 	3796
f 6894 	3796 	3794
f 6893 	6867 	6898
f 6884 	6881 	6867
f 6898 	6867 	6881
f 3798 	3796 	6897
f 3798 	6897 	6896
f 1070 	1071 	6898
f 6901 	1070 	6898
f 3885 	3798 	6896
f 3885 	6896 	6895
f 6081 	6067 	6900
f 6081 	6900 	6899
f 6883 	6917 	6901
f 1070 	6901 	6917
f 3885 	6895 	6894
f 3885 	6894 	3794
f 6902 	6903 	6904
f 6902 	6904 	6905
f 6786 	6787 	6907
f 6786 	6907 	6908
f 6906 	6749 	6764
f 6077 	6076 	6902
f 6077 	6902 	6905
f 3889 	6786 	6908
f 6909 	6910 	6765
f 6078 	6077 	6905
f 6078 	6905 	6904
f 3897 	3889 	6908
f 3897 	6908 	6907
f 6903 	6902 	6076
f 6903 	6076 	6082
f 3581 	3897 	6907
f 3581 	6907 	6787
f 6078 	6904 	6903
f 6078 	6903 	6082
f 6913 	6911 	6906
f 6891 	6906 	6911
f 6883 	6891 	6911
f 6906 	6910 	6913
f 6912 	6913 	6910
f 6910 	6909 	6912
f 1289 	6912 	6909
f 1289 	6909 	1288
f 3972 	3940 	6915
f 3972 	6915 	6914
f 6917 	6883 	6911
f 3972 	6914 	4062
f 6086 	6940 	6916
f 6920 	6850 	6793
f 6919 	6913 	6918
f 6912 	6918 	6913
f 6086 	6916 	6127
f 6875 	6827 	6871
f 1075 	6823 	6875
f 3584 	3975 	6920
f 6091 	6090 	6921
f 6091 	6921 	6922
f 6923 	6924 	6925
f 6923 	6925 	6926
f 6872 	1067 	6874
f 6812 	1066 	6872
f 6091 	6922 	6126
f 3985 	3984 	6923
f 3985 	6923 	6926
f 1066 	1069 	1068
f 1066 	1068 	1067
f 6921 	6090 	6128
f 7056 	6927 	6928
f 6929 	6930 	6900
f 6899 	6900 	6930
f 6928 	6927 	3983
f 6928 	3983 	3981
f 6105 	6104 	6930
f 6105 	6930 	6929
f 6882 	6880 	4325
f 6882 	4325 	4324
f 3989 	3985 	6926
f 3989 	6926 	6925
f 6931 	6932 	6933
f 6931 	6933 	6934
f 6935 	6936 	6937
f 6935 	6937 	6938
f 7056 	6928 	3981
f 6101 	6100 	6933
f 6101 	6933 	6932
f 4044 	3989 	6925
f 4044 	6925 	6924
f 6935 	6938 	4317
f 6935 	4317 	4316
f 6931 	6934 	6103
f 6931 	6103 	6102
f 4044 	6924 	6923
f 4044 	6923 	3984
f 4323 	4321 	6937
f 4323 	6937 	6936
f 6067 	6105 	6929
f 6067 	6929 	6900
f 3983 	6927 	4426
f 6932 	6931 	6102
f 6932 	6102 	6101
f 4325 	6880 	6953
f 6104 	6081 	6930
f 6899 	6930 	6081
f 6938 	6937 	4321
f 6938 	4321 	4317
f 4047 	7059 	6939
f 6103 	6934 	6933
f 6103 	6933 	6100
f 6952 	6882 	4324
f 4047 	6939 	4099
f 6936 	6935 	4316
f 6936 	4316 	4323
f 6942 	6978 	6941
f 6086 	6118 	6940
f 4051 	4048 	6942
f 4051 	6942 	6941
f 2971 	4340 	2968
f 6943 	2968 	4340
f 6978 	4051 	6941
f 2974 	2975 	6947
f 6946 	6947 	2975
f 6948 	6949 	6915
f 6914 	6915 	6949
f 6946 	2975 	2978
f 6946 	2978 	4337
f 6948 	6915 	4060
f 3940 	4060 	6915
f 6914 	6949 	4062
f 2974 	6947 	4339
f 6945 	6944 	6121
f 6945 	6121 	6123
f 6850 	6920 	6950
f 6943 	4340 	4366
f 6950 	6920 	4063
f 3975 	4063 	6920
f 6947 	6946 	4337
f 6947 	4337 	4339
f 6949 	6948 	4060
f 6949 	4060 	4062
f 6916 	6951 	6127
f 6850 	6950 	4063
f 6922 	6921 	6954
f 6922 	6954 	6955
f 6953 	4344 	4325
f 6956 	6957 	6890
f 6922 	6955 	6126
f 3783 	4068 	6956
f 3783 	6956 	6890
f 4352 	4344 	6953
f 4352 	6953 	6952
f 6128 	6954 	6921
f 4071 	3784 	6957
f 6958 	6959 	6960
f 6958 	6960 	6961
f 6150 	6127 	6951
f 4071 	6957 	6956
f 4071 	6956 	4068
f 6955 	6954 	6128
f 6955 	6128 	6126
f 6958 	6961 	4351
f 6958 	4351 	4349
f 6962 	6963 	6964
f 6962 	6964 	6965
f 4076 	4074 	6962
f 4076 	6962 	6965
f 6966 	6967 	6968
f 6966 	6968 	6969
f 6918 	1284 	1327
f 1284 	1334 	1341
f 1327 	1186 	6918
f 4078 	4076 	6965
f 4078 	6965 	6964
f 6966 	6969 	6134
f 6966 	6134 	6133
f 4078 	6964 	6963
f 4078 	6963 	4088
f 6517 	1073 	6970
f 6137 	6134 	6969
f 6137 	6969 	6968
f 4088 	6963 	6962
f 4088 	6962 	4074
f 6971 	1072 	1071
f 6971 	1071 	6972
f 6973 	6939 	7059
f 6972 	1165 	6971
f 6976 	1165 	6972
f 6939 	6973 	4099
f 6975 	6974 	6136
f 6975 	6136 	6135
f 4351 	6961 	6960
f 4351 	6960 	4354
f 6917 	1179 	1070
f 6976 	1070 	1179
f 1180 	1215 	6976
f 6978 	6942 	6977
f 4048 	4100 	6977
f 4048 	6977 	6942
f 6146 	6137 	6968
f 6146 	6968 	6967
f 6978 	4103 	4051
f 4357 	4354 	6960
f 4357 	6960 	6959
f 6146 	6967 	6966
f 6146 	6966 	6133
f 4103 	6978 	6977
f 4103 	6977 	4100
f 4324 	4352 	6952
f 6979 	6951 	6940
f 6916 	6940 	6951
f 6959 	6958 	4349
f 6959 	4349 	4357
f 6951 	6979 	6150
f 6981 	6980 	4109
f 6981 	4109 	4107
f 6983 	2967 	6943
f 2968 	6943 	2967
f 6982 	6984 	6985
f 6982 	6985 	6986
f 6118 	6150 	6979
f 6118 	6979 	6940
f 4111 	4110 	6985
f 4111 	6985 	6984
f 2967 	6983 	4366
f 6987 	6988 	6945
f 6944 	6945 	6988
f 6982 	6986 	4114
f 6982 	4114 	4113
f 3007 	3009 	6990
f 6989 	6990 	3009
f 6944 	6988 	6151
f 6944 	6151 	6121
f 4109 	6980 	4516
f 6151 	6988 	6987
f 6151 	6987 	6152
f 4114 	6986 	6985
f 4114 	6985 	4110
f 6989 	3009 	3019
f 6989 	3019 	4367
f 6987 	6945 	6152
f 6123 	6152 	6945
f 3007 	6990 	3025
f 4370 	3025 	6990
f 6984 	6982 	4113
f 6984 	4113 	4111
f 6991 	6992 	6993
f 6991 	6993 	6994
f 4366 	6983 	6943
f 6996 	2292 	6995
f 6991 	6994 	6162
f 6991 	6162 	6161
f 6990 	6989 	4367
f 6990 	4367 	4370
f 6169 	6162 	6994
f 6169 	6994 	6993
f 7000 	2274 	6999
f 6173 	6169 	6993
f 6173 	6993 	6992
f 4397 	1895 	7000
f 4392 	4374 	6997
f 6173 	6992 	6991
f 6173 	6991 	6161
f 7001 	6665 	2278
f 7002 	7003 	6974
f 7002 	6974 	6975
f 4398 	7001 	2278
f 4375 	6998 	6997
f 4375 	6997 	4374
f 7002 	6975 	6178
f 6135 	6178 	6975
f 6999 	2274 	4400
f 1899 	4400 	2274
f 4402 	4399 	6996
f 4402 	6996 	6995
f 7005 	6302 	7004
f 6974 	7003 	6181
f 6974 	6181 	6136
f 7000 	6999 	4400
f 7000 	4400 	4397
f 6125 	5657 	5656
f 6125 	5656 	6431
f 7003 	7002 	6178
f 7003 	6178 	6181
f 7001 	4398 	3174
f 7006 	7007 	5202
f 4709 	5202 	7007
f 6408 	6409 	7008
f 6408 	7008 	7009
f 6408 	7009 	6129
f 6202 	4710 	4709
f 6202 	4709 	7007
f 4402 	6995 	2292
f 6130 	6129 	7009
f 6130 	7009 	7008
f 7011 	4713 	7010
f 7008 	6409 	6130
f 6119 	6130 	6409
f 7012 	7013 	7014
f 7012 	7014 	7015
f 6201 	4715 	7011
f 7020 	7016 	6413
f 7012 	7015 	4408
f 7012 	4408 	4407
f 6203 	7010 	4713
f 6413 	7016 	6132
f 7017 	7018 	6709
f 6708 	6709 	7018
f 6206 	6202 	7007
f 6206 	7007 	7006
f 6132 	7016 	6138
f 4410 	4409 	7018
f 4410 	7018 	7017
f 7011 	7010 	6203
f 7011 	6203 	6201
f 7019 	6431 	5670
f 6431 	5656 	5670
f 4413 	4408 	7015
f 4413 	7015 	7014
f 6431 	7019 	6140
f 6431 	6140 	6125
f 6708 	7018 	4409
f 7016 	7020 	7021
f 7006 	5202 	6206
f 5206 	6206 	5202
f 4422 	4413 	7014
f 4422 	7014 	7013
f 7016 	7021 	6138
f 7026 	5215 	7024
f 7022 	7023 	7025
f 7022 	7025 	7027
f 7027 	7025 	4417
f 7027 	4417 	4415
f 6138 	7021 	7020
f 6138 	7020 	6142
f 4418 	4417 	7025
f 4418 	7025 	7023
f 6209 	7026 	7024
f 6209 	7024 	6215
f 7019 	5670 	6140
f 5671 	6140 	5670
f 7022 	7027 	4415
f 7022 	4415 	4421
f 7028 	7029 	7030
f 7028 	7030 	7031
f 4422 	7013 	7012
f 4422 	7012 	4407
f 5219 	6215 	7024
f 5219 	7024 	5215
f 7028 	7031 	6147
f 7028 	6147 	6145
f 4410 	7017 	6709
f 4410 	6709 	3211
f 6147 	7031 	7030
f 6147 	7030 	6214
f 4418 	7023 	7022
f 4418 	7022 	4421
f 6219 	6214 	7030
f 6219 	7030 	7029
f 7032 	7033 	7034
f 7032 	7034 	7035
f 6219 	7029 	7028
f 6219 	7028 	6145
f 7032 	7035 	6227
f 7032 	6227 	6226
f 7037 	5673 	7036
f 7038 	7039 	7040
f 7038 	7040 	7041
f 7038 	7041 	6221
f 7038 	6221 	6220
f 6223 	7037 	7036
f 6223 	7036 	6228
f 6230 	6229 	7040
f 6230 	7040 	7039
f 5675 	6228 	7036
f 5675 	7036 	5673
f 7042 	7043 	7044
f 7042 	7044 	7045
f 7046 	7047 	7048
f 7046 	7048 	7050
f 7051 	7071 	7049
f 7042 	7045 	4430
f 7042 	4430 	4429
f 7051 	7049 	6436
f 7051 	6436 	6435
f 6225 	6224 	7048
f 6225 	7048 	7047
f 7046 	7050 	6232
f 7046 	6232 	6231
f 7052 	7053 	7054
f 7052 	7054 	7055
f 6927 	7056 	7057
f 6235 	6227 	7035
f 6235 	7035 	7034
f 7052 	7055 	6239
f 7052 	6239 	6237
f 4428 	4426 	7057
f 4428 	7057 	7056
f 6438 	6437 	7054
f 6438 	7054 	7053
f 7041 	7040 	6229
f 7041 	6229 	6221
f 4434 	4430 	7045
f 4434 	7045 	7044
f 6511 	6436 	7049
f 6511 	7049 	7071
f 7050 	7048 	6224
f 7050 	6224 	6232
f 7055 	7054 	6437
f 7055 	6437 	6239
f 6927 	7057 	4426
f 6236 	6235 	7034
f 6236 	7034 	7033
f 4435 	4434 	7044
f 4435 	7044 	7043
f 7033 	7032 	6226
f 7033 	6226 	6236
f 7053 	7052 	6237
f 7053 	6237 	6438
f 7043 	7042 	4429
f 7043 	4429 	4435
f 7039 	7038 	6220
f 7039 	6220 	6230
f 3981 	4428 	7056
f 7047 	7046 	6231
f 7047 	6231 	6225
f 2164 	6497 	2544
f 7058 	2544 	6497
f 2546 	2547 	7061
f 7060 	7061 	2547
f 2163 	6495 	2547
f 7060 	2547 	6495
f 7062 	7063 	7220
f 6496 	2546 	7061
f 7058 	6497 	6524
f 4534 	4439 	7220
f 7062 	7220 	4439
f 7061 	7060 	6495
f 7061 	6495 	6496
f 7064 	7065 	7066
f 7064 	7066 	7067
f 4376 	4131 	7005
f 6401 	7068 	7069
f 7064 	7067 	6509
f 7064 	6509 	6508
f 4379 	4376 	7005
f 4379 	7005 	7004
f 7071 	7051 	7070
f 6513 	6511 	7071
f 6513 	7071 	7070
f 7004 	6302 	4379
f 4137 	4379 	6302
f 6258 	5866 	6401
f 6258 	6401 	7069
f 6509 	7067 	7066
f 6509 	7066 	6514
f 7072 	7073 	7093
f 7075 	6383 	7074
f 6517 	6514 	7066
f 6517 	7066 	7065
f 4396 	4380 	7072
f 7065 	7064 	6508
f 7065 	6508 	6517
f 4383 	7093 	7073
f 6435 	6513 	7070
f 6435 	7070 	7051
f 7074 	6383 	6249
f 5859 	6249 	6383
f 4383 	7073 	7072
f 4383 	7072 	4380
f 7076 	2543 	7058
f 2544 	7058 	2543
f 6388 	7077 	7078
f 2543 	7076 	2166
f 6524 	2166 	7076
f 6248 	6388 	7078
f 5865 	6259 	7077
f 2170 	6525 	7081
f 4387 	7080 	7079
f 4387 	7079 	4389
f 4047 	4438 	7059
f 6528 	2172 	7082
f 7063 	7062 	4439
f 7063 	4439 	4441
f 4142 	4389 	7079
f 6524 	7076 	7058
f 7083 	7084 	7085
f 7083 	7085 	7086
f 7082 	7081 	6525
f 7082 	6525 	6528
f 7087 	7088 	6998
f 6997 	6998 	7088
f 7083 	7086 	4490
f 7083 	4490 	4488
f 6997 	7088 	4392
f 6538 	6537 	7089
f 6538 	7089 	7090
f 7091 	7236 	7092
f 4395 	4392 	7088
f 4395 	7088 	7087
f 4497 	4496 	7091
f 4497 	7091 	7092
f 7087 	6998 	4395
f 4375 	4395 	6998
f 4501 	4490 	7086
f 4501 	7086 	7085
f 7072 	7093 	7095
f 7072 	7095 	4396
f 6545 	6544 	7094
f 6545 	7094 	7096
f 4501 	7085 	7084
f 4501 	7084 	4507
f 4396 	7095 	7093
f 4396 	7093 	4401
f 7084 	7083 	4488
f 7084 	4488 	4507
f 6545 	7096 	6559
f 4383 	4401 	7093
f 4497 	7092 	7236
f 1659 	7098 	1658
f 6980 	6981 	7097
f 6980 	7097 	7099
f 4516 	6980 	7099
f 7089 	6537 	6594
f 7100 	7101 	7126
f 6264 	6258 	7069
f 6264 	7069 	7068
f 7100 	7126 	4406
f 7075 	7074 	6249
f 7075 	6249 	6245
f 7078 	7077 	6259
f 7078 	6259 	6248
f 4411 	1664 	7098
f 1658 	7098 	1664
f 6552 	7102 	6598
f 5867 	6264 	7068
f 7101 	7100 	4406
f 7101 	4406 	4412
f 3715 	1169 	3721
f 1177 	3721 	1169
f 7103 	7104 	7094
f 7096 	7094 	7104
f 7106 	7107 	7108
f 7106 	7108 	7109
f 7096 	7104 	6559
f 4419 	6339 	7105
f 7106 	7109 	6274
f 7106 	6274 	6273
f 6581 	6559 	7104
f 6581 	7104 	7103
f 6277 	6274 	7109
f 6277 	7109 	7108
f 7110 	7111 	7112
f 7110 	7112 	7113
f 7115 	6347 	7114
f 6298 	6277 	7108
f 6298 	7108 	7107
f 6814 	6815 	1081
f 6814 	1081 	1163
f 4416 	4198 	7115
f 7114 	6347 	4420
f 4202 	4420 	6347
f 7116 	7117 	7118
f 7116 	7118 	7119
f 4419 	7105 	1703
f 4804 	6632 	6631
f 4804 	6631 	4799
f 7119 	7118 	6281
f 7119 	6281 	6280
f 4416 	7115 	7114
f 4416 	7114 	4420
f 6286 	6281 	7118
f 6286 	7118 	7117
f 7120 	7098 	1659
f 7121 	7122 	7123
f 7121 	7123 	7124
f 7098 	7120 	4432
f 7098 	4432 	4411
f 7121 	7124 	6283
f 7121 	6283 	6282
f 7126 	7101 	7125
f 7127 	7128 	7129
f 7127 	7129 	7130
f 6283 	7124 	7123
f 6283 	7123 	6288
f 7126 	4427 	4406
f 4811 	4810 	7127
f 4811 	7127 	7130
f 6292 	6288 	7123
f 6292 	7123 	7122
f 4412 	4433 	7125
f 4412 	7125 	7101
f 4816 	4811 	7130
f 4816 	7130 	7129
f 7116 	7119 	6280
f 7116 	6280 	6295
f 4816 	7129 	7128
f 4816 	7128 	4818
f 4432 	7120 	1659
f 4432 	1659 	1661
f 7107 	7106 	6273
f 7107 	6273 	6298
f 7128 	7127 	4810
f 7128 	4810 	4818
f 4427 	7126 	7125
f 4427 	7125 	4433
f 7117 	7116 	6295
f 7117 	6295 	6286
f 7131 	7132 	7154
f 7152 	7154 	7132
f 7133 	7134 	7135
f 7133 	7135 	7136
f 7131 	7154 	4819
f 7122 	7121 	6282
f 7122 	6282 	6292
f 7133 	7136 	4437
f 7133 	4437 	4436
f 7152 	7132 	4822
f 7132 	7131 	4819
f 7132 	4819 	4822
f 3721 	1177 	1176
f 4521 	4516 	7099
f 4521 	7099 	7097
f 7138 	7139 	7140
f 7138 	7140 	7141
f 4853 	4832 	7170
f 7137 	7170 	4832
f 7138 	7141 	4520
f 7138 	4520 	4519
f 4440 	4437 	7136
f 4440 	7136 	7135
f 7144 	7145 	7146
f 7144 	7146 	7147
f 4448 	4440 	7135
f 4448 	7135 	7134
f 7144 	7147 	6306
f 7144 	6306 	6305
f 7148 	7149 	7150
f 7148 	7150 	7151
f 6311 	6306 	7147
f 6311 	7147 	7146
f 7143 	7142 	4827
f 7143 	4827 	4831
f 7148 	7151 	4446
f 7148 	4446 	4445
f 4446 	7151 	7150
f 4446 	7150 	4452
f 7154 	4835 	4819
f 7155 	7153 	6309
f 7155 	6309 	6307
f 4842 	4835 	7154
f 4842 	7154 	7152
f 4456 	4452 	7150
f 4456 	7150 	7149
f 6309 	7153 	6327
f 7156 	7157 	7158
f 7156 	7158 	7159
f 7134 	7133 	4436
f 7134 	4436 	4448
f 6313 	6311 	7146
f 6313 	7146 	7145
f 4838 	4837 	7158
f 4838 	7158 	7157
f 7149 	7148 	4445
f 7149 	4445 	4456
f 7156 	7159 	4840
f 7156 	4840 	4839
f 7155 	6307 	6340
f 4840 	7159 	7158
f 4840 	7158 	4837
f 3354 	3356 	7161
f 7160 	7161 	3356
f 7145 	7144 	6305
f 7145 	6305 	6313
f 4822 	4842 	7152
f 7160 	3356 	3361
f 7160 	3361 	4692
f 7157 	7156 	4839
f 7157 	4839 	4838
f 3369 	3370 	7165
f 7164 	7165 	3370
f 7164 	3370 	4686
f 7168 	7169 	7209
f 3369 	7165 	4690
f 7168 	7209 	4846
f 6322 	6319 	7163
f 6322 	7163 	7162
f 3354 	7161 	4697
f 7167 	6320 	6353
f 7166 	7137 	4847
f 4832 	4847 	7137
f 7161 	7160 	4692
f 7161 	4692 	4697
f 7169 	7168 	4846
f 7169 	4846 	4849
f 6322 	7162 	6372
f 7165 	7164 	4686
f 7165 	4686 	4690
f 7137 	7166 	7170
f 7153 	7155 	7171
f 7153 	7171 	7172
f 7173 	7174 	2081
f 2080 	2081 	7174
f 7153 	7172 	6327
f 7142 	7143 	7175
f 7142 	7175 	7176
f 7174 	7173 	4706
f 7174 	4706 	4705
f 6340 	6327 	7172
f 6340 	7172 	7171
f 7142 	7176 	4852
f 7142 	4852 	4827
f 7177 	7178 	7179
f 7177 	7179 	7181
f 7180 	7182 	7183
f 7180 	7183 	7184
f 7175 	7143 	4854
f 4831 	4854 	7143
f 7177 	7181 	4704
f 7177 	4704 	4703
f 7184 	7183 	6334
f 7184 	6334 	6332
f 4852 	7176 	7175
f 4852 	7175 	4854
f 4708 	4707 	7179
f 4708 	7179 	7178
f 6337 	6334 	7183
f 6337 	7183 	7182
f 2081 	2084 	7173
f 4706 	7173 	2084
f 7180 	7184 	6332
f 7180 	6332 	6341
f 7186 	7185 	4862
f 7186 	4862 	4861
f 4704 	7181 	7179
f 4704 	7179 	4707
f 6340 	7171 	7155
f 7187 	7188 	7189
f 7187 	7189 	7190
f 7187 	7190 	4860
f 7187 	4860 	4859
f 7182 	7180 	6341
f 7182 	6341 	6337
f 2080 	7174 	4705
f 4864 	4863 	7189
f 4864 	7189 	7188
f 6580 	6579 	7110
f 6580 	7110 	7113
f 7191 	7207 	7167
f 4862 	7185 	4873
f 4860 	7190 	7189
f 4860 	7189 	4863
f 6580 	7113 	7112
f 6580 	7112 	6582
f 6353 	7191 	7167
f 6583 	6582 	7112
f 6583 	7112 	7111
f 7188 	7187 	4859
f 7188 	4859 	4864
f 7103 	7094 	6581
f 6544 	6581 	7094
f 7166 	7194 	7170
f 4877 	4853 	7194
f 7170 	7194 	4853
f 7111 	7110 	6579
f 7111 	6579 	6583
f 7185 	7186 	7196
f 7195 	7196 	7186
f 6360 	6357 	7193
f 6360 	7193 	7192
f 7090 	7089 	7197
f 7090 	7197 	7198
f 7185 	7196 	4873
f 7090 	7198 	6587
f 7090 	6587 	6538
f 7195 	7186 	4876
f 4861 	4876 	7186
f 7199 	7200 	7163
f 7162 	7163 	7200
f 6587 	7198 	7197
f 6587 	7197 	6594
f 4873 	7196 	7195
f 4873 	7195 	4876
f 7200 	7199 	6373
f 7200 	6373 	6372
f 7194 	7166 	4877
f 4847 	4877 	7166
f 7199 	7163 	6373
f 6319 	6373 	7163
f 7203 	7204 	7205
f 7203 	7205 	7206
f 6593 	6592 	7201
f 6593 	7201 	7202
f 7203 	7206 	4879
f 7203 	4879 	4878
f 6593 	7202 	6600
f 4879 	7206 	7205
f 4879 	7205 	4880
f 7167 	7207 	6375
f 7167 	6375 	6320
f 4882 	4880 	7205
f 4882 	7205 	7204
f 4520 	7141 	7140
f 4520 	7140 	4526
f 4882 	7204 	7203
f 4882 	7203 	4878
f 4531 	4526 	7140
f 4531 	7140 	7139
f 6375 	7207 	6407
f 7209 	7169 	7208
f 7162 	7200 	6372
f 4107 	4521 	7097
f 4107 	7097 	6981
f 7209 	4884 	4846
f 7139 	7138 	4519
f 7139 	4519 	4531
f 4884 	7209 	7208
f 4884 	7208 	4886
f 7211 	7210 	6387
f 7211 	6387 	6386
f 7208 	7169 	4886
f 4849 	4886 	7169
f 6973 	7059 	7212
f 7213 	7214 	7215
f 7213 	7215 	7216
f 7217 	7218 	5973
f 5972 	5973 	7218
f 7212 	7059 	4535
f 4438 	4535 	7059
f 7213 	7216 	6381
f 7213 	6381 	6380
f 7220 	7063 	7219
f 1082 	1081 	6815
f 1082 	6815 	7221
f 1129 	1089 	7222
f 1129 	7222 	7223
f 6385 	6384 	7215
f 6385 	7215 	7214
f 7224 	7225 	1080
f 7224 	1080 	1078
f 7219 	7063 	4537
f 4441 	4537 	7063
f 1080 	7225 	7222
f 1080 	7222 	1089
f 6973 	7212 	4535
f 6973 	4535 	4099
f 1082 	7221 	7226
f 1082 	7226 	1132
f 7216 	7215 	6384
f 7216 	6384 	6381
f 1129 	7223 	7224
f 1129 	7224 	1078
f 7220 	7219 	4537
f 7220 	4537 	4534
f 6814 	1163 	1132
f 6814 	1132 	7226
f 7227 	7228 	7229
f 7227 	7229 	7230
f 1160 	1159 	7231
f 1160 	7231 	7232
f 7214 	7213 	6380
f 7214 	6380 	6385
f 4548 	4547 	7227
f 4548 	7227 	7230
f 1160 	7232 	6539
f 7233 	7234 	7211
f 7210 	7211 	7234
f 7231 	1159 	6540
f 7236 	7091 	7235
f 6392 	6387 	7234
f 7210 	7234 	6387
f 1171 	7237 	6563
f 7236 	7235 	4545
f 7236 	4545 	4544
f 1211 	7237 	1171
f 6400 	6392 	7234
f 6400 	7234 	7233
f 4548 	7230 	7229
f 4548 	7229 	4551
f 1209 	1208 	7238
f 1209 	7238 	7239
f 7240 	7241 	7242
f 7240 	7242 	7243
f 6711 	1209 	7239
f 7236 	4544 	4497
f 6703 	7244 	1211
f 6397 	6395 	7242
f 6397 	7242 	7241
f 4551 	7229 	7228
f 4551 	7228 	4557
f 1211 	7244 	7237
f 7240 	7243 	6399
f 7240 	6399 	6398
f 7228 	7227 	4547
f 7228 	4547 	4557
f 6802 	7238 	1208
f 6399 	7243 	7242
f 6399 	7242 	6395
f 1268 	1267 	1285
f 1268 	1285 	1283
f 4496 	4545 	7235
f 4496 	7235 	7091
f 6386 	6400 	7233
f 6386 	7233 	7211
f 4890 	5972 	7218
f 1282 	1279 	1226
f 1343 	1279 	1326
f 6397 	7241 	7240
f 6397 	7240 	6398
f 5974 	5975 	7245
f 5974 	7245 	7246
f 7247 	7207 	7191
f 4887 	5974 	7246
f 7245 	5975 	4891
f 4371 	4891 	5975
f 7207 	7247 	6407
f 4893 	4890 	7218
f 4893 	7218 	7217
f 7247 	7191 	6407
f 6353 	6407 	7191
f 1292 	1291 	1368
f 7246 	7245 	4891
f 7246 	4891 	4887
f 1312 	1311 	4862
f 7248 	7249 	7193
f 7192 	7193 	7249
f 1252 	1311 	1310
f 1252 	1310 	1286
f 7217 	5973 	4893
f 4373 	4893 	5973
f 7249 	7248 	6411
f 7249 	6411 	6410
f 1313 	1312 	1299
f 1313 	1299 	1303
f 7248 	7193 	6411
f 6357 	6411 	7193
f 4860 	4863 	1252
f 1252 	1226 	4860
f 7192 	7249 	6410
f 7192 	6410 	6360
f 4895 	4477 	7251
f 7252 	7253 	7254
f 7252 	7254 	7255
f 4895 	7251 	7250
f 4895 	7250 	4897
f 7178 	7177 	4703
f 7178 	4703 	4708
f 7252 	7255 	6418
f 7252 	6418 	6417
f 3399 	3400 	7257
f 7256 	7257 	3400
f 4479 	4897 	7250
f 6420 	6418 	7255
f 6420 	7255 	7254
f 7256 	3400 	4714
f 6109 	6419 	7374
f 6109 	7374 	7258
f 6426 	6420 	7254
f 6426 	7254 	7253
f 4902 	6109 	7258
f 3399 	7257 	4719
f 7259 	7260 	7261
f 7259 	7261 	7262
f 4902 	7258 	7374
f 7259 	7262 	6424
f 7259 	6424 	6423
f 6424 	7262 	7261
f 6424 	7261 	6428
f 3426 	4720 	7263
f 7264 	7265 	7266
f 7264 	7266 	7267
f 6430 	6428 	7261
f 6430 	7261 	7260
f 7257 	7256 	4714
f 7257 	4714 	4719
f 7264 	7267 	4907
f 7264 	4907 	4906
f 7253 	7252 	6417
f 7253 	6417 	6426
f 4909 	4907 	7267
f 4909 	7267 	7266
f 2120 	7263 	4720
f 2120 	4720 	2121
f 4912 	4909 	7266
f 4912 	7266 	7265
f 7260 	7259 	6423
f 7260 	6423 	6430
f 7270 	7292 	7269
f 3881 	4723 	7268
f 4912 	7265 	7264
f 4912 	7264 	4906
f 7271 	7272 	7273
f 7271 	7273 	7274
f 7275 	7276 	7298
f 7275 	7298 	7299
f 7271 	7274 	4915
f 7271 	4915 	4914
f 7290 	7268 	4723
f 4917 	4915 	7274
f 4917 	7274 	7273
f 6434 	7298 	7276
f 4918 	4917 	7273
f 4918 	7273 	7272
f 6463 	6441 	7299
f 7275 	7299 	6441
f 7272 	7271 	4914
f 7272 	4914 	4918
f 6448 	6440 	7270
f 6448 	7270 	7269
f 7276 	7275 	6441
f 7276 	6441 	6434
f 7292 	6458 	7269
f 6448 	7269 	6458
f 7279 	7278 	4922
f 7279 	4922 	4921
f 7320 	4763 	7277
f 4725 	7277 	4763
f 1300 	1294 	1293
f 1300 	1293 	1304
f 7281 	7283 	7286
f 7281 	7286 	7287
f 1309 	1308 	1317
f 1309 	1317 	1314
f 4729 	4727 	7284
f 4729 	7284 	7285
f 7281 	7287 	6450
f 7281 	6450 	6449
f 1325 	1330 	1345
f 1342 	1325 	1345
f 1353 	1352 	1349
f 1353 	1349 	1356
f 6452 	6451 	7288
f 6452 	7288 	7289
f 1366 	1365 	1379
f 1366 	1379 	1373
f 6453 	6450 	7287
f 6453 	7287 	7286
f 5171 	1287 	1724
f 1393 	1388 	1386
f 1393 	1386 	1398
f 6456 	6453 	7286
f 6456 	7286 	7283
f 1432 	1431 	1437
f 1432 	1437 	1436
f 7283 	7281 	6449
f 7283 	6449 	6456
f 5722 	7268 	7290
f 6562 	6452 	7289
f 4737 	5722 	7290
f 7292 	7270 	7291
f 1466 	1528 	1478
f 7292 	7291 	6459
f 7292 	6459 	6458
f 1615 	1468 	1477
f 1490 	1457 	1462
f 1490 	1462 	1496
f 1459 	1458 	1367
f 4738 	7293 	5730
f 1498 	1501 	1560
f 4723 	4737 	7290
f 1529 	1528 	1466
f 7300 	7293 	4738
f 1567 	1539 	1538
f 1326 	1279 	1310
f 1286 	1310 	1279
f 1310 	1313 	1326
f 1313 	1303 	1326
f 1555 	1498 	1560
f 7285 	7284 	7294
f 7285 	7294 	7295
f 1282 	1286 	1279
f 1571 	1567 	1538
f 1348 	1347 	1343
f 1348 	1343 	1346
f 7285 	7295 	4740
f 7285 	4740 	4729
f 1347 	1279 	1343
f 1354 	1279 	1347
f 3717 	1226 	1279
f 4740 	7295 	7294
f 4740 	7294 	4745
f 1357 	1279 	1354
f 1468 	1615 	1613
f 1621 	1620 	1635
f 7291 	7270 	6459
f 6440 	6459 	7270
f 4742 	4741 	7296
f 4742 	7296 	7297
f 1635 	1630 	1621
f 6434 	6462 	7298
f 4727 	4745 	7294
f 4727 	7294 	7284
f 1653 	1657 	1422
f 1427 	1422 	1657
f 1693 	1688 	1687
f 1693 	1687 	1696
f 6463 	7299 	7298
f 6463 	7298 	6462
f 5731 	5730 	7300
f 1704 	1702 	1896
f 1713 	1712 	1723
f 1713 	1723 	1722
f 7301 	7302 	7303
f 7301 	7303 	7304
f 1765 	1764 	1821
f 4738 	4758 	7300
f 6469 	6468 	7301
f 6469 	7301 	7304
f 7305 	7306 	7296
f 7297 	7296 	7306
f 6470 	6469 	7304
f 6470 	7304 	7303
f 6470 	7303 	7302
f 6470 	7302 	6480
f 7297 	7306 	4759
f 7297 	4759 	4742
f 1771 	1789 	1448
f 1578 	1448 	1789
f 7307 	7308 	7309
f 7307 	7309 	7310
f 6594 	7197 	7089
f 1793 	1795 	1602
f 1644 	1602 	1795
f 7307 	7310 	6474
f 7307 	6474 	6473
f 1821 	1803 	1765
f 6477 	6476 	7309
f 6477 	7309 	7308
f 1346 	1499 	1348
f 1279 	1357 	1557
f 1557 	1558 	1279
f 1827 	1833 	1878
f 1367 	1292 	1368
f 7308 	7307 	6473
f 7308 	6473 	6477
f 1480 	1459 	1372
f 1367 	1372 	1459
f 7302 	7301 	6468
f 7302 	6468 	6480
f 1391 	1390 	1372
f 1391 	1372 	1378
f 7310 	7309 	6476
f 7310 	6476 	6474
f 1878 	1871 	1827
f 1390 	1480 	1372
f 1704 	1896 	1888
f 1898 	1897 	1909
f 1898 	1909 	1905
f 1397 	1433 	1394
f 1433 	1470 	1394
f 7289 	7288 	7311
f 7289 	7311 	7312
f 1980 	1950 	1949
f 1980 	1949 	1986
f 1954 	1953 	1976
f 1954 	1976 	1974
f 1291 	1299 	4879
f 4873 	4879 	1299
f 6451 	6558 	7311
f 6451 	7311 	7288
f 1781 	1997 	2041
f 7289 	7312 	6562
f 4880 	5069 	1368
f 6562 	7312 	7311
f 6562 	7311 	6558
f 2008 	2016 	2155
f 1433 	1397 	1429
f 2020 	2029 	2047
f 7313 	7314 	7315
f 7313 	7315 	7316
f 1424 	1438 	1420
f 1438 	1430 	1420
f 5069 	5072 	1378
f 1843 	1781 	2041
f 6566 	6564 	7313
f 6566 	7313 	7316
f 2043 	2020 	2047
f 6566 	7316 	7315
f 6566 	7315 	6571
f 2062 	2061 	1862
f 1868 	1862 	2061
f 6571 	7315 	7314
f 6571 	7314 	6574
f 1768 	1447 	1424
f 2065 	2064 	2113
f 2065 	2113 	2112
f 7314 	7313 	6564
f 7314 	6564 	6574
f 1346 	1329 	1458
f 2005 	2125 	2131
f 2005 	2131 	2018
f 2141 	2140 	2196
f 7317 	7326 	2905
f 1447 	1596 	1471
f 1617 	1471 	1596
f 7317 	2905 	6584
f 2907 	6584 	2905
f 2155 	2154 	2008
f 2176 	2152 	2177
f 2148 	2177 	2152
f 2196 	2190 	2141
f 7326 	7317 	6584
f 2209 	2207 	2232
f 2209 	2232 	2214
f 1438 	1447 	1471
f 1470 	1433 	1471
f 1463 	1394 	1470
f 1292 	1367 	1458
f 1458 	1329 	1292
f 1303 	1292 	1329
f 1329 	1326 	1303
f 1480 	1390 	1463
f 1394 	1463 	1390
f 1438 	1471 	1433
f 2241 	2240 	2266
f 2241 	2266 	2247
f 1458 	1487 	1346
f 7332 	7319 	7330
f 7318 	7330 	7319
f 2259 	2254 	2253
f 2259 	2253 	2264
f 6586 	6585 	7318
f 6586 	7318 	7319
f 2271 	2335 	2379
f 1493 	1500 	1487
f 1500 	1499 	1487
f 1346 	1487 	1499
f 1480 	1493 	1459
f 4759 	7306 	7305
f 4759 	7305 	4760
f 6586 	7319 	7332
f 1531 	1530 	1536
f 1531 	1536 	1535
f 7305 	7296 	4760
f 4741 	4760 	7296
f 1463 	1470 	1530
f 1470 	1611 	1530
f 7330 	7318 	6585
f 1535 	1493 	1531
f 1493 	1480 	1531
f 7351 	7322 	7350
f 7321 	7350 	7322
f 1357 	1348 	1499
f 1557 	1357 	1499
f 4763 	7320 	7340
f 4763 	7340 	4980
f 6596 	6595 	7321
f 6596 	7321 	7322
f 7324 	7343 	7323
f 1558 	1500 	1568
f 1493 	1535 	1500
f 1568 	1500 	1535
f 4764 	7324 	7323
f 4764 	7323 	4948
f 1558 	1568 	1279
f 4948 	7323 	7343
f 7351 	6596 	7322
f 1536 	1631 	1572
f 1572 	1279 	1568
f 7350 	7321 	6595
f 7325 	7340 	7277
f 7325 	7277 	4955
f 4725 	4955 	7277
f 1536 	1530 	1611
f 1619 	1618 	1611
f 1619 	1611 	1617
f 3060 	2905 	7326
f 7340 	7325 	4955
f 1536 	1611 	1618
f 6599 	3062 	3060
f 6599 	3060 	7326
f 7327 	7348 	7349
f 7327 	7349 	7328
f 1636 	1619 	1598
f 1645 	1636 	1598
f 1596 	1598 	1619
f 1596 	1619 	1617
f 4957 	4956 	7327
f 4957 	7327 	7328
f 1618 	1631 	1536
f 6601 	7329 	3110
f 4957 	7328 	7349
f 6584 	6599 	7326
f 7348 	7327 	4956
f 1631 	1636 	1279
f 1572 	1631 	1279
f 1636 	1645 	1279
f 4966 	4965 	7331
f 4966 	7331 	7333
f 1655 	1694 	1768
f 7332 	6638 	6586
f 6638 	7332 	7330
f 6638 	7330 	6653
f 4966 	7333 	5000
f 1694 	1655 	1692
f 1655 	1652 	1692
f 1652 	1420 	5190
f 5188 	5190 	1420
f 6652 	6649 	7334
f 6652 	7334 	7335
f 1662 	1762 	1694
f 7368 	7337 	7336
f 6652 	7335 	6784
f 1714 	1662 	1660
f 4976 	4975 	7336
f 4976 	7336 	7337
f 1707 	1706 	1721
f 1707 	1721 	1720
f 6585 	6653 	7330
f 7368 	5012 	7337
f 4976 	7337 	5012
f 1996 	1778 	1706
f 7338 	7339 	7334
f 7335 	7334 	7339
f 1660 	5264 	1715
f 1715 	1714 	1660
f 5264 	5314 	1715
f 1707 	1720 	5318
f 7335 	7339 	6784
f 1714 	1763 	1762
f 1768 	1694 	1762
f 7320 	7277 	7340
f 3195 	3110 	7329
f 3195 	7329 	7341
f 1714 	1762 	1662
f 1438 	1424 	1447
f 1424 	1655 	1768
f 7341 	7329 	6783
f 6601 	6783 	7329
f 7342 	7343 	7324
f 1721 	1706 	1778
f 6785 	6784 	7339
f 6785 	7339 	7338
f 4764 	4981 	7342
f 4764 	7342 	7324
f 1823 	1763 	1778
f 1714 	1721 	1763
f 3195 	7341 	6783
f 3195 	6783 	3196
f 4983 	4948 	7343
f 1792 	1598 	1596
f 1792 	1596 	1786
f 7338 	7334 	6785
f 6649 	6785 	7334
f 4955 	4980 	7340
f 1645 	1794 	1279
f 4983 	7343 	7342
f 4983 	7342 	4981
f 7344 	7345 	7346
f 7344 	7346 	7347
f 1768 	1799 	1786
f 1786 	1829 	1792
f 1794 	1873 	1279
f 1873 	1877 	1279
f 6790 	6789 	7344
f 6790 	7344 	7347
f 1762 	1799 	1768
f 7349 	4986 	4957
f 4986 	7349 	7348
f 4986 	7348 	4990
f 7351 	7350 	6792
f 7351 	6792 	6791
f 1823 	1832 	1799
f 1832 	1829 	1799
f 1829 	1786 	1799
f 7352 	7353 	7354
f 7352 	7354 	7355
f 6790 	7347 	7346
f 6790 	7346 	6794
f 1778 	1840 	1823
f 4988 	4987 	7352
f 4988 	7352 	7355
f 4988 	7355 	7354
f 4988 	7354 	4992
f 7351 	6791 	6596
f 1859 	1840 	2039
f 4992 	7354 	7353
f 4992 	7353 	4995
f 6794 	7346 	7345
f 6794 	7345 	6795
f 1877 	1832 	1859
f 1840 	1859 	1832
f 1840 	1832 	1823
f 4956 	4990 	7348
f 7345 	7344 	6789
f 7345 	6789 	6795
f 1794 	1792 	1829
f 1873 	1794 	1829
f 7353 	7352 	4987
f 7353 	4987 	4995
f 1859 	1869 	1877
f 6595 	6792 	7350
f 1869 	2060 	1279
f 5005 	5003 	7356
f 5005 	7356 	7357
f 1877 	1869 	1279
f 2060 	2067 	1279
f 7280 	7282 	7358
f 7280 	7358 	7359
f 4924 	4923 	7358
f 4924 	7358 	7282
f 7360 	7474 	7361
f 7280 	7359 	4927
f 7280 	4927 	4926
f 6801 	6800 	7360
f 6801 	7360 	7361
f 7333 	7331 	7363
f 7333 	7363 	7364
f 1904 	1983 	1900
f 4927 	7359 	7358
f 4927 	7358 	4923
f 7364 	7363 	5001
f 7364 	5001 	5000
f 1892 	1912 	1887
f 1912 	1901 	1887
f 2028 	2025 	1901
f 1900 	2028 	1901
f 5005 	7357 	5020
f 5318 	6016 	1892
f 1707 	5318 	1892
f 7282 	7280 	4926
f 7282 	4926 	4924
f 7333 	7364 	5000
f 1956 	1955 	1948
f 1956 	1948 	1946
f 7363 	7331 	5001
f 4965 	5001 	7331
f 6022 	6017 	1904
f 1978 	1904 	6017
f 5015 	5014 	7365
f 5015 	7365 	7366
f 1983 	1904 	1978
f 6016 	6022 	1912
f 7368 	7336 	7367
f 2324 	2015 	2213
f 7368 	7367 	5013
f 7368 	5013 	5012
f 5015 	7366 	5027
f 1955 	1973 	2015
f 4944 	4762 	7369
f 7365 	5014 	5029
f 7371 	6461 	7370
f 2019 	2129 	2028
f 4975 	5013 	7367
f 4975 	7367 	7336
f 7357 	7356 	7372
f 7357 	7372 	7373
f 1955 	2015 	2010
f 2003 	1948 	2010
f 1900 	1983 	2019
f 1887 	1901 	2025
f 2025 	1996 	1887
f 1706 	1887 	1996
f 1778 	1763 	1721
f 2028 	1900 	2019
f 2003 	2019 	1983
f 1983 	1948 	2003
f 1955 	2010 	1948
f 7357 	7373 	5020
f 2025 	2042 	2039
f 2025 	2039 	1996
f 5020 	7373 	7372
f 5020 	7372 	5025
f 4636 	4936 	7374
f 2045 	2028 	2129
f 7372 	7356 	5025
f 5003 	5025 	7356
f 2068 	2067 	2060
f 2068 	2060 	2059
f 7376 	6427 	7375
f 7366 	7365 	7377
f 7366 	7377 	7378
f 7366 	7378 	5027
f 5027 	7378 	7377
f 5027 	7377 	5029
f 7375 	6427 	4942
f 4642 	4942 	6427
f 2039 	2042 	2068
f 2059 	2039 	2068
f 1859 	2039 	2059
f 2110 	2068 	2042
f 2110 	2042 	2045
f 2110 	2045 	2129
f 5029 	7377 	7365
f 7370 	6461 	4945
f 4761 	4945 	6461
f 2067 	2111 	1279
f 2111 	2192 	1279
f 1724 	1734 	5171
f 2980 	5171 	1734
f 7379 	7380 	6326
f 6325 	6326 	7380
f 7371 	7370 	4945
f 7371 	4945 	4941
f 2139 	2134 	2129
f 2139 	2129 	2124
f 5039 	6325 	7380
f 7374 	4936 	4902
f 5045 	5039 	7380
f 5045 	7380 	7379
f 2129 	2134 	2110
f 7376 	7375 	4942
f 7376 	4942 	4935
f 7381 	7382 	7383
f 7381 	7383 	7384
f 2003 	2157 	2124
f 2139 	2124 	2150
f 7381 	7384 	5044
f 7381 	5044 	5043
f 5044 	7384 	7383
f 5044 	7383 	5050
f 7385 	7386 	7279
f 7278 	7279 	7386
f 2157 	2156 	2146
f 2157 	2146 	2150
f 5052 	5050 	7383
f 5052 	7383 	7382
f 4964 	4922 	7278
f 4964 	7278 	7386
f 7379 	6326 	5045
f 4188 	5045 	6326
f 2015 	2324 	2156
f 4971 	4964 	7386
f 4971 	7386 	7385
f 7382 	7381 	5043
f 7382 	5043 	5052
f 2197 	2139 	2150
f 2150 	2124 	2157
f 2010 	2157 	2003
f 7387 	7388 	7389
f 7387 	7389 	7390
f 7105 	1088 	1700
f 7387 	7390 	4968
f 7387 	4968 	4967
f 1087 	1703 	1700
f 1087 	1700 	1088
f 2146 	2346 	2178
f 4968 	7390 	7389
f 4968 	7389 	4974
f 1727 	1729 	1135
f 1138 	1135 	1729
f 2111 	2110 	2192
f 2134 	2192 	2110
f 4977 	4974 	7389
f 4977 	7389 	7388
f 1138 	1729 	1139
f 2197 	2179 	1279
f 7385 	7279 	4971
f 4921 	4971 	7279
f 1727 	1135 	1739
f 1140 	1739 	1135
f 2150 	2179 	2197
f 7388 	7387 	4967
f 7388 	4967 	4977
f 2179 	2178 	1279
f 1359 	1279 	2178
f 2192 	2197 	1279
f 7391 	7392 	7393
f 7391 	7393 	7394
f 2315 	2313 	2342
f 2213 	1973 	2204
f 1973 	1957 	2204
f 4979 	4978 	7391
f 4979 	7391 	7394
f 2357 	2389 	2338
f 2216 	2324 	2213
f 2236 	6161 	2238
f 2379 	2371 	2271
f 4979 	7394 	7393
f 4979 	7393 	4982
f 2252 	2251 	2236
f 2252 	2236 	2246
f 2342 	2313 	2376
f 2389 	2347 	2338
f 6136 	6181 	2251
f 4982 	7393 	7392
f 4982 	7392 	4999
f 2360 	2392 	2393
f 2360 	2393 	2361
f 2261 	2216 	2256
f 2216 	2205 	2256
f 2205 	6136 	2256
f 2204 	6134 	2205
f 2398 	2397 	2501
f 2398 	2501 	2491
f 7392 	7391 	4978
f 7392 	4978 	4999
f 2267 	2333 	2246
f 2252 	2246 	2311
f 2433 	2432 	2443
f 2433 	2443 	2442
f 7395 	7396 	6490
f 6489 	6490 	7396
f 2512 	2505 	2504
f 2512 	2504 	2515
f 2434 	2540 	2267
f 6381 	2435 	2238
f 2267 	2238 	2434
f 5907 	5006 	6490
f 7395 	6490 	5006
f 2527 	2539 	2705
f 5007 	6489 	7396
f 5007 	7396 	7395
f 5007 	7395 	5006
f 2312 	2324 	2261
f 2216 	2261 	2324
f 1973 	2213 	2015
f 2261 	2252 	2312
f 2311 	2312 	2252
f 2333 	2311 	2246
f 1176 	3722 	3721
f 2337 	2344 	2375
f 6624 	6598 	7397
f 2346 	2146 	2337
f 2344 	2337 	2146
f 2146 	2156 	2344
f 2324 	2344 	2156
f 6597 	7362 	6604
f 7102 	7397 	6598
f 2178 	2346 	1359
f 2388 	1359 	2346
f 1176 	1174 	3717
f 1176 	3717 	3722
f 7399 	7400 	7401
f 7399 	7401 	7402
f 7362 	7398 	6604
f 7399 	7402 	5017
f 7399 	5017 	5016
f 7403 	7404 	7201
f 7202 	7201 	7404
f 2311 	2369 	2375
f 2311 	2375 	2312
f 7202 	7404 	6600
f 5018 	5017 	7402
f 5018 	7402 	7401
f 2380 	2359 	2369
f 2359 	2362 	2369
f 2375 	2369 	2362
f 2375 	2362 	2354
f 2375 	2354 	2337
f 7403 	7201 	6605
f 6592 	6605 	7201
f 5019 	5018 	7401
f 5019 	7401 	7400
f 6604 	7398 	6635
f 2333 	2558 	2380
f 5019 	7400 	7399
f 5019 	7399 	5016
f 6600 	7404 	7403
f 6600 	7403 	6605
f 7405 	7406 	7407
f 7405 	7407 	7408
f 2362 	2394 	2388
f 2362 	2388 	2354
f 7405 	7408 	5022
f 7405 	5022 	5021
f 7409 	3750 	7508
f 5026 	5022 	7408
f 5026 	7408 	7407
f 2391 	1359 	2394
f 2388 	2394 	1359
f 2980 	2979 	3750
f 2980 	3750 	7409
f 5028 	5026 	7407
f 5028 	7407 	7406
f 7409 	5171 	2980
f 7406 	7405 	5021
f 7406 	5021 	5028
f 7410 	7435 	7436
f 7410 	7436 	7411
f 2400 	2399 	2441
f 2400 	2441 	2440
f 6607 	6606 	7410
f 6607 	7410 	7411
f 7413 	7438 	7412
f 6607 	7411 	7436
f 7414 	7415 	7441
f 7434 	7397 	7416
f 7474 	7360 	6800
f 7416 	7102 	6611
f 6552 	6611 	7102
f 5030 	7441 	7415
f 5063 	5036 	7414
f 2399 	2536 	2441
f 2446 	2532 	2399
f 5046 	5035 	7413
f 5046 	7413 	7412
f 7434 	7416 	6611
f 2509 	2507 	2446
f 2509 	2446 	2496
f 7508 	1064 	7409
f 7415 	7414 	5036
f 7415 	5036 	5030
f 7435 	7410 	6606
f 5046 	7412 	7438
f 5046 	7438 	5065
f 2514 	2723 	2513
f 7417 	7491 	7421
f 7419 	7460 	7418
f 6807 	6806 	7417
f 6807 	7417 	7421
f 6618 	6617 	7420
f 6618 	7420 	7422
f 6618 	7422 	6654
f 6807 	7421 	1066
f 7485 	7425 	7424
f 7420 	6617 	6657
f 6813 	6812 	7424
f 6813 	7424 	7425
f 1594 	7458 	1593
f 5060 	5054 	7419
f 5060 	7419 	7418
f 6623 	1569 	1593
f 6623 	1593 	7426
f 7485 	6813 	7425
f 7427 	7428 	7429
f 7427 	7429 	7430
f 5058 	5057 	7430
f 5058 	7430 	7429
f 7486 	7487 	7431
f 7486 	7431 	7432
f 7432 	7431 	5056
f 7432 	5056 	5055
f 7433 	7362 	6625
f 6597 	6625 	7362
f 5059 	5058 	7429
f 5059 	7429 	7428
f 6806 	1069 	7417
f 7491 	7417 	1069
f 7102 	7416 	7397
f 7486 	7432 	5055
f 6624 	7397 	7434
f 6384 	6387 	2400
f 2400 	2440 	6384
f 6381 	6384 	2440
f 2435 	6381 	2440
f 2434 	2238 	2435
f 2496 	2400 	6387
f 2509 	6395 	2514
f 7427 	7430 	5057
f 7427 	5057 	5061
f 6611 	6624 	7434
f 7487 	5056 	7431
f 5060 	7418 	7460
f 7436 	6626 	6607
f 7428 	7427 	5061
f 7428 	5061 	5059
f 6626 	7436 	7435
f 6626 	7435 	6629
f 2529 	2507 	2537
f 2532 	2446 	2529
f 2536 	2399 	2532
f 2523 	2441 	2536
f 2540 	2434 	2523
f 2446 	2507 	2529
f 2513 	2537 	2507
f 7438 	7413 	7437
f 2558 	2333 	2540
f 2333 	2267 	2540
f 2441 	2523 	2434
f 7437 	7413 	5064
f 5035 	5064 	7413
f 6628 	6627 	7439
f 6628 	7439 	7440
f 2558 	2557 	2549
f 2558 	2549 	2548
f 7414 	7441 	7442
f 2587 	2391 	2548
f 2558 	2548 	2359
f 2359 	2380 	2558
f 6606 	6629 	7435
f 5030 	5062 	7441
f 2566 	2570 	2700
f 7414 	7442 	5063
f 7398 	7362 	7433
f 7398 	7433 	7443
f 2590 	2549 	2566
f 2570 	2566 	2549
f 2549 	2557 	2570
f 2536 	2570 	2557
f 2536 	2557 	2523
f 6635 	7398 	7443
f 2359 	2548 	2391
f 7438 	7437 	5064
f 7438 	5064 	5065
f 7443 	7433 	6635
f 6625 	6635 	7433
f 2590 	1359 	2587
f 2391 	2587 	1359
f 7442 	7441 	5062
f 7442 	5062 	5063
f 7440 	7439 	7444
f 7440 	7444 	7445
f 7440 	7445 	6639
f 7440 	6639 	6628
f 7446 	7447 	7448
f 7446 	7448 	7449
f 2566 	2604 	2590
f 6639 	7445 	7444
f 6639 	7444 	6642
f 7446 	7449 	5071
f 7446 	5071 	5070
f 2590 	2604 	1359
f 2604 	2611 	1359
f 7444 	7439 	6642
f 6627 	6642 	7439
f 2685 	1359 	2611
f 7450 	7451 	7452
f 7450 	7452 	7453
f 7422 	7420 	7454
f 7422 	7454 	7455
f 7422 	7455 	6654
f 7450 	7453 	5069
f 7450 	5069 	5068
f 2686 	2685 	2611
f 2686 	2611 	2651
f 6654 	7455 	7454
f 6654 	7454 	6657
f 5073 	5072 	7452
f 5073 	7452 	7451
f 1359 	2685 	2673
f 2672 	2820 	2673
f 7456 	7465 	7457
f 5078 	5071 	7449
f 5078 	7449 	7448
f 2529 	2695 	2700
f 2529 	2700 	2532
f 6656 	6655 	7456
f 6656 	7456 	7457
f 7453 	7452 	5072
f 7453 	5072 	5069
f 2706 	2672 	2695
f 2672 	2686 	2695
f 2700 	2695 	2686
f 2700 	2686 	2651
f 2700 	2651 	2566
f 7465 	6656 	7457
f 5176 	5078 	7448
f 5176 	7448 	7447
f 6657 	7454 	7420
f 2706 	2821 	2672
f 2537 	2843 	2706
f 2821 	2706 	2843
f 7447 	7446 	5070
f 7447 	5070 	5176
f 2711 	6476 	2712
f 7451 	7450 	5068
f 7451 	5068 	5073
f 7426 	1593 	7458
f 2723 	2514 	2711
f 7460 	7419 	7459
f 7426 	7458 	6663
f 7426 	6663 	6623
f 5054 	5178 	7459
f 5054 	7459 	7419
f 6663 	7458 	1594
f 6663 	1594 	1573
f 1642 	7463 	7462
f 7461 	7423 	7517
f 7490 	7517 	7423
f 2741 	6574 	2736
f 6664 	1574 	1642
f 6664 	1642 	7462
f 7423 	7461 	5177
f 7423 	5177 	5053
f 6476 	6480 	2748
f 2712 	6476 	2748
f 6664 	7462 	7463
f 7460 	5181 	5060
f 2754 	2728 	2748
f 2728 	2712 	2748
f 5181 	7460 	7459
f 5181 	7459 	5178
f 2745 	2760 	2741
f 2760 	2749 	2741
f 2749 	6571 	2741
f 7463 	6720 	6664
f 5177 	7461 	7517
f 7465 	7456 	7464
f 7467 	7469 	7471
f 7467 	7471 	7472
f 7466 	7468 	7470
f 7466 	7470 	7473
f 2551 	2550 	2598
f 6825 	6823 	7467
f 6825 	7467 	7472
f 7466 	7473 	5183
f 7466 	5183 	5182
f 2541 	2524 	2555
f 2556 	2555 	2524
f 7361 	7474 	7475
f 5183 	7473 	7470
f 5183 	7470 	5188
f 7475 	7474 	6827
f 7475 	6827 	6826
f 2535 	2533 	2568
f 5193 	5188 	7470
f 5193 	7470 	7468
f 2584 	2551 	2598
f 6825 	7472 	7471
f 6825 	7471 	6833
f 7477 	7533 	7476
f 6826 	6801 	7475
f 7361 	7475 	6801
f 7477 	7476 	5190
f 7477 	5190 	5189
f 2610 	2603 	2567
f 2610 	2567 	2650
f 6835 	6833 	7471
f 6835 	7471 	7469
f 5190 	7476 	7533
f 2681 	2679 	2683
f 2681 	2683 	2682
f 7469 	7467 	6823
f 7469 	6823 	6835
f 2705 	2699 	2527
f 7468 	7466 	5182
f 7468 	5182 	5193
f 6800 	6827 	7474
f 2568 	2533 	2702
f 2716 	2714 	2729
f 2716 	2729 	2725
f 7480 	7481 	7482
f 7480 	7482 	7483
f 2742 	2739 	2738
f 2742 	2738 	2746
f 6875 	6874 	7478
f 6875 	7478 	7479
f 7480 	7483 	5211
f 7480 	5211 	5210
f 2751 	2750 	2759
f 2751 	2759 	2755
f 7485 	7424 	7484
f 2778 	2768 	2867
f 7485 	7484 	6872
f 7485 	6872 	6871
f 5209 	5208 	7487
f 5209 	7487 	7486
f 6875 	7479 	1075
f 2806 	2811 	2887
f 5225 	5211 	7483
f 5225 	7483 	7482
f 2819 	2818 	2829
f 2819 	2829 	2825
f 7485 	6871 	6813
f 7487 	5208 	5056
f 2844 	2778 	2867
f 2885 	2884 	2916
f 5229 	5225 	7482
f 5229 	7482 	7481
f 2887 	2886 	2806
f 7484 	7424 	6872
f 6812 	6872 	7424
f 7481 	7480 	5210
f 7481 	5210 	5229
f 5055 	5209 	7486
f 1067 	1068 	7488
f 1067 	7488 	7489
f 2884 	2924 	2916
f 7421 	7491 	7492
f 2938 	2937 	2973
f 2938 	2973 	2961
f 7492 	7491 	1069
f 7492 	1069 	1066
f 2957 	2954 	2951
f 2957 	2951 	2949
f 1067 	7489 	1083
f 2987 	3131 	2981
f 7421 	7492 	1066
f 3001 	2998 	2996
f 3001 	2996 	3003
f 5260 	5235 	7493
f 7490 	7423 	5233
f 5053 	5233 	7423
f 3008 	3014 	3116
f 7494 	7493 	5235
f 7494 	5235 	5230
f 2906 	2803 	3020
f 7495 	7496 	7497
f 7495 	7497 	7498
f 7489 	7488 	7499
f 7489 	7499 	7500
f 3031 	3016 	3006
f 3031 	3006 	3027
f 7495 	7498 	5241
f 7495 	5241 	5240
f 7489 	7500 	1083
f 3020 	3059 	2906
f 5245 	5241 	7498
f 5245 	7498 	7497
f 2904 	3068 	3085
f 7479 	7478 	7501
f 7479 	7501 	7502
f 2737 	2958 	2804
f 7504 	6705 	7503
f 7479 	7502 	1075
f 2723 	2728 	2765
f 2766 	2765 	2754
f 7504 	7503 	5244
f 7504 	5244 	5243
f 7501 	7478 	1084
f 6874 	1084 	7478
f 2843 	2537 	2765
f 2765 	2537 	2723
f 2754 	2765 	2728
f 5244 	7503 	6705
f 5244 	6705 	5969
f 1083 	7500 	7499
f 1083 	7499 	1130
f 5251 	5245 	7497
f 5251 	7497 	7496
f 1075 	7502 	7501
f 1075 	7501 	1084
f 7499 	7488 	1130
f 1068 	1130 	7488
f 2760 	2745 	2807
f 2807 	2766 	2760
f 2754 	2760 	2766
f 2810 	2807 	2745
f 2745 	2737 	2810
f 7496 	7495 	5240
f 7496 	5240 	5251
f 7465 	6719 	6656
f 1359 	2673 	2820
f 2824 	1359 	2820
f 6655 	6721 	7464
f 6655 	7464 	7456
f 6720 	7463 	1577
f 2830 	2917 	2824
f 1359 	2824 	2917
f 2917 	2925 	1359
f 6719 	7465 	7464
f 6719 	7464 	6721
f 6712 	6788 	7507
f 2513 	2723 	2537
f 7507 	7546 	5252
f 2846 	2830 	2843
f 2843 	2830 	2821
f 2820 	2672 	2821
f 2988 	1065 	7508
f 5171 	7409 	1064
f 5256 	5253 	7506
f 5256 	7506 	7505
f 1287 	5292 	1301
f 3750 	3751 	7508
f 1064 	7508 	1065
f 7509 	7510 	7511
f 7509 	7511 	7512
f 6712 	7507 	5252
f 2999 	2988 	7508
f 2999 	7508 	3751
f 5256 	7505 	5272
f 2807 	2889 	2846
f 2766 	2807 	2846
f 7513 	7514 	7515
f 7513 	7515 	7516
f 2889 	2888 	2883
f 2889 	2883 	2876
f 7513 	7516 	6731
f 7513 	6731 	6730
f 7518 	7519 	7520
f 7518 	7520 	7521
f 7517 	7490 	5261
f 5233 	5261 	7490
f 2876 	2830 	2889
f 2830 	2846 	2889
f 7518 	7521 	6727
f 7518 	6727 	6726
f 7522 	7523 	7494
f 7493 	7494 	7523
f 6729 	6728 	7520
f 6729 	7520 	7519
f 7522 	7494 	5257
f 5230 	5257 	7494
f 6732 	6731 	7516
f 6732 	7516 	7515
f 2925 	2883 	2901
f 2933 	2925 	2901
f 2910 	2901 	2883
f 2883 	2888 	2910
f 2804 	2910 	2888
f 2804 	2888 	2810
f 7521 	7520 	6728
f 7521 	6728 	6727
f 7493 	7523 	5260
f 2917 	2830 	2876
f 6741 	6732 	7515
f 6741 	7515 	7514
f 7517 	5261 	5177
f 7514 	7513 	6730
f 7514 	6730 	6741
f 7523 	7522 	5257
f 7523 	5257 	5260
f 7519 	7518 	6726
f 7519 	6726 	6729
f 7524 	7525 	7526
f 7524 	7526 	7527
f 7528 	7529 	7642
f 2925 	2933 	1359
f 7524 	7527 	5264
f 7524 	5264 	5263
f 7528 	7642 	6870
f 7528 	6870 	6746
f 2948 	2947 	2941
f 2948 	2941 	2939
f 5265 	5264 	7527
f 5265 	7527 	7526
f 2736 	2959 	2958
f 2736 	2958 	2737
f 5266 	5265 	7526
f 5266 	7526 	7525
f 5266 	7525 	7524
f 5266 	7524 	5263
f 3010 	3004 	2960
f 2948 	3018 	2958
f 3018 	2804 	2958
f 6884 	6748 	7530
f 2966 	3000 	2960
f 7533 	7477 	7532
f 7529 	7528 	6746
f 7529 	6746 	6747
f 5269 	5190 	7533
f 2947 	3129 	2941
f 2959 	3129 	2947
f 2736 	6574 	2959
f 7531 	7530 	6748
f 7531 	6748 	6749
f 5270 	5269 	7533
f 5270 	7533 	7532
f 5189 	5270 	7532
f 5189 	7532 	7477
f 7535 	7534 	6757
f 7535 	6757 	6756
f 7509 	7512 	1168
f 7509 	1168 	1167
f 7505 	7506 	7536
f 7505 	7536 	7539
f 7537 	7538 	7540
f 7537 	7540 	7541
f 1182 	1168 	7512
f 1182 	7512 	7511
f 7539 	7536 	5273
f 7539 	5273 	5272
f 3073 	3078 	3095
f 1193 	1182 	7511
f 1193 	7511 	7510
f 7536 	7506 	5273
f 5253 	5273 	7506
f 2932 	2904 	3085
f 7542 	7543 	7544
f 7542 	7544 	7545
f 7546 	7507 	6788
f 3090 	3073 	3095
f 7542 	7545 	1190
f 7542 	1190 	1189
f 3108 	3104 	3103
f 3108 	3103 	3111
f 7546 	5274 	5252
f 1190 	7545 	7544
f 1190 	7544 	1195
f 3116 	3115 	3008
f 5274 	7546 	6788
f 5274 	6788 	6028
f 3131 	3126 	2981
f 1200 	1195 	7544
f 1200 	7544 	7543
f 7505 	7539 	5272
f 3133 	3132 	3141
f 3133 	3141 	3140
f 7510 	7509 	1167
f 7510 	1167 	1193
f 6767 	7547 	7548
f 3170 	3157 	3150
f 3170 	3150 	3149
f 7543 	7542 	1189
f 7543 	1189 	1200
f 7548 	7547 	5318
f 7548 	5318 	5317
f 7549 	7550 	7634
f 7551 	7552 	7553
f 7551 	7553 	7554
f 3177 	3187 	3325
f 7549 	7634 	1218
f 7551 	7554 	5314
f 7551 	5314 	5281
f 3291 	3301 	3365
f 5321 	5320 	7553
f 5321 	7553 	7552
f 3322 	3177 	3325
f 7645 	7555 	7556
f 3327 	3326 	3337
f 3327 	3337 	3331
f 5314 	7554 	7553
f 5314 	7553 	5320
f 1464 	1229 	7555
f 3286 	3340 	3343
f 3286 	3343 	3309
f 6767 	7548 	5317
f 3348 	3352 	3390
f 2994 	2993 	2983
f 2994 	2983 	2982
f 3360 	3358 	3385
f 7552 	7551 	5281
f 7552 	5281 	5321
f 3147 	3138 	2966
f 3365 	3362 	3291
f 7557 	7571 	7558
f 3002 	2960 	3000
f 2966 	2941 	3147
f 3358 	3391 	3385
f 5348 	5347 	7557
f 5348 	7557 	7558
f 3390 	3387 	3348
f 3417 	3411 	3410
f 3417 	3410 	3419
f 3421 	3422 	3158
f 3159 	3158 	3422
f 3453 	3435 	3434
f 3453 	3434 	3460
f 7575 	5299 	7559
f 2939 	2960 	3004
f 3004 	3015 	2939
f 2948 	2939 	3015
f 3012 	3010 	3002
f 3002 	3010 	2960
f 3438 	3437 	3449
f 3438 	3449 	3448
f 7559 	5299 	5351
f 4083 	5351 	5299
f 3015 	3030 	3018
f 3058 	3018 	3030
f 2948 	3015 	3018
f 2804 	2810 	2737
f 3488 	3492 	3503
f 7559 	5351 	5359
f 3004 	3010 	3026
f 3010 	3114 	3026
f 3513 	3501 	3497
f 3513 	3497 	3496
f 3503 	3502 	3488
f 7571 	7557 	5347
f 3481 	3474 	3520
f 3522 	3520 	3474
f 1301 	5292 	1931
f 3528 	3527 	3538
f 3528 	3538 	3537
f 3549 	3547 	3635
f 3549 	3635 	3579
f 1231 	7645 	7556
f 7560 	7600 	7561
f 3572 	3571 	3558
f 3572 	3558 	3556
f 7550 	7549 	1218
f 7550 	1218 	1228
f 5354 	5353 	7560
f 5354 	7560 	7561
f 3567 	3564 	3563
f 3567 	3563 	3562
f 7556 	7555 	1229
f 7556 	1229 	1231
f 5354 	7561 	5371
f 3675 	3655 	3690
f 3691 	3690 	3655
f 7563 	7562 	1251
f 7563 	1251 	1250
f 7600 	7560 	5353
f 7564 	7565 	7566
f 7564 	7566 	7567
f 3701 	3700 	3719
f 7564 	7567 	1248
f 7564 	1248 	1246
f 7612 	7569 	7611
f 7568 	7611 	7569
f 1261 	1253 	7566
f 1261 	7566 	7565
f 5358 	5357 	7568
f 5358 	7568 	7569
f 5358 	7569 	7612
f 1248 	7567 	7566
f 1248 	7566 	1253
f 3656 	3664 	3706
f 7611 	7568 	5357
f 7565 	7564 	1246
f 7565 	1246 	1261
f 3719 	3700 	3724
f 7537 	7541 	6753
f 7537 	6753 	6752
f 7558 	7571 	7572
f 3706 	3664 	3733
f 1534 	1281 	7570
f 7558 	7572 	5360
f 7558 	5360 	5348
f 6759 	6758 	7540
f 6759 	7540 	7538
f 7573 	7574 	7684
f 3672 	3813 	3807
f 3672 	3807 	3666
f 7573 	7684 	1274
f 5359 	7575 	7559
f 6753 	7541 	7540
f 6753 	7540 	6758
f 5363 	5360 	7572
f 5363 	7572 	7571
f 3818 	3831 	3834
f 3818 	3834 	3819
f 7592 	7570 	1281
f 3728 	3710 	3839
f 3736 	3839 	3710
f 7538 	7537 	6752
f 7538 	6752 	6759
f 7575 	5359 	4106
f 7574 	7573 	1274
f 7574 	1274 	1280
f 3843 	3842 	3870
f 3843 	3870 	3861
f 3848 	3847 	3855
f 3848 	3855 	3854
f 7562 	7563 	7578
f 7562 	7578 	7580
f 3875 	3872 	3871
f 3875 	3871 	3879
f 5362 	5361 	7576
f 5362 	7576 	7577
f 6909 	6766 	7579
f 1298 	1251 	7562
f 1298 	7562 	7580
f 7581 	7582 	7669
f 1307 	1298 	7580
f 1307 	7580 	7578
f 3913 	3919 	3934
f 7584 	7585 	7586
f 7584 	7586 	7587
f 7581 	7669 	6764
f 5364 	7583 	5365
f 7584 	7587 	1306
f 7584 	1306 	1305
f 1306 	7587 	7586
f 1306 	7586 	1316
f 7602 	7579 	6766
f 7602 	6766 	6836
f 5347 	5363 	7571
f 1323 	1316 	7586
f 1323 	7586 	7585
f 7582 	7581 	6764
f 7582 	6764 	6765
f 1250 	1307 	7578
f 1250 	7578 	7563
f 7588 	7589 	7535
f 7534 	7535 	7589
f 7577 	7576 	7590
f 7577 	7590 	7591
f 7585 	7584 	1305
f 7585 	1305 	1323
f 6817 	6757 	7534
f 6817 	7534 	7589
f 7577 	7591 	5368
f 7577 	5368 	5362
f 7592 	7750 	7570
f 6824 	6817 	7589
f 6824 	7589 	7588
f 7593 	5365 	7583
f 7594 	7595 	7596
f 7594 	7596 	7597
f 7593 	7583 	5366
f 5364 	5366 	7583
f 7594 	7597 	6822
f 7594 	6822 	6821
f 7598 	7599 	7755
f 5370 	5368 	7591
f 5370 	7591 	7590
f 6822 	7597 	7596
f 6822 	7596 	6832
f 7598 	7755 	1338
f 6834 	6832 	7596
f 6834 	7596 	7595
f 7590 	7576 	5370
f 5361 	5370 	7576
f 3026 	3077 	3075
f 2910 	3058 	3067
f 2901 	2910 	3067
f 3075 	3067 	3058
f 3058 	3030 	3075
f 3026 	3075 	3030
f 7588 	7535 	6824
f 6756 	6824 	7535
f 3075 	3091 	3082
f 3075 	3082 	3067
f 7561 	7600 	7601
f 7595 	7594 	6821
f 7595 	6821 	6834
f 3077 	3106 	3094
f 7561 	7601 	5371
f 5371 	7601 	7600
f 5371 	7600 	5374
f 1281 	1337 	7592
f 5373 	5372 	7603
f 5373 	7603 	7604
f 7605 	7606 	7726
f 7599 	7598 	1338
f 7599 	1338 	1350
f 7605 	7726 	1328
f 7605 	1328 	6837
f 7607 	7608 	7609
f 7607 	7609 	7610
f 5353 	5374 	7600
f 7607 	7610 	1403
f 7607 	1403 	1402
f 1403 	7610 	7609
f 1403 	7609 	1410
f 7606 	7605 	6837
f 7606 	6837 	6840
f 1416 	1410 	7609
f 1416 	7609 	7608
f 7612 	5376 	5358
f 7613 	7614 	7615
f 7613 	7615 	7616
f 7617 	7618 	1758
f 1756 	1758 	7618
f 5376 	7612 	7611
f 5376 	7611 	5381
f 7613 	7616 	6848
f 7613 	6848 	6845
f 7618 	7617 	1415
f 7618 	1415 	1414
f 6848 	7616 	7615
f 6848 	7615 	6849
f 1415 	7617 	1758
f 5380 	5379 	7619
f 5380 	7619 	7620
f 6853 	6849 	7615
f 6853 	7615 	7614
f 7608 	7607 	1402
f 7608 	1402 	1416
f 7622 	1690 	7621
f 5380 	7620 	5384
f 1756 	7618 	1414
f 7622 	7621 	6852
f 7622 	6852 	6851
f 5357 	5381 	7611
f 7623 	7624 	7757
f 7623 	7757 	7758
f 6852 	7621 	1690
f 6852 	1690 	1606
f 7623 	7758 	1421
f 7614 	7613 	6845
f 7614 	6845 	6853
f 7604 	7603 	7625
f 7604 	7625 	7626
f 7622 	6851 	1610
f 1425 	7757 	7624
f 5382 	5373 	7626
f 7604 	7626 	5373
f 1811 	1156 	7627
f 1798 	2069 	7628
f 5382 	7626 	7625
f 5382 	7625 	5383
f 1166 	6861 	1156
f 7627 	1156 	6861
f 1783 	1426 	7765
f 7628 	7765 	1426
f 5372 	5383 	7625
f 5372 	7625 	7603
f 7624 	7623 	1421
f 7624 	1421 	1425
f 1198 	1199 	7630
f 7629 	7630 	1199
f 7631 	7632 	7619
f 7620 	7619 	7632
f 1798 	7628 	1426
f 7629 	1199 	1203
f 7629 	1203 	6858
f 7620 	7632 	5384
f 5384 	7632 	7631
f 5384 	7631 	5385
f 7634 	7550 	7633
f 1198 	7630 	6860
f 5379 	5385 	7631
f 5379 	7631 	7619
f 1811 	7627 	6861
f 1811 	6861 	1649
f 1443 	1218 	7634
f 7630 	7629 	6858
f 7630 	6858 	6860
f 1452 	1443 	7634
f 1452 	7634 	7633
f 7635 	7636 	7656
f 7635 	7656 	7657
f 7635 	7657 	6892
f 7635 	6892 	6866
f 5391 	5390 	7639
f 5391 	7639 	7640
f 6867 	7656 	7636
f 7637 	7638 	1446
f 7637 	1446 	1454
f 6867 	7636 	7635
f 6867 	7635 	6866
f 7633 	7550 	1452
f 1228 	1452 	7550
f 7642 	7529 	7641
f 7555 	7645 	7646
f 5393 	5392 	7643
f 5393 	7643 	7644
f 6873 	6870 	7642
f 6873 	7642 	7641
f 1464 	7555 	7646
f 7641 	7529 	6873
f 6747 	6873 	7529
f 1464 	7646 	7645
f 1464 	7645 	1475
f 5393 	7644 	5398
f 7647 	7648 	7662
f 7647 	7662 	7663
f 7647 	7663 	6881
f 7643 	5392 	5406
f 7650 	1491 	1469
f 6883 	7662 	7648
f 7649 	7650 	1469
f 7649 	1469 	1473
f 6883 	7648 	7647
f 6883 	7647 	6881
f 7651 	7652 	7531
f 7530 	7531 	7652
f 1231 	1475 	7645
f 6884 	7530 	7652
f 7644 	7643 	7653
f 6884 	7652 	7651
f 6884 	7651 	6891
f 7654 	7655 	7649
f 7650 	7649 	7655
f 7644 	7653 	5398
f 7651 	7531 	6891
f 6749 	6891 	7531
f 7650 	7655 	1491
f 5406 	5398 	7653
f 7638 	7637 	7658
f 7638 	7658 	7659
f 7638 	7659 	1486
f 7638 	1486 	1446
f 6893 	6892 	7657
f 6893 	7657 	7656
f 5401 	7661 	7660
f 5401 	7660 	5404
f 7658 	7637 	1488
f 1454 	1488 	7637
f 6867 	6893 	7656
f 1497 	1491 	7655
f 1497 	7655 	7654
f 7664 	7665 	7639
f 7640 	7639 	7665
f 3091 	1359 	3082
f 3094 	3105 	1359
f 7663 	6898 	6881
f 3094 	1359 	3091
f 2933 	3082 	1359
f 7640 	7665 	5405
f 7640 	5405 	5391
f 6898 	7663 	7662
f 6898 	7662 	6901
f 3105 	3094 	3106
f 6883 	6901 	7662
f 7643 	7666 	7653
f 3105 	3109 	1359
f 5406 	7666 	7643
f 3329 	3328 	3109
f 7653 	7666 	5406
f 6909 	7579 	7667
f 3077 	3026 	3114
f 5405 	7665 	7664
f 5405 	7664 	5413
f 7659 	7658 	1488
f 7659 	1488 	1486
f 7669 	7582 	7668
f 7654 	7649 	1497
f 1473 	1497 	7649
f 6906 	6764 	7669
f 7670 	7661 	5410
f 5401 	5410 	7661
f 7668 	7582 	6910
f 6765 	6910 	7582
f 1547 	1502 	7671
f 6909 	7667 	1288
f 6906 	7669 	7668
f 6906 	7668 	6910
f 5412 	5411 	7673
f 5412 	7673 	7674
f 7675 	7699 	1515
f 7676 	7685 	6912
f 7664 	7639 	5413
f 5390 	5413 	7639
f 7672 	7671 	1502
f 7672 	1502 	1519
f 7677 	7678 	7687
f 7673 	5411 	5420
f 7675 	1515 	1697
f 7677 	7687 	6911
f 7679 	7660 	7670
f 7661 	7670 	7660
f 5415 	5404 	7679
f 7660 	7679 	5404
f 7676 	6912 	1289
f 1534 	7570 	7680
f 7679 	7670 	5415
f 5410 	5415 	7670
f 7678 	7677 	6911
f 7678 	6911 	6913
f 7674 	7673 	7681
f 7674 	7681 	7683
f 7684 	7574 	7682
f 7674 	7683 	5417
f 7674 	5417 	5412
f 1525 	1274 	7684
f 7685 	6918 	6912
f 5417 	7683 	7681
f 5417 	7681 	5420
f 7682 	7574 	1537
f 1280 	1537 	7574
f 7687 	7678 	7686
f 5420 	7681 	7673
f 1534 	7680 	1748
f 7687 	6917 	6911
f 3117 	3112 	3114
f 3112 	3106 	3114
f 3077 	3114 	3106
f 3927 	3911 	3909
f 3012 	3318 	3117
f 1093 	1092 	1091
f 1093 	1091 	7688
f 3134 	3152 	3311
f 3931 	3913 	3934
f 7686 	7678 	6919
f 6913 	6919 	7678
f 3954 	3952 	3970
f 3137 	3152 	3134
f 6918 	7685 	1284
f 4082 	3963 	4214
f 3964 	3954 	3970
f 6917 	7687 	7686
f 6917 	7686 	6919
f 3128 	3146 	3125
f 3146 	3135 	3125
f 3189 	3311 	3152
f 1525 	7684 	7682
f 1525 	7682 	1537
f 7689 	7690 	7691
f 7689 	7691 	7692
f 3927 	3909 	4095
f 7689 	7692 	6972
f 7689 	6972 	1071
f 7671 	7672 	7693
f 7671 	7693 	7694
f 3963 	4216 	4214
f 7671 	7694 	1547
f 7695 	7696 	7697
f 7695 	7697 	7698
f 4239 	4225 	4224
f 4239 	4224 	4243
f 1547 	7694 	7693
f 1547 	7693 	1559
f 7695 	7698 	6970
f 7695 	6970 	1073
f 4234 	4233 	4230
f 4234 	4230 	4229
f 1519 	1559 	7693
f 1519 	7693 	7672
f 1072 	6971 	7697
f 1072 	7697 	7696
f 4451 	5507 	4443
f 6976 	6972 	7692
f 6976 	7692 	7691
f 2993 	3000 	3191
f 3138 	3191 	3000
f 4462 	4458 	4661
f 4462 	4661 	4466
f 7698 	7697 	6971
f 7698 	6971 	6970
f 4665 	5315 	5480
f 1070 	6976 	7691
f 1070 	7691 	7690
f 3161 	3160 	3151
f 3161 	3151 	3156
f 7690 	7689 	1071
f 7690 	1071 	1070
f 3296 	3295 	3160
f 7696 	7695 	1073
f 7696 	1073 	1072
f 3146 	3128 	3289
f 3289 	3288 	3146
f 3137 	3146 	3288
f 7700 	7701 	6454
f 7700 	6454 	6455
f 3137 	3169 	3152
f 7700 	6455 	1145
f 3318 	3012 	3180
f 4668 	5329 	5328
f 4668 	5328 	5191
f 1162 	6454 	7701
f 5334 	5337 	5403
f 6547 	6548 	7703
f 7702 	7703 	6548
f 4670 	5342 	5340
f 4670 	5340 	4671
f 5345 	5334 	5403
f 3054 	1165 	6548
f 7702 	6548 	1165
f 5323 	5350 	5325
f 5399 	5325 	5350
f 1170 	6547 	7703
f 3185 	3180 	3135
f 3125 	3135 	3180
f 2982 	3125 	3180
f 3180 	3012 	2982
f 2994 	2982 	3012
f 3135 	3134 	3185
f 3311 	3185 	3134
f 3152 	3151 	3189
f 3151 	3160 	3295
f 3295 	3189 	3151
f 5480 	5408 	4665
f 7701 	7700 	1145
f 7701 	1145 	1162
f 3112 	3117 	3318
f 3002 	2994 	3012
f 5482 	5487 	5498
f 7703 	7702 	1165
f 7703 	1165 	1170
f 3329 	3109 	3112
f 7704 	7705 	1322
f 1321 	1322 	7705
f 1359 	3109 	3328
f 3330 	1359 	3328
f 7705 	7704 	1187
f 7705 	1187 	1186
f 3112 	3318 	3329
f 3336 	3329 	3318
f 3336 	3318 	3324
f 7706 	7707 	7708
f 7706 	7708 	7709
f 1093 	7688 	5427
f 1093 	5427 	1095
f 5498 	5496 	5482
f 3336 	3388 	3330
f 3324 	3349 	3336
f 3185 	3342 	3324
f 1359 	3330 	3388
f 7706 	7709 	1180
f 7706 	1180 	1179
f 1191 	1188 	7708
f 1191 	7708 	7707
f 7675 	7749 	7699
f 7710 	5714 	1101
f 5507 	5505 	4443
f 1187 	7704 	1322
f 7699 	1564 	1515
f 1100 	5426 	7710
f 1100 	7710 	1101
f 5512 	5509 	5508
f 5512 	5508 	5515
f 1180 	7709 	7708
f 1180 	7708 	1188
f 1564 	7699 	7749
f 1564 	7749 	1695
f 1076 	5427 	7688
f 1076 	7688 	1091
f 1321 	7705 	1186
f 7711 	7712 	7713
f 7711 	7713 	7714
f 5525 	5523 	5522
f 5525 	5522 	5527
f 7710 	5426 	4232
f 7707 	7706 	1179
f 7707 	1179 	1191
f 7711 	7714 	1587
f 7711 	1587 	1586
f 5531 	5530 	5541
f 6555 	7716 	6667
f 7715 	7717 	7718
f 7715 	7718 	7719
f 3064 	1221 	7716
f 7715 	7719 	1582
f 7715 	1582 	1581
f 5537 	5531 	5541
f 7720 	7721 	6560
f 7720 	6560 	6561
f 1585 	1583 	7718
f 1585 	7718 	7717
f 5316 	5533 	5539
f 5316 	5539 	5493
f 1590 	1587 	7714
f 1590 	7714 	7713
f 7720 	6561 	1215
f 7719 	7718 	1583
f 7719 	1583 	1582
f 1220 	6560 	7721
f 5571 	5576 	5580
f 1592 	1590 	7713
f 1592 	7713 	7712
f 1364 	7716 	1221
f 5490 	5562 	5578
f 5490 	5578 	5501
f 7712 	7711 	1586
f 7712 	1586 	1592
f 7721 	7720 	1215
f 7721 	1215 	1220
f 5580 	5581 	5571
f 7722 	7667 	7602
f 7667 	7579 	7602
f 5535 	5629 	5584
f 3185 	3311 	3342
f 1288 	7667 	7722
f 5585 	5588 	5719
f 5590 	5589 	5600
f 5590 	5600 	5598
f 7676 	7723 	7685
f 7724 	7685 	7723
f 5517 	5596 	5595
f 5517 	5595 	5519
f 1284 	7685 	7724
f 3355 	3351 	3339
f 3189 	3368 	3339
f 3342 	3339 	3351
f 3351 	3349 	3342
f 3349 	3324 	3342
f 5616 	5606 	5602
f 5616 	5602 	5601
f 3368 	3367 	3357
f 3368 	3357 	3355
f 1289 	7723 	7676
f 5610 	5609 	5612
f 5610 	5612 	5611
f 5617 	5634 	5745
f 3355 	3339 	3368
f 3295 	3368 	3189
f 7722 	7602 	1288
f 6836 	1288 	7602
f 3367 	3500 	3357
f 5619 	5632 	5724
f 1284 	7724 	7723
f 1284 	7723 	1289
f 3388 	3336 	3349
f 7726 	7606 	7725
f 3389 	3355 	3386
f 3351 	3355 	3389
f 5687 	5584 	5629
f 3389 	3386 	1359
f 3392 	1359 	3386
f 3388 	3389 	1359
f 5646 	5645 	5678
f 5646 	5678 	5651
f 1328 	7726 	7725
f 1328 	7725 	1380
f 3357 	3512 	3392
f 5623 	5681 	5680
f 5623 	5680 	5624
f 7727 	7728 	7729
f 7727 	7729 	7730
f 3512 	1359 	3392
f 7730 	7729 	1334
f 7730 	1334 	1332
f 5719 	5718 	5585
f 1334 	7729 	7728
f 1334 	7728 	1339
f 3602 	3593 	3415
f 5724 	5723 	5619
f 7727 	7730 	1332
f 7727 	1332 	1383
f 3602 	3420 	3161
f 5729 	5728 	5806
f 7725 	7606 	1380
f 6840 	1380 	7606
f 3418 	3424 	3415
f 3424 	3420 	3415
f 5745 	5744 	5617
f 7728 	7727 	1383
f 7728 	1383 	1339
f 5750 	5749 	5813
f 3408 	3459 	3409
f 3409 	3491 	3418
f 3491 	3489 	3418
f 1143 	2012 	1233
f 3440 	3439 	3433
f 3440 	3433 	3432
f 5806 	5789 	5729
f 1235 	1144 	1233
f 1143 	1233 	1144
f 5813 	5814 	5750
f 1152 	1137 	1243
f 5843 	5837 	5831
f 5843 	5831 	5845
f 3452 	3408 	3594
f 3593 	3594 	3408
f 1152 	1243 	1153
f 5847 	5846 	5854
f 5847 	5854 	5852
f 3459 	3408 	3452
f 3408 	3415 	3593
f 5862 	5861 	5858
f 5862 	5858 	5857
f 3673 	3473 	3439
f 3447 	3673 	3439
f 3409 	3459 	3479
f 3459 	3433 	3473
f 3473 	3479 	3459
f 3489 	3506 	3296
f 5881 	5880 	5888
f 5881 	5888 	5885
f 3504 	3491 	3479
f 3409 	3479 	3491
f 3489 	3296 	3424
f 3160 	3424 	3296
f 3424 	3418 	3489
f 5893 	5879 	5891
f 5877 	5891 	5879
f 5903 	5899 	5898
f 5903 	5898 	5905
f 3506 	3504 	3494
f 3506 	3494 	3500
f 5871 	5912 	5911
f 5871 	5911 	5873
f 3500 	3367 	3506
f 3512 	3357 	3500
f 3367 	3296 	3506
f 5929 	5928 	6015
f 5929 	6015 	6011
f 1359 	3512 	3495
f 3494 	3530 	3495
f 5933 	5932 	6009
f 5933 	6009 	6007
f 1359 	3530 	3529
f 3536 	3535 	3524
f 3536 	3524 	3523
f 5997 	5996 	6003
f 5997 	6003 	6002
f 3536 	3523 	3693
f 3673 	3693 	3523
f 3473 	3673 	3523
f 3529 	3536 	3697
f 1359 	3529 	3720
f 3720 	3723 	1359
f 3494 	3504 	3524
f 3479 	3524 	3504
f 3524 	3535 	3494
f 3535 	3530 	3494
f 1359 	3495 	3530
f 3552 	3551 	3561
f 3552 	3561 	3560
f 3570 	3568 	3555
f 3570 	3555 	3554
f 3447 	3446 	3573
f 3574 	3573 	3446
f 3555 	3645 	3573
f 3568 	3660 	3555
f 3561 	3662 	3568
f 3551 	3668 	3561
f 3577 	3670 	3551
f 3447 	3573 	3673
f 3726 	3850 	3603
f 3577 	3603 	3849
f 3910 	3916 	3853
f 6029 	6033 	6041
f 3726 	3603 	3552
f 3560 	3725 	3552
f 3570 	3714 	3560
f 3554 	3574 	3718
f 3446 	3718 	3574
f 3554 	3714 	3570
f 3660 	3704 	3645
f 6035 	6020 	6045
f 6047 	6045 	6020
f 6068 	6054 	6053
f 6063 	6040 	6079
f 3662 	3561 	3668
f 3660 	3568 	3662
f 3645 	3555 	3660
f 3673 	3573 	3645
f 3668 	3551 	3670
f 3849 	3914 	3577
f 3433 	3439 	3473
f 6070 	6068 	6053
f 3693 	3692 	3699
f 3693 	3699 	3697
f 6079 	6040 	6083
f 3704 	3692 	3645
f 3735 	3708 	3704
f 6112 	6111 	6114
f 6112 	6114 	6113
f 3723 	3699 	3708
f 3704 	3708 	3699
f 3704 	3699 	3692
f 6025 	6141 	6160
f 6025 	6160 	6026
f 3697 	3536 	3693
f 6041 	6033 	6164
f 3723 	3729 	1359
f 3708 	3729 	3723
f 6205 	6180 	6175
f 6205 	6175 	6174
f 3720 	3529 	3697
f 6183 	6182 	6194
f 6183 	6194 	6190
f 3704 	3734 	3735
f 6213 	6212 	6241
f 6213 	6241 	6217
f 3668 	3804 	3734
f 3668 	3734 	3662
f 3817 	3816 	3804
f 3817 	3804 	3815
f 3734 	3804 	3816
f 3835 	3735 	3816
f 3734 	3816 	3735
f 3670 	3930 	3815
f 3835 	3838 	3735
f 3838 	3835 	1359
f 3729 	3838 	1359
f 3835 	3830 	1359
f 3849 	3603 	3850
f 6338 	6276 	6266
f 6338 	6266 	6335
f 3845 	3844 	3853
f 3845 	3853 	3852
f 6348 	6346 	6344
f 6348 	6344 	6351
f 3844 	3910 	3853
f 3860 	3907 	3844
f 3874 	3873 	3860
f 3874 	3860 	3867
f 3876 	5192 	3873
f 6365 	6271 	6362
f 6269 	6362 	6271
f 3877 	4242 	3876
f 3845 	3852 	3832
f 3827 	3832 	3852
f 3852 	3850 	3827
f 3726 	3827 	3850
f 3832 	3841 	3845
f 6479 	6502 	6439
f 3910 	3844 	3907
f 3860 	3873 	3907
f 3907 	3873 	5192
f 3914 	3930 	3670
f 3933 	3916 	3910
f 6502 	6487 	6439
f 3849 	3853 	3916
f 3914 	3849 	3916
f 3670 	3577 	3914
f 3817 	3815 	3930
f 6681 	6510 	6481
f 3910 	3924 	3933
f 3933 	3950 	3949
f 3933 	3949 	3930
f 6516 	6519 	6244
f 6247 	6244 	6519
f 3830 	3817 	3949
f 3930 	3949 	3817
f 6521 	6520 	6530
f 6521 	6530 	6526
f 3967 	3950 	3961
f 3924 	3961 	3950
f 3924 	3950 	3933
f 6549 	6536 	6535
f 6549 	6535 	6551
f 3965 	1359 	3830
f 3949 	3965 	3830
f 3967 	1359 	3965
f 6359 	6257 	6554
f 3961 	4084 	3967
f 7717 	7715 	1581
f 7717 	1581 	1585
f 7731 	7732 	2724
f 7731 	2724 	2726
f 6554 	6641 	6359
f 7731 	2726 	1616
f 2734 	2735 	7734
f 7733 	7734 	2735
f 6644 	6569 	6573
f 6644 	6573 	6647
f 7733 	2735 	1609
f 6678 	6683 	6691
f 1614 	2734 	7734
f 1622 	2724 	7732
f 7732 	7731 	1616
f 7732 	1616 	1622
f 7734 	7733 	1609
f 7734 	1609 	1614
f 6684 	6678 	6691
f 7736 	7735 	1638
f 7736 	1638 	1637
f 6510 	6681 	6689
f 7737 	7738 	7739
f 7737 	7739 	7740
f 7737 	7740 	1629
f 7737 	1629 	1628
f 1640 	1639 	7739
f 1640 	7739 	7738
f 1629 	7740 	7739
f 1629 	7739 	1639
f 6557 	6701 	6707
f 6557 	6707 	6567
f 7738 	7737 	1628
f 7738 	1628 	1640
f 7741 	7742 	2772
f 7741 	2772 	2773
f 7741 	2773 	1679
f 1685 	2772 	7742
f 2696 	1686 	7743
f 7742 	7741 	1679
f 7742 	1679 	1685
f 7780 	7743 	1686
f 7780 	1686 	1850
f 7744 	7745 	7746
f 7744 	7746 	7747
f 6810 	6782 	6805
f 6779 	6805 	6782
f 7744 	7747 	1699
f 7744 	1699 	1698
f 7749 	7675 	7748
f 7226 	7221 	6815
f 7226 	6815 	6814
f 1697 	1695 	7749
f 1697 	7749 	7748
f 7223 	7222 	7225
f 7223 	7225 	7224
f 1705 	1699 	7747
f 1705 	7747 	7746
f 7232 	7231 	6539
f 6540 	6539 	7231
f 1718 	1705 	7746
f 1718 	7746 	7745
f 6703 	6563 	7237
f 1697 	7748 	7675
f 6711 	7239 	6802
f 7239 	7238 	6802
f 1718 	7745 	7744
f 1718 	7744 	1698
f 7680 	7570 	7750
f 7237 	7244 	6703
f 1748 	7680 	7750
f 7751 	7752 	3633
f 7751 	3633 	3631
f 7750 	7592 	1748
f 1337 	1748 	7592
f 7751 	3631 	3637
f 7751 	3637 	7753
f 7755 	7599 	7754
f 7753 	3637 	3640
f 7753 	3640 	7756
f 1752 	1338 	7755
f 7756 	3640 	1737
f 7756 	1737 	1736
f 1752 	7755 	7754
f 1752 	7754 	1753
f 7754 	7599 	1753
f 1350 	1753 	7599
f 7752 	7751 	7753
f 7752 	7753 	7756
f 7752 	7756 	1736
f 7752 	1736 	1741
f 3633 	7752 	1741
f 3633 	1741 	1746
f 1769 	1421 	7758
f 7759 	3677 	3667
f 1769 	7758 	7757
f 1769 	7757 	1777
f 7759 	3667 	3669
f 7759 	3669 	7760
f 7760 	3669 	1776
f 7760 	1776 	1775
f 1775 	7763 	7760
f 7761 	7762 	1772
f 7761 	1772 	1779
f 7763 	3678 	3677
f 7763 	3677 	7764
f 1425 	1777 	7757
f 7764 	3677 	7759
f 7765 	7628 	2069
f 7763 	7764 	7759
f 1784 	7763 	1775
f 7759 	7760 	7763
f 3678 	7763 	1784
f 3678 	1784 	1805
f 1783 	7765 	2069
f 7772 	3687 	7766
f 2083 	7767 	2082
f 7766 	3687 	3688
f 7766 	3688 	7768
f 7768 	3688 	1837
f 7768 	1837 	1836
f 2082 	7767 	1787
f 7772 	7766 	7768
f 1845 	7771 	1836
f 1836 	7771 	7768
f 7762 	7761 	7769
f 7762 	7769 	7770
f 7771 	3698 	3696
f 7771 	3696 	7772
f 1797 	1772 	7770
f 7762 	7770 	1772
f 1797 	7770 	7769
f 1797 	7769 	1802
f 7772 	3696 	3687
f 1779 	1802 	7769
f 1779 	7769 	7761
f 7772 	7768 	7771
f 7773 	7767 	2083
f 3698 	7771 	1845
f 3698 	1845 	1847
f 7767 	7773 	1806
f 7767 	1806 	1787
f 1806 	7773 	2083
f 1806 	2083 	2085
f 7735 	7736 	7774
f 7735 	7774 	7775
f 1810 	1638 	7735
f 1810 	7735 	7775
f 1816 	1810 	7775
f 1816 	7775 	7774
f 7776 	7777 	7778
f 7776 	7778 	7779
f 7776 	7779 	1815
f 7776 	1815 	1814
f 1815 	7779 	7778
f 1815 	7778 	1819
f 1834 	1819 	7778
f 1834 	7778 	7777
f 1637 	1816 	7774
f 1637 	7774 	7736
f 7777 	7776 	1814
f 7777 	1814 	1834
f 2795 	7743 	2963
f 1850 	2963 	7780
f 2976 	2977 	7782
f 7781 	7782 	2977
f 2775 	1851 	2977
f 7781 	2977 	1851
f 1855 	2976 	7782
f 7782 	7781 	1851
f 7782 	1851 	1855
f 4084 	1359 	3967
f 4215 	1359 	4084
f 4215 	4217 	5324
f 5331 	5324 	4217
f 1359 	4215 	5400
f 3961 	3924 	4217
f 3924 	4094 	4217
f 4094 	5331 	4217
f 4228 	4227 	4463
f 4223 	4222 	4236
f 4223 	4236 	4235
f 3874 	3867 	3932
f 3841 	3932 	3867
f 4242 	3877 	4238
f 3867 	3845 	3841
f 5319 	5313 	4662
f 5313 	4666 	4463
f 4168 	4156 	4236
f 4236 	4222 	4168
f 4463 	4227 	4454
f 4447 	4662 	4450
f 4662 	4455 	4450
f 4227 	4236 	4156
f 4156 	4136 	4227
f 4773 	5344 	4667
f 5192 	5331 	3907
f 4235 	4228 	4669
f 4669 	4773 	4235
f 4223 	4235 	4773
f 4773 	4667 	4223
f 4242 	4223 	4667
f 5192 	4242 	4667
f 4242 	5192 	3876
f 4666 	4669 	4228
f 4228 	4463 	4666
f 4463 	4662 	5313
f 4662 	4447 	5319
f 5331 	5330 	5322
f 5331 	5322 	5324
f 5330 	5344 	5322
f 5344 	5330 	4667
f 5331 	4094 	3907
f 5344 	5343 	5336
f 5344 	5336 	5335
f 4669 	4666 	5343
f 4666 	5407 	5343
f 5336 	5343 	5407
f 5335 	5322 	5344
f 5349 	5335 	5346
f 5322 	5335 	5349
f 5400 	4215 	5324
f 5402 	1359 	5346
f 5346 	1359 	5349
f 5400 	5349 	1359
f 5483 	5336 	5407
f 5497 	5336 	5483
f 5481 	5486 	5407
f 5483 	5407 	5486
f 5491 	5502 	5486
f 5319 	5492 	5481
f 5319 	5481 	5313
f 5486 	5481 	5491
f 5481 	5492 	5491
f 5336 	5497 	5402
f 5502 	5499 	5486
f 5502 	5577 	1359
f 5499 	5502 	1359
f 5499 	1359 	5497
f 5402 	5497 	1359
f 5504 	5532 	4447
f 5511 	5510 	5504
f 5511 	5504 	5506
f 5514 	5526 	5513
f 5506 	4830 	5511
f 4267 	4254 	4450
f 4815 	5514 	5511
f 5521 	5520 	5516
f 5521 	5516 	5518
f 5514 	4815 	5524
f 4815 	4885 	5524
f 5526 	5514 	5524
f 5594 	5591 	5626
f 5528 	5510 	5529
f 5532 	5504 	5528
f 5538 	5532 	5528
f 5513 	5529 	5510
f 5532 	5319 	4447
f 5510 	5528 	5504
f 5521 	5534 	5526
f 5513 	5526 	5529
f 5529 	5526 	5534
f 5528 	5536 	5538
f 5575 	5572 	5536
f 5540 	5575 	5536
f 5538 	5536 	5572
f 5572 	5561 	5538
f 5492 	5538 	5561
f 5492 	5561 	5491
f 5534 	5583 	5540
f 5575 	5540 	5583
f 5582 	1359 	5577
f 5572 	5582 	5577
f 5572 	5577 	5561
f 5582 	5579 	1359
f 5540 	5529 	5534
f 5587 	5583 	5686
f 5579 	5575 	5587
f 5583 	5587 	5575
f 5587 	5586 	5579
f 5586 	1359 	5579
f 5594 	5593 	5592
f 5594 	5592 	5591
f 5597 	5604 	5620
f 5621 	5626 	5591
f 5516 	5087 	5593
f 5592 	5593 	5096
f 5614 	5613 	5603
f 5614 	5603 	5605
f 5878 	5633 	5608
f 5605 	5615 	5130
f 5599 	5098 	5615
f 5604 	5597 	5615
f 5597 	5599 	5615
f 5098 	5130 	5615
f 5626 	5683 	5628
f 5633 	5618 	5613
f 5603 	5613 	5618
f 5603 	5618 	5631
f 5620 	5604 	5631
f 5626 	5628 	5594
f 5518 	5594 	5628
f 5628 	5534 	5518
f 5521 	5518 	5534
f 5621 	5597 	5620
f 5591 	5597 	5621
f 5603 	5631 	5604
f 5647 	1222 	5649
f 5676 	5808 	5647
f 5808 	1222 	5647
f 5683 	5682 	5676
f 5683 	5676 	5677
f 5682 	5621 	5620
f 5620 	5721 	5682
f 5628 	5683 	5686
f 1359 	5586 	5717
f 5720 	5677 	5717
f 5677 	5649 	5717
f 1359 	5717 	5649
f 5587 	5686 	5720
f 5677 	5720 	5686
f 5677 	5686 	5683
f 5727 	5726 	5721
f 5727 	5721 	5725
f 5726 	5682 	5721
f 5676 	5682 	5726
f 5618 	5725 	5631
f 5725 	5618 	5743
f 5748 	5747 	5743
f 5748 	5743 	5746
f 5725 	5743 	5747
f 5725 	5747 	5727
f 5746 	5894 	5748
f 5815 	1222 	5807
f 5807 	5727 	5815
f 5747 	5815 	5727
f 5894 	5887 	5748
f 5807 	1222 	5808
f 5726 	5808 	5676
f 5812 	1222 	5815
f 5830 	5828 	5999
f 2616 	2620 	5864
f 5607 	5849 	5848
f 5608 	5607 	5848
f 5856 	5855 	5842
f 5856 	5842 	5844
f 5851 	5850 	5864
f 5851 	5864 	5863
f 2635 	2616 	5850
f 5850 	5849 	2635
f 5607 	5146 	5849
f 5146 	2635 	5849
f 5875 	5878 	5848
f 5848 	5851 	5875
f 5872 	5875 	5863
f 5863 	5856 	5872
f 5844 	5872 	5856
f 5830 	5868 	5844
f 5872 	5844 	5868
f 5914 	5875 	5872
f 5608 	5848 	5878
f 5851 	5863 	5875
f 5746 	5633 	5878
f 5613 	5608 	5633
f 5900 	1222 	5882
f 5886 	5900 	5882
f 5887 	5894 	5886
f 5894 	5890 	5886
f 5875 	5914 	5890
f 5878 	5894 	5746
f 5812 	5748 	5887
f 5887 	5883 	5812
f 5882 	1222 	5883
f 5883 	1222 	5812
f 5901 	5900 	5886
f 5904 	1222 	5900
f 5906 	6074 	5904
f 6074 	1222 	5904
f 5914 	5913 	5906
f 5914 	5906 	5901
f 5901 	5886 	5914
f 5886 	5890 	5914
f 5830 	5999 	5998
f 5935 	5934 	6001
f 5935 	6001 	6000
f 5931 	5930 	6005
f 5931 	6005 	6004
f 6001 	6019 	5998
f 5934 	6030 	6001
f 6005 	6031 	5934
f 5930 	6027 	6005
f 6010 	6024 	5930
f 5868 	5830 	6034
f 6014 	6177 	6010
f 6004 	2945 	5931
f 5935 	2945 	6004
f 6000 	2908 	5935
f 5999 	2908 	6000
f 2945 	2944 	5931
f 6030 	6043 	6019
f 6027 	6159 	6031
f 6027 	5930 	6024
f 6031 	6005 	6027
f 6030 	5934 	6031
f 6019 	6001 	6030
f 6034 	5998 	6019
f 6275 	6024 	6010
f 6050 	5913 	6034
f 5913 	5868 	6034
f 5998 	6034 	5830
f 6038 	6043 	6163
f 6050 	6049 	6052
f 6050 	6052 	6051
f 6072 	6052 	6038
f 6043 	6038 	6052
f 6043 	6052 	6049
f 6043 	6049 	6019
f 6050 	6051 	5906
f 5906 	5913 	6050
f 6038 	6064 	6072
f 6051 	6074 	5906
f 6064 	1222 	6072
f 6080 	1222 	6064
f 6116 	1222 	6080
f 6117 	6116 	6080
f 6117 	6080 	6085
f 6072 	1222 	6074
f 6110 	1222 	6116
f 6087 	6349 	6110
f 6349 	1222 	6110
f 6159 	6163 	6031
f 6163 	6159 	6117
f 6085 	6163 	6117
f 6038 	6163 	6085
f 6087 	6117 	6159
f 6087 	6159 	6139
f 6188 	6210 	6184
f 6179 	6195 	6176
f 6195 	6185 	6176
f 6184 	6272 	6185
f 6272 	6265 	6185
f 6196 	6014 	2952
f 2944 	2952 	6014
f 6196 	6177 	6014
f 6014 	5931 	2944
f 6210 	6216 	6184
f 6243 	6211 	3780
f 6246 	6242 	6243
f 6242 	6211 	6243
f 6210 	3780 	6211
f 6256 	6267 	6242
f 6242 	6246 	6256
f 6361 	6267 	6256
f 6361 	6256 	6358
f 6272 	6216 	6267
f 6177 	6176 	6265
f 6275 	6010 	6177
f 6265 	6275 	6177
f 6176 	6185 	6265
f 6184 	6216 	6272
f 6242 	6267 	6216
f 6336 	6139 	6275
f 6024 	6275 	6139
f 6343 	6342 	6336
f 6343 	6336 	6333
f 6342 	6349 	6087
f 6087 	6139 	6342
f 6336 	6342 	6139
f 6350 	1222 	6349
f 6333 	6475 	6343
f 6343 	6488 	6350
f 6488 	1222 	6350
f 6333 	6265 	6364
f 6272 	6364 	6265
f 6478 	6475 	6364
f 6333 	6364 	6475
f 6364 	6361 	6478
f 6482 	6478 	6361
f 6482 	6361 	6358
f 6482 	6358 	6640
f 6343 	6475 	6488
f 6482 	6512 	6503
f 6482 	6503 	6478
f 6685 	1222 	6688
f 6512 	1222 	6503
f 6503 	1222 	6488
f 6518 	6553 	6246
f 6515 	6523 	6522
f 6515 	6522 	6518
f 4074 	6529 	6523
f 6515 	6243 	3784
f 3784 	4071 	6515
f 6543 	6541 	6534
f 6543 	6534 	6533
f 6533 	6546 	4114
f 4074 	4114 	6546
f 4114 	4110 	6533
f 6527 	6529 	6550
f 4074 	6546 	6529
f 6550 	6529 	6546
f 1171 	6565 	6541
f 6534 	6541 	6565
f 6541 	1159 	1171
f 1159 	1163 	1171
f 6565 	6702 	6556
f 6570 	6643 	6553
f 6568 	6706 	6572
f 6568 	6572 	6527
f 6572 	6570 	6522
f 6518 	6522 	6570
f 6570 	6553 	6518
f 6256 	6246 	6553
f 6522 	6527 	6572
f 6527 	6550 	6568
f 6565 	6556 	6534
f 6550 	6534 	6556
f 6556 	6568 	6550
f 6643 	6640 	6553
f 6645 	6572 	6706
f 6640 	6643 	6679
f 6680 	6640 	6679
f 6482 	6640 	6680
f 6682 	6679 	6643
f 6643 	6645 	6682
f 6682 	6645 	6706
f 6679 	6685 	6688
f 6679 	6688 	6680
f 6690 	1222 	6685
f 6811 	1222 	6690
f 6804 	1222 	6811
f 6688 	1222 	6512
f 6702 	6700 	6556
f 1209 	6710 	6702
f 1209 	6702 	1211
f 6804 	6775 	6710
f 6702 	6710 	6775
f 6781 	6706 	6775
f 6706 	6700 	6775
f 6702 	6775 	6700
f 6811 	6690 	6682
f 6781 	6811 	6682
f 6706 	6781 	6682
f 6710 	6803 	6804
f 1359 	5649 	1222
f 6803 	1222 	6804
f 6803 	1208 	1222
f 1080 	1222 	1081
f 1222 	1171 	1081
f 1222 	1089 	1129
# 13434 faces

 #end of obj_2

