ISO-10303-21;
HEADER;
FILE_DESCRIPTION(('FreeCAD Model'),'2;1');
FILE_NAME('Open CASCADE Shape Model','2026-09-10T22:03:29',(''),(''),
  'Open CASCADE STEP processor 7.8','FreeCAD','Unknown');
FILE_SCHEMA(('AUTOMOTIVE_DESIGN { 1 0 10303 214 1 1 1 1 }'));
ENDSEC;
DATA;
#1 = APPLICATION_PROTOCOL_DEFINITION('international standard',
  'automotive_design',2000,#2);
#2 = APPLICATION_CONTEXT(
  'core data for automotive mechanical design processes');
#3 = SHAPE_DEFINITION_REPRESENTATION(#4,#10);
#4 = PRODUCT_DEFINITION_SHAPE('','',#5);
#5 = PRODUCT_DEFINITION('design','',#6,#9);
#6 = PRODUCT_DEFINITION_FORMATION('','',#7);
#7 = PRODUCT('locking ring','locking ring','',(#8));
#8 = PRODUCT_CONTEXT('',#2,'mechanical');
#9 = PRODUCT_DEFINITION_CONTEXT('part definition',#2,'design');
#10 = SHAPE_REPRESENTATION('',(#11,#15),#19);
#11 = AXIS2_PLACEMENT_3D('',#12,#13,#14);
#12 = CARTESIAN_POINT('',(0.,0.,0.));
#13 = DIRECTION('',(0.,0.,1.));
#14 = DIRECTION('',(1.,0.,-0.));
#15 = AXIS2_PLACEMENT_3D('',#16,#17,#18);
#16 = CARTESIAN_POINT('',(0.,0.,0.));
#17 = DIRECTION('',(0.,0.,1.));
#18 = DIRECTION('',(1.,0.,0.));
#19 = ( GEOMETRIC_REPRESENTATION_CONTEXT(3) 
GLOBAL_UNCERTAINTY_ASSIGNED_CONTEXT((#23)) GLOBAL_UNIT_ASSIGNED_CONTEXT(
(#20,#21,#22)) REPRESENTATION_CONTEXT('Context #1',
  '3D Context with UNIT and UNCERTAINTY') );
#20 = ( LENGTH_UNIT() NAMED_UNIT(*) SI_UNIT(.MILLI.,.METRE.) );
#21 = ( NAMED_UNIT(*) PLANE_ANGLE_UNIT() SI_UNIT($,.RADIAN.) );
#22 = ( NAMED_UNIT(*) SI_UNIT($,.STERADIAN.) SOLID_ANGLE_UNIT() );
#23 = UNCERTAINTY_MEASURE_WITH_UNIT(LENGTH_MEASURE(2.E-05),#20,
  'distance_accuracy_value','confusion accuracy');
#24 = PRODUCT_RELATED_PRODUCT_CATEGORY('part',$,(#7));
#25 = SHAPE_DEFINITION_REPRESENTATION(#26,#32);
#26 = PRODUCT_DEFINITION_SHAPE('','',#27);
#27 = PRODUCT_DEFINITION('design','',#28,#31);
#28 = PRODUCT_DEFINITION_FORMATION('','',#29);
#29 = PRODUCT('ring-Body','ring-Body','',(#30));
#30 = PRODUCT_CONTEXT('',#2,'mechanical');
#31 = PRODUCT_DEFINITION_CONTEXT('part definition',#2,'design');
#32 = ADVANCED_BREP_SHAPE_REPRESENTATION('',(#11,#33),#4211);
#33 = MANIFOLD_SOLID_BREP('',#34);
#34 = CLOSED_SHELL('',(#35,#196,#498,#586,#689,#954,#1081,#1155,#1229,
    #1257,#1334,#1410,#1437,#1493,#1645,#1753,#1779,#1987,#2063,#2175,
    #2650,#2678,#2742,#2850,#2905,#2938,#2966,#3022,#3078,#3085,#3169,
    #3219,#3363,#3419,#3445,#3651,#3684,#3758,#3813,#3845,#3900,#3955,
    #4092,#4120,#4148,#4155,#4183));
#35 = ADVANCED_FACE('',(#36),#50,.F.);
#36 = FACE_BOUND('',#37,.T.);
#37 = EDGE_LOOP('',(#38,#73,#141,#169));
#38 = ORIENTED_EDGE('',*,*,#39,.T.);
#39 = EDGE_CURVE('',#40,#42,#44,.T.);
#40 = VERTEX_POINT('',#41);
#41 = CARTESIAN_POINT('',(-5.8168713108,3.521932445915,0.25));
#42 = VERTEX_POINT('',#43);
#43 = CARTESIAN_POINT('',(-5.8168713108,3.521932445915,0.932506547434));
#44 = SURFACE_CURVE('',#45,(#49,#61),.PCURVE_S1.);
#45 = LINE('',#46,#47);
#46 = CARTESIAN_POINT('',(-5.8168713108,3.521932445915,0.));
#47 = VECTOR('',#48,1.);
#48 = DIRECTION('',(0.,0.,1.));
#49 = PCURVE('',#50,#55);
#50 = CYLINDRICAL_SURFACE('',#51,2.);
#51 = AXIS2_PLACEMENT_3D('',#52,#53,#54);
#52 = CARTESIAN_POINT('',(-7.442778030093,4.68659005232,0.));
#53 = DIRECTION('',(-0.,-0.,-1.));
#54 = DIRECTION('',(1.,0.,0.));
#55 = DEFINITIONAL_REPRESENTATION('',(#56),#60);
#56 = LINE('',#57,#58);
#57 = CARTESIAN_POINT('',(-5.66159492472,0.));
#58 = VECTOR('',#59,1.);
#59 = DIRECTION('',(-0.,-1.));
#60 = ( GEOMETRIC_REPRESENTATION_CONTEXT(2) 
PARAMETRIC_REPRESENTATION_CONTEXT() REPRESENTATION_CONTEXT('2D SPACE',''
  ) );
#61 = PCURVE('',#62,#67);
#62 = CYLINDRICAL_SURFACE('',#63,7.155233743456);
#63 = AXIS2_PLACEMENT_3D('',#64,#65,#66);
#64 = CARTESIAN_POINT('',(0.,-0.644766256544,0.));
#65 = DIRECTION('',(-0.,-0.,-1.));
#66 = DIRECTION('',(1.,0.,0.));
#67 = DEFINITIONAL_REPRESENTATION('',(#68),#72);
#68 = LINE('',#69,#70);
#69 = CARTESIAN_POINT('',(-2.520002271131,0.));
#70 = VECTOR('',#71,1.);
#71 = DIRECTION('',(-0.,-1.));
#72 = ( GEOMETRIC_REPRESENTATION_CONTEXT(2) 
PARAMETRIC_REPRESENTATION_CONTEXT() REPRESENTATION_CONTEXT('2D SPACE',''
  ) );
#73 = ORIENTED_EDGE('',*,*,#74,.T.);
#74 = EDGE_CURVE('',#42,#75,#77,.T.);
#75 = VERTEX_POINT('',#76);
#76 = CARTESIAN_POINT('',(-5.745666818056,5.744802476164,0.932125110453)
  );
#77 = SURFACE_CURVE('',#78,(#89,#103),.PCURVE_S1.);
#78 = ( BOUNDED_CURVE() B_SPLINE_CURVE(9,(#79,#80,#81,#82,#83,#84,#85,
#86,#87,#88),.UNSPECIFIED.,.F.,.F.) B_SPLINE_CURVE_WITH_KNOTS((10,10),(
48.404676434216,50.770206733325),.PIECEWISE_BEZIER_KNOTS.) CURVE() 
GEOMETRIC_REPRESENTATION_ITEM() RATIONAL_B_SPLINE_CURVE((1.,1.,1.,1.,1.,
1.,1.,1.,1.,1.)) REPRESENTATION_ITEM('') );
#79 = CARTESIAN_POINT('',(-5.8168713108,3.521932445915,0.932506547434));
#80 = CARTESIAN_POINT('',(-5.662043909512,3.738077440548,0.933643076694)
  );
#81 = CARTESIAN_POINT('',(-5.541991256127,3.973051602854,0.932524655276)
  );
#82 = CARTESIAN_POINT('',(-5.452057076875,4.23659734659,0.933066424139)
  );
#83 = CARTESIAN_POINT('',(-5.410662790571,4.489378461689,0.93321106709)
  );
#84 = CARTESIAN_POINT('',(-5.409539081946,4.753051019064,0.932778443977)
  );
#85 = CARTESIAN_POINT('',(-5.421866186011,4.999552705368,0.933465268716)
  );
#86 = CARTESIAN_POINT('',(-5.501071481844,5.277152116684,0.932014297794)
  );
#87 = CARTESIAN_POINT('',(-5.60370489925,5.517130641418,0.934151922576)
  );
#88 = CARTESIAN_POINT('',(-5.745666818056,5.744802476164,0.932125110453)
  );
#89 = PCURVE('',#50,#90);
#90 = DEFINITIONAL_REPRESENTATION('',(#91),#102);
#91 = B_SPLINE_CURVE_WITH_KNOTS('',9,(#92,#93,#94,#95,#96,#97,#98,#99,
    #100,#101),.UNSPECIFIED.,.F.,.F.,(10,10),(48.404676434216,
    50.770206733325),.PIECEWISE_BEZIER_KNOTS.);
#92 = CARTESIAN_POINT('',(-5.66159492472,-0.932506547434));
#93 = CARTESIAN_POINT('',(-5.794533052147,-0.933643076694));
#94 = CARTESIAN_POINT('',(-5.924882862989,-0.93252472929));
#95 = CARTESIAN_POINT('',(-6.062315176925,-0.933066231486));
#96 = CARTESIAN_POINT('',(-6.184779087874,-0.933211295798));
#97 = CARTESIAN_POINT('',(-6.317465633147,-0.932778308886));
#98 = CARTESIAN_POINT('',(-6.435465004515,-0.933465293865));
#99 = CARTESIAN_POINT('',(-6.577603360808,-0.932014306868));
#100 = CARTESIAN_POINT('',(-6.706579648552,-0.934151922576));
#101 = CARTESIAN_POINT('',(-6.840732220953,-0.932125110453));
#102 = ( GEOMETRIC_REPRESENTATION_CONTEXT(2) 
PARAMETRIC_REPRESENTATION_CONTEXT() REPRESENTATION_CONTEXT('2D SPACE',''
  ) );
#103 = PCURVE('',#104,#135);
#104 = ( BOUNDED_SURFACE() B_SPLINE_SURFACE(2,9,(
    (#105,#106,#107,#108,#109,#110,#111,#112,#113,#114)
    ,(#115,#116,#117,#118,#119,#120,#121,#122,#123,#124)
    ,(#125,#126,#127,#128,#129,#130,#131,#132,#133,#134
)),.UNSPECIFIED.,.F.,.F.,.F.) B_SPLINE_SURFACE_WITH_KNOTS((3,3),(10,10),
  (0.,2.365530299109),(48.404676434216,50.770206733325),
.PIECEWISE_BEZIER_KNOTS.) GEOMETRIC_REPRESENTATION_ITEM() 
RATIONAL_B_SPLINE_SURFACE((
    (1.,1.,1.,1.,1.,1.,1.,1.,1.,1.)
    ,(0.96544367813,0.96652919903,0.965455179609,0.965976199924
      ,0.966137039051,0.965658022711,0.966404397611,0.964944619706
      ,0.967022215787,0.965078631534)
,(1.,1.,1.,1.,1.,1.,1.,1.,1.,1.))) REPRESENTATION_ITEM('') SURFACE() );
#105 = CARTESIAN_POINT('',(-5.8168713108,3.521932445915,0.932506547434)
  );
#106 = CARTESIAN_POINT('',(-5.662043909512,3.738077440548,0.933643076694
    ));
#107 = CARTESIAN_POINT('',(-5.541991256127,3.973051602854,0.932524655276
    ));
#108 = CARTESIAN_POINT('',(-5.452057076875,4.23659734659,0.933066424139)
  );
#109 = CARTESIAN_POINT('',(-5.410662790571,4.489378461689,0.93321106709)
  );
#110 = CARTESIAN_POINT('',(-5.409539081946,4.753051019064,0.932778443977
    ));
#111 = CARTESIAN_POINT('',(-5.421866186011,4.999552705368,0.933465268716
    ));
#112 = CARTESIAN_POINT('',(-5.501071481844,5.277152116684,0.932014297794
    ));
#113 = CARTESIAN_POINT('',(-5.60370489925,5.517130641418,0.934151922576)
  );
#114 = CARTESIAN_POINT('',(-5.745666818056,5.744802476164,0.932125110453
    ));
#115 = CARTESIAN_POINT('',(-5.8168713108,3.521932445915,0.999991527269)
  );
#116 = CARTESIAN_POINT('',(-5.662217798081,3.737834685431,1.000010836546
    ));
#117 = CARTESIAN_POINT('',(-5.541644120099,3.973661049616,0.999991245967
    ));
#118 = CARTESIAN_POINT('',(-5.452348126521,4.235724218093,1.000000796259
    ));
#119 = CARTESIAN_POINT('',(-5.410718891975,4.490351913606,1.000005643204
    ));
#120 = CARTESIAN_POINT('',(-5.409061383208,4.751883610021,0.999991442131
    ));
#121 = CARTESIAN_POINT('',(-5.422586821209,5.000927609678,1.000012481265
    ));
#122 = CARTESIAN_POINT('',(-5.500455523945,5.276066083868,0.999980157912
    ));
#123 = CARTESIAN_POINT('',(-5.603990223564,5.517588231105,1.000020193229
    ));
#124 = CARTESIAN_POINT('',(-5.745666818056,5.744802476164,0.999984961583
    ));
#125 = CARTESIAN_POINT('',(-5.786887990712,3.505987812803,1.05830954931)
  );
#126 = CARTESIAN_POINT('',(-5.633231478747,3.722163066044,1.057646338441
    ));
#127 = CARTESIAN_POINT('',(-5.510781406495,3.959503194277,1.05829234052)
  );
#128 = CARTESIAN_POINT('',(-5.418945812005,4.227005965265,1.057980113348
    ));
#129 = CARTESIAN_POINT('',(-5.376567528514,4.486103182653,1.057922370183
    ));
#130 = CARTESIAN_POINT('',(-5.374472944177,4.754093859651,1.058098143817
    ));
#131 = CARTESIAN_POINT('',(-5.388761762472,5.007776435458,1.057802401283
    ));
#132 = CARTESIAN_POINT('',(-5.468882774289,5.288992785186,1.058563266173
    ));
#133 = CARTESIAN_POINT('',(-5.5744306676,5.53127248926,1.057357550473));
#134 = CARTESIAN_POINT('',(-5.713828216444,5.757592727975,1.058531287697
    ));
#135 = DEFINITIONAL_REPRESENTATION('',(#136),#140);
#136 = LINE('',#137,#138);
#137 = CARTESIAN_POINT('',(0.,0.));
#138 = VECTOR('',#139,1.);
#139 = DIRECTION('',(0.,1.));
#140 = ( GEOMETRIC_REPRESENTATION_CONTEXT(2) 
PARAMETRIC_REPRESENTATION_CONTEXT() REPRESENTATION_CONTEXT('2D SPACE',''
  ) );
#141 = ORIENTED_EDGE('',*,*,#142,.F.);
#142 = EDGE_CURVE('',#143,#75,#145,.T.);
#143 = VERTEX_POINT('',#144);
#144 = CARTESIAN_POINT('',(-5.745666818056,5.744802476164,0.25));
#145 = SURFACE_CURVE('',#146,(#150,#157),.PCURVE_S1.);
#146 = LINE('',#147,#148);
#147 = CARTESIAN_POINT('',(-5.745666818056,5.744802476164,0.));
#148 = VECTOR('',#149,1.);
#149 = DIRECTION('',(0.,0.,1.));
#150 = PCURVE('',#50,#151);
#151 = DEFINITIONAL_REPRESENTATION('',(#152),#156);
#152 = LINE('',#153,#154);
#153 = CARTESIAN_POINT('',(-6.840732220953,0.));
#154 = VECTOR('',#155,1.);
#155 = DIRECTION('',(-0.,-1.));
#156 = ( GEOMETRIC_REPRESENTATION_CONTEXT(2) 
PARAMETRIC_REPRESENTATION_CONTEXT() REPRESENTATION_CONTEXT('2D SPACE',''
  ) );
#157 = PCURVE('',#158,#163);
#158 = CYLINDRICAL_SURFACE('',#159,3.);
#159 = AXIS2_PLACEMENT_3D('',#160,#161,#162);
#160 = CARTESIAN_POINT('',(-3.2,7.332121111929,0.));
#161 = DIRECTION('',(-0.,-0.,-1.));
#162 = DIRECTION('',(1.,0.,0.));
#163 = DEFINITIONAL_REPRESENTATION('',(#164),#168);
#164 = LINE('',#165,#166);
#165 = CARTESIAN_POINT('',(-9.982324874543,0.));
#166 = VECTOR('',#167,1.);
#167 = DIRECTION('',(-0.,-1.));
#168 = ( GEOMETRIC_REPRESENTATION_CONTEXT(2) 
PARAMETRIC_REPRESENTATION_CONTEXT() REPRESENTATION_CONTEXT('2D SPACE',''
  ) );
#169 = ORIENTED_EDGE('',*,*,#170,.T.);
#170 = EDGE_CURVE('',#143,#40,#171,.T.);
#171 = SURFACE_CURVE('',#172,(#177,#184),.PCURVE_S1.);
#172 = CIRCLE('',#173,2.);
#173 = AXIS2_PLACEMENT_3D('',#174,#175,#176);
#174 = CARTESIAN_POINT('',(-7.442778030093,4.68659005232,0.25));
#175 = DIRECTION('',(0.,0.,-1.));
#176 = DIRECTION('',(0.848555606019,0.529106211922,0.));
#177 = PCURVE('',#50,#178);
#178 = DEFINITIONAL_REPRESENTATION('',(#179),#183);
#179 = LINE('',#180,#181);
#180 = CARTESIAN_POINT('',(-6.840732220953,-0.25));
#181 = VECTOR('',#182,1.);
#182 = DIRECTION('',(1.,-0.));
#183 = ( GEOMETRIC_REPRESENTATION_CONTEXT(2) 
PARAMETRIC_REPRESENTATION_CONTEXT() REPRESENTATION_CONTEXT('2D SPACE',''
  ) );
#184 = PCURVE('',#185,#190);
#185 = TOROIDAL_SURFACE('',#186,2.25,0.25);
#186 = AXIS2_PLACEMENT_3D('',#187,#188,#189);
#187 = CARTESIAN_POINT('',(-7.442778030093,4.68659005232,0.25));
#188 = DIRECTION('',(-0.,-0.,-1.));
#189 = DIRECTION('',(0.848555606019,0.529106211922,0.));
#190 = DEFINITIONAL_REPRESENTATION('',(#191),#195);
#191 = LINE('',#192,#193);
#192 = CARTESIAN_POINT('',(0.,3.14159265359));
#193 = VECTOR('',#194,1.);
#194 = DIRECTION('',(1.,0.));
#195 = ( GEOMETRIC_REPRESENTATION_CONTEXT(2) 
PARAMETRIC_REPRESENTATION_CONTEXT() REPRESENTATION_CONTEXT('2D SPACE',''
  ) );
#196 = ADVANCED_FACE('',(#197),#62,.T.);
#197 = FACE_BOUND('',#198,.F.);
#198 = EDGE_LOOP('',(#199,#229,#258,#285,#286,#319,#393,#467));
#199 = ORIENTED_EDGE('',*,*,#200,.F.);
#200 = EDGE_CURVE('',#201,#203,#205,.T.);
#201 = VERTEX_POINT('',#202);
#202 = CARTESIAN_POINT('',(5.8168713108,3.521932445915,0.25));
#203 = VERTEX_POINT('',#204);
#204 = CARTESIAN_POINT('',(5.8168713108,3.521932445915,0.932506547434));
#205 = SURFACE_CURVE('',#206,(#210,#217),.PCURVE_S1.);
#206 = LINE('',#207,#208);
#207 = CARTESIAN_POINT('',(5.8168713108,3.521932445915,0.));
#208 = VECTOR('',#209,1.);
#209 = DIRECTION('',(0.,0.,1.));
#210 = PCURVE('',#62,#211);
#211 = DEFINITIONAL_REPRESENTATION('',(#212),#216);
#212 = LINE('',#213,#214);
#213 = CARTESIAN_POINT('',(-6.904775689639,0.));
#214 = VECTOR('',#215,1.);
#215 = DIRECTION('',(-0.,-1.));
#216 = ( GEOMETRIC_REPRESENTATION_CONTEXT(2) 
PARAMETRIC_REPRESENTATION_CONTEXT() REPRESENTATION_CONTEXT('2D SPACE',''
  ) );
#217 = PCURVE('',#218,#223);
#218 = CYLINDRICAL_SURFACE('',#219,2.);
#219 = AXIS2_PLACEMENT_3D('',#220,#221,#222);
#220 = CARTESIAN_POINT('',(7.442778030093,4.68659005232,0.));
#221 = DIRECTION('',(-0.,-0.,-1.));
#222 = DIRECTION('',(1.,0.,0.));
#223 = DEFINITIONAL_REPRESENTATION('',(#224),#228);
#224 = LINE('',#225,#226);
#225 = CARTESIAN_POINT('',(-3.763183036049,0.));
#226 = VECTOR('',#227,1.);
#227 = DIRECTION('',(-0.,-1.));
#228 = ( GEOMETRIC_REPRESENTATION_CONTEXT(2) 
PARAMETRIC_REPRESENTATION_CONTEXT() REPRESENTATION_CONTEXT('2D SPACE',''
  ) );
#229 = ORIENTED_EDGE('',*,*,#230,.F.);
#230 = EDGE_CURVE('',#231,#201,#233,.T.);
#231 = VERTEX_POINT('',#232);
#232 = CARTESIAN_POINT('',(-2.6645352591E-15,-7.8,0.25));
#233 = SURFACE_CURVE('',#234,(#239,#246),.PCURVE_S1.);
#234 = CIRCLE('',#235,7.155233743456);
#235 = AXIS2_PLACEMENT_3D('',#236,#237,#238);
#236 = CARTESIAN_POINT('',(0.,-0.644766256544,0.25));
#237 = DIRECTION('',(0.,0.,1.));
#238 = DIRECTION('',(-1.836970198721E-16,-1.,0.));
#239 = PCURVE('',#62,#240);
#240 = DEFINITIONAL_REPRESENTATION('',(#241),#245);
#241 = LINE('',#242,#243);
#242 = CARTESIAN_POINT('',(-4.712388980385,-0.25));
#243 = VECTOR('',#244,1.);
#244 = DIRECTION('',(-1.,0.));
#245 = ( GEOMETRIC_REPRESENTATION_CONTEXT(2) 
PARAMETRIC_REPRESENTATION_CONTEXT() REPRESENTATION_CONTEXT('2D SPACE',''
  ) );
#246 = PCURVE('',#247,#252);
#247 = TOROIDAL_SURFACE('',#248,6.905233743456,0.25);
#248 = AXIS2_PLACEMENT_3D('',#249,#250,#251);
#249 = CARTESIAN_POINT('',(0.,-0.644766256544,0.25));
#250 = DIRECTION('',(0.,0.,1.));
#251 = DIRECTION('',(-1.836970198721E-16,-1.,0.));
#252 = DEFINITIONAL_REPRESENTATION('',(#253),#257);
#253 = LINE('',#254,#255);
#254 = CARTESIAN_POINT('',(0.,6.28318530718));
#255 = VECTOR('',#256,1.);
#256 = DIRECTION('',(1.,0.));
#257 = ( GEOMETRIC_REPRESENTATION_CONTEXT(2) 
PARAMETRIC_REPRESENTATION_CONTEXT() REPRESENTATION_CONTEXT('2D SPACE',''
  ) );
#258 = ORIENTED_EDGE('',*,*,#259,.F.);
#259 = EDGE_CURVE('',#40,#231,#260,.T.);
#260 = SURFACE_CURVE('',#261,(#266,#273),.PCURVE_S1.);
#261 = CIRCLE('',#262,7.155233743456);
#262 = AXIS2_PLACEMENT_3D('',#263,#264,#265);
#263 = CARTESIAN_POINT('',(0.,-0.644766256544,0.25));
#264 = DIRECTION('',(0.,0.,1.));
#265 = DIRECTION('',(-0.812953359647,0.582328803202,0.));
#266 = PCURVE('',#62,#267);
#267 = DEFINITIONAL_REPRESENTATION('',(#268),#272);
#268 = LINE('',#269,#270);
#269 = CARTESIAN_POINT('',(-2.520002271131,-0.25));
#270 = VECTOR('',#271,1.);
#271 = DIRECTION('',(-1.,0.));
#272 = ( GEOMETRIC_REPRESENTATION_CONTEXT(2) 
PARAMETRIC_REPRESENTATION_CONTEXT() REPRESENTATION_CONTEXT('2D SPACE',''
  ) );
#273 = PCURVE('',#274,#279);
#274 = TOROIDAL_SURFACE('',#275,6.905233743456,0.25);
#275 = AXIS2_PLACEMENT_3D('',#276,#277,#278);
#276 = CARTESIAN_POINT('',(0.,-0.644766256544,0.25));
#277 = DIRECTION('',(0.,0.,1.));
#278 = DIRECTION('',(-0.812953359647,0.582328803202,0.));
#279 = DEFINITIONAL_REPRESENTATION('',(#280),#284);
#280 = LINE('',#281,#282);
#281 = CARTESIAN_POINT('',(0.,6.28318530718));
#282 = VECTOR('',#283,1.);
#283 = DIRECTION('',(1.,0.));
#284 = ( GEOMETRIC_REPRESENTATION_CONTEXT(2) 
PARAMETRIC_REPRESENTATION_CONTEXT() REPRESENTATION_CONTEXT('2D SPACE',''
  ) );
#285 = ORIENTED_EDGE('',*,*,#39,.T.);
#286 = ORIENTED_EDGE('',*,*,#287,.F.);
#287 = EDGE_CURVE('',#288,#42,#290,.T.);
#288 = VERTEX_POINT('',#289);
#289 = CARTESIAN_POINT('',(-5.819495930034,3.518265936919,0.932498348567
    ));
#290 = SURFACE_CURVE('',#291,(#295,#302),.PCURVE_S1.);
#291 = B_SPLINE_CURVE_WITH_KNOTS('',2,(#292,#293,#294),.UNSPECIFIED.,.F.
  ,.F.,(3,3),(48.400218699848,48.404676434216),
  .PIECEWISE_BEZIER_KNOTS.);
#292 = CARTESIAN_POINT('',(-5.819495930034,3.518265936919,0.932498348567
    ));
#293 = CARTESIAN_POINT('',(-5.818184254177,3.520099526518,0.932496909879
    ));
#294 = CARTESIAN_POINT('',(-5.8168713108,3.521932445915,0.932506547434)
  );
#295 = PCURVE('',#62,#296);
#296 = DEFINITIONAL_REPRESENTATION('',(#297),#301);
#297 = B_SPLINE_CURVE_WITH_KNOTS('',2,(#298,#299,#300),.UNSPECIFIED.,.F.
  ,.F.,(3,3),(48.400218699848,48.404676434216),
  .PIECEWISE_BEZIER_KNOTS.);
#298 = CARTESIAN_POINT('',(-2.520632452142,-0.9324983487));
#299 = CARTESIAN_POINT('',(-2.520317375114,-0.932496909879));
#300 = CARTESIAN_POINT('',(-2.520002271137,-0.932506547301));
#301 = ( GEOMETRIC_REPRESENTATION_CONTEXT(2) 
PARAMETRIC_REPRESENTATION_CONTEXT() REPRESENTATION_CONTEXT('2D SPACE',''
  ) );
#302 = PCURVE('',#303,#313);
#303 = ( BOUNDED_SURFACE() B_SPLINE_SURFACE(2,2,(
    (#304,#305,#306)
    ,(#307,#308,#309)
    ,(#310,#311,#312
)),.UNSPECIFIED.,.F.,.F.,.F.) B_SPLINE_SURFACE_WITH_KNOTS((3,3),(3,3),(
    0.,4.457734367847E-03),(48.400218699848,48.404676434216),
.PIECEWISE_BEZIER_KNOTS.) GEOMETRIC_REPRESENTATION_ITEM() 
RATIONAL_B_SPLINE_SURFACE((
    (1.,1.,1.)
    ,(0.965425086084,0.965434472888,0.965443678118)
,(1.,1.,1.))) REPRESENTATION_ITEM('') SURFACE() );
#304 = CARTESIAN_POINT('',(-5.819495930034,3.518265936919,0.932498348567
    ));
#305 = CARTESIAN_POINT('',(-5.818184254177,3.520099526518,0.932496909879
    ));
#306 = CARTESIAN_POINT('',(-5.8168713108,3.521932445915,0.932506547434)
  );
#307 = CARTESIAN_POINT('',(-5.819495930074,3.518265936831,1.000002461002
    ));
#308 = CARTESIAN_POINT('',(-5.818184266813,3.520099508865,0.999991363645
    ));
#309 = CARTESIAN_POINT('',(-5.81687131076,3.521932446004,0.999991527116)
  );
#310 = CARTESIAN_POINT('',(-5.789492591185,3.502320721777,1.058332169807
    ));
#311 = CARTESIAN_POINT('',(-5.788191004919,3.50415463681,1.05831517362)
  );
#312 = CARTESIAN_POINT('',(-5.786887990712,3.505987812803,1.05830954931)
  );
#313 = DEFINITIONAL_REPRESENTATION('',(#314),#318);
#314 = LINE('',#315,#316);
#315 = CARTESIAN_POINT('',(0.,0.));
#316 = VECTOR('',#317,1.);
#317 = DIRECTION('',(0.,1.));
#318 = ( GEOMETRIC_REPRESENTATION_CONTEXT(2) 
PARAMETRIC_REPRESENTATION_CONTEXT() REPRESENTATION_CONTEXT('2D SPACE',''
  ) );
#319 = ORIENTED_EDGE('',*,*,#320,.F.);
#320 = EDGE_CURVE('',#321,#288,#323,.T.);
#321 = VERTEX_POINT('',#322);
#322 = CARTESIAN_POINT('',(-1.314395115161E-15,-7.8,0.933012701892));
#323 = SURFACE_CURVE('',#324,(#336,#352),.PCURVE_S1.);
#324 = ( BOUNDED_CURVE() B_SPLINE_CURVE(10,(#325,#326,#327,#328,#329,
    #330,#331,#332,#333,#334,#335),.UNSPECIFIED.,.F.,.F.) 
B_SPLINE_CURVE_WITH_KNOTS((11,11),(32.669883661819,48.400218699848),
.PIECEWISE_BEZIER_KNOTS.) CURVE() GEOMETRIC_REPRESENTATION_ITEM() 
RATIONAL_B_SPLINE_CURVE((1.,1.,1.,1.,1.,1.,1.,1.,1.,1.,1.)) 
REPRESENTATION_ITEM('') );
#325 = CARTESIAN_POINT('',(-1.314395115161E-15,-7.8,0.933012701892));
#326 = CARTESIAN_POINT('',(-1.555030683698,-7.8,0.933012701892));
#327 = CARTESIAN_POINT('',(-3.110400415438,-7.425157966848,
    0.932990330473));
#328 = CARTESIAN_POINT('',(-4.589991884055,-6.669265732687,
    0.933095585742));
#329 = CARTESIAN_POINT('',(-5.868192661351,-5.55736238279,0.932836513634
    ));
#330 = CARTESIAN_POINT('',(-6.805481060968,-4.105031411431,
    0.933240372423));
#331 = CARTESIAN_POINT('',(-7.345883192408,-2.610913256685,
    0.932861705035));
#332 = CARTESIAN_POINT('',(-7.598895490761,-0.917549017072,
    0.933055289553));
#333 = CARTESIAN_POINT('',(-7.319934522396,0.744611957486,0.932737257251
    ));
#334 = CARTESIAN_POINT('',(-6.745217364604,2.224201449671,0.933513521774
    ));
#335 = CARTESIAN_POINT('',(-5.819495930034,3.518265936919,0.932498348567
    ));
#336 = PCURVE('',#62,#337);
#337 = DEFINITIONAL_REPRESENTATION('',(#338),#351);
#338 = B_SPLINE_CURVE_WITH_KNOTS('',11,(#339,#340,#341,#342,#343,#344,
    #345,#346,#347,#348,#349,#350),.UNSPECIFIED.,.F.,.F.,(12,12),(
    32.669883661819,48.400218699848),.PIECEWISE_BEZIER_KNOTS.);
#339 = CARTESIAN_POINT('',(-4.712388980385,-0.933012701892));
#340 = CARTESIAN_POINT('',(-4.51481831972,-0.933012701892));
#341 = CARTESIAN_POINT('',(-4.3172542245,-0.932994418996));
#342 = CARTESIAN_POINT('',(-4.116681874189,-0.933066759218));
#343 = CARTESIAN_POINT('',(-3.916338830579,-0.932931062961));
#344 = CARTESIAN_POINT('',(-3.714945999567,-0.93305619933));
#345 = CARTESIAN_POINT('',(-3.518912520442,-0.933068956122));
#346 = CARTESIAN_POINT('',(-3.321454086763,-0.932931543999));
#347 = CARTESIAN_POINT('',(-3.122709347481,-0.932968831543));
#348 = CARTESIAN_POINT('',(-2.918876233123,-0.932878324776));
#349 = CARTESIAN_POINT('',(-2.722784369647,-0.9334212333));
#350 = CARTESIAN_POINT('',(-2.520632452148,-0.932498348567));
#351 = ( GEOMETRIC_REPRESENTATION_CONTEXT(2) 
PARAMETRIC_REPRESENTATION_CONTEXT() REPRESENTATION_CONTEXT('2D SPACE',''
  ) );
#352 = PCURVE('',#353,#387);
#353 = ( BOUNDED_SURFACE() B_SPLINE_SURFACE(2,10,(
    (#354,#355,#356,#357,#358,#359,#360,#361,#362,#363,#364)
    ,(#365,#366,#367,#368,#369,#370,#371,#372,#373,#374,#375)
    ,(#376,#377,#378,#379,#380,#381,#382,#383,#384,#385,#386
)),.UNSPECIFIED.,.F.,.F.,.F.) B_SPLINE_SURFACE_WITH_KNOTS((3,3),(11,11),
  (0.,15.73033503803),(32.669883661819,48.400218699848),
.PIECEWISE_BEZIER_KNOTS.) GEOMETRIC_REPRESENTATION_ITEM() 
RATIONAL_B_SPLINE_SURFACE((
    (1.,1.,1.,1.,1.,1.,1.,1.,1.,1.,1.)
    ,(0.965925826289,0.965925826289,0.965903314337,0.966010612285
      ,0.965743143671,0.966166536346,0.965756528587,0.965985651917
      ,0.965647710933,0.966416498306,0.965425086072)
,(1.,1.,1.,1.,1.,1.,1.,1.,1.,1.,1.
  ))) REPRESENTATION_ITEM('') SURFACE() );
#354 = CARTESIAN_POINT('',(-1.314395115161E-15,-7.8,0.933012701892));
#355 = CARTESIAN_POINT('',(-1.555030683698,-7.8,0.933012701892));
#356 = CARTESIAN_POINT('',(-3.110400415438,-7.425157966848,
    0.932990330473));
#357 = CARTESIAN_POINT('',(-4.589991884055,-6.669265732687,
    0.933095585742));
#358 = CARTESIAN_POINT('',(-5.868192661351,-5.55736238279,0.932836513634
    ));
#359 = CARTESIAN_POINT('',(-6.805481060968,-4.105031411431,
    0.933240372423));
#360 = CARTESIAN_POINT('',(-7.345883192408,-2.610913256685,
    0.932861705035));
#361 = CARTESIAN_POINT('',(-7.598895490761,-0.917549017072,
    0.933055289553));
#362 = CARTESIAN_POINT('',(-7.319934522396,0.744611957486,0.932737257251
    ));
#363 = CARTESIAN_POINT('',(-6.745217364604,2.224201449671,0.933513521774
    ));
#364 = CARTESIAN_POINT('',(-5.819495930034,3.518265936919,0.932498348567
    ));
#365 = CARTESIAN_POINT('',(-4.440892098501E-16,-7.8,1.));
#366 = CARTESIAN_POINT('',(-1.555030683698,-7.8,1.));
#367 = CARTESIAN_POINT('',(-3.110405744956,-7.425228249352,
    1.000000126042));
#368 = CARTESIAN_POINT('',(-4.58986487153,-6.668973683925,0.999999497199
    ));
#369 = CARTESIAN_POINT('',(-5.868761794764,-5.55786864189,1.000001132718
    ));
#370 = CARTESIAN_POINT('',(-6.804139296027,-4.104649311522,
    0.999998416465));
#371 = CARTESIAN_POINT('',(-7.347875743377,-2.611305428207,1.00000130101
    ));
#372 = CARTESIAN_POINT('',(-7.596828540803,-0.9160390404,0.999999320235)
  );
#373 = CARTESIAN_POINT('',(-7.321666472277,0.742341719772,1.00000157557)
  );
#374 = CARTESIAN_POINT('',(-6.744267699985,2.225528984298,0.99999752603)
  );
#375 = CARTESIAN_POINT('',(-5.819495930034,3.518265936919,1.00000246085)
  );
#376 = CARTESIAN_POINT('',(-1.308242431645E-15,-7.766506350946,
    1.058012701892));
#377 = CARTESIAN_POINT('',(-1.547313913227,-7.766506350946,
    1.058012701892));
#378 = CARTESIAN_POINT('',(-3.095583306303,-7.393634821414,
    1.058025991024));
#379 = CARTESIAN_POINT('',(-4.568800474165,-6.641147527642,
    1.057964608441));
#380 = CARTESIAN_POINT('',(-5.840859052413,-5.534207183281,
    1.058112911418));
#381 = CARTESIAN_POINT('',(-6.773524268925,-4.088314271763,
    1.057887047571));
#382 = CARTESIAN_POINT('',(-7.3100786939,-2.602904120856,1.058088071019)
  );
#383 = CARTESIAN_POINT('',(-7.56358525623,-0.918307454803,1.058001409916
    ));
#384 = CARTESIAN_POINT('',(-7.286271843742,0.736691194945,1.058175564914
    ));
#385 = CARTESIAN_POINT('',(-6.714586150569,2.211477206752,1.057704201167
    ));
#386 = CARTESIAN_POINT('',(-5.789492591185,3.502320721777,1.058332169807
    ));
#387 = DEFINITIONAL_REPRESENTATION('',(#388),#392);
#388 = LINE('',#389,#390);
#389 = CARTESIAN_POINT('',(0.,0.));
#390 = VECTOR('',#391,1.);
#391 = DIRECTION('',(0.,1.));
#392 = ( GEOMETRIC_REPRESENTATION_CONTEXT(2) 
PARAMETRIC_REPRESENTATION_CONTEXT() REPRESENTATION_CONTEXT('2D SPACE',''
  ) );
#393 = ORIENTED_EDGE('',*,*,#394,.F.);
#394 = EDGE_CURVE('',#395,#321,#397,.T.);
#395 = VERTEX_POINT('',#396);
#396 = CARTESIAN_POINT('',(5.819495930034,3.518265936919,0.932498348567)
  );
#397 = SURFACE_CURVE('',#398,(#410,#426),.PCURVE_S1.);
#398 = ( BOUNDED_CURVE() B_SPLINE_CURVE(10,(#399,#400,#401,#402,#403,
    #404,#405,#406,#407,#408,#409),.UNSPECIFIED.,.F.,.F.) 
B_SPLINE_CURVE_WITH_KNOTS((11,11),(16.939548623789,32.669883661819),
.PIECEWISE_BEZIER_KNOTS.) CURVE() GEOMETRIC_REPRESENTATION_ITEM() 
RATIONAL_B_SPLINE_CURVE((1.,1.,1.,1.,0.999999999999,1.000000000001,
0.999999999999,1.,1.,1.,1.)) REPRESENTATION_ITEM('') );
#399 = CARTESIAN_POINT('',(5.819495930034,3.518265936919,0.932498348567)
  );
#400 = CARTESIAN_POINT('',(6.745217364604,2.224201449671,0.933513521774)
  );
#401 = CARTESIAN_POINT('',(7.319934522396,0.744611957487,0.932737257251)
  );
#402 = CARTESIAN_POINT('',(7.598895490761,-0.917549017073,0.933055289551
    ));
#403 = CARTESIAN_POINT('',(7.345883192408,-2.610913256684,0.932861705037
    ));
#404 = CARTESIAN_POINT('',(6.805481060967,-4.10503141143,0.933240372424)
  );
#405 = CARTESIAN_POINT('',(5.86819266135,-5.557362382791,0.932836513631)
  );
#406 = CARTESIAN_POINT('',(4.589991884055,-6.669265732685,0.933095585743
    ));
#407 = CARTESIAN_POINT('',(3.110400415438,-7.425157966849,0.932990330472
    ));
#408 = CARTESIAN_POINT('',(1.555030683699,-7.8,0.933012701892));
#409 = CARTESIAN_POINT('',(-1.314395115161E-15,-7.8,0.933012701892));
#410 = PCURVE('',#62,#411);
#411 = DEFINITIONAL_REPRESENTATION('',(#412),#425);
#412 = B_SPLINE_CURVE_WITH_KNOTS('',11,(#413,#414,#415,#416,#417,#418,
    #419,#420,#421,#422,#423,#424),.UNSPECIFIED.,.F.,.F.,(12,12),(
    16.939548623789,32.669883661819),.PIECEWISE_BEZIER_KNOTS.);
#413 = CARTESIAN_POINT('',(-6.904145508621,-0.932498348567));
#414 = CARTESIAN_POINT('',(-6.701993591122,-0.9334212333));
#415 = CARTESIAN_POINT('',(-6.505901727647,-0.932878324776));
#416 = CARTESIAN_POINT('',(-6.302068613287,-0.932968831543));
#417 = CARTESIAN_POINT('',(-6.103323874008,-0.932931543999));
#418 = CARTESIAN_POINT('',(-5.905865440324,-0.933068956124));
#419 = CARTESIAN_POINT('',(-5.709831961206,-0.933056199328));
#420 = CARTESIAN_POINT('',(-5.508439130188,-0.932931062961));
#421 = CARTESIAN_POINT('',(-5.308096086582,-0.93306675922));
#422 = CARTESIAN_POINT('',(-5.107523736269,-0.932994418995));
#423 = CARTESIAN_POINT('',(-4.90995964105,-0.933012701892));
#424 = CARTESIAN_POINT('',(-4.712388980385,-0.933012701892));
#425 = ( GEOMETRIC_REPRESENTATION_CONTEXT(2) 
PARAMETRIC_REPRESENTATION_CONTEXT() REPRESENTATION_CONTEXT('2D SPACE',''
  ) );
#426 = PCURVE('',#427,#461);
#427 = ( BOUNDED_SURFACE() B_SPLINE_SURFACE(2,10,(
    (#428,#429,#430,#431,#432,#433,#434,#435,#436,#437,#438)
    ,(#439,#440,#441,#442,#443,#444,#445,#446,#447,#448,#449)
    ,(#450,#451,#452,#453,#454,#455,#456,#457,#458,#459,#460
)),.UNSPECIFIED.,.F.,.F.,.F.) B_SPLINE_SURFACE_WITH_KNOTS((3,3),(11,11),
  (0.,15.73033503803),(16.939548623789,32.669883661819),
.PIECEWISE_BEZIER_KNOTS.) GEOMETRIC_REPRESENTATION_ITEM() 
RATIONAL_B_SPLINE_SURFACE((
    (1.,1.,1.,1.,0.999999999999,1.000000000001,0.999999999999,1.,1.,1.
      ,1.)
    ,(0.965425086072,0.966416498306,0.965647710933,0.965985651917
      ,0.965756528587,0.966166536347,0.965743143671,0.966010612285
      ,0.965903314337,0.965925826289,0.965925826289)
    ,(1.,1.,1.,1.,0.999999999999,1.000000000001,0.999999999999,1.,1.,1.
,1.))) REPRESENTATION_ITEM('') SURFACE() );
#428 = CARTESIAN_POINT('',(5.819495930034,3.518265936919,0.932498348567)
  );
#429 = CARTESIAN_POINT('',(6.745217364604,2.224201449671,0.933513521774)
  );
#430 = CARTESIAN_POINT('',(7.319934522396,0.744611957487,0.932737257251)
  );
#431 = CARTESIAN_POINT('',(7.598895490761,-0.917549017073,0.933055289551
    ));
#432 = CARTESIAN_POINT('',(7.345883192408,-2.610913256684,0.932861705037
    ));
#433 = CARTESIAN_POINT('',(6.805481060967,-4.10503141143,0.933240372424)
  );
#434 = CARTESIAN_POINT('',(5.86819266135,-5.557362382791,0.932836513631)
  );
#435 = CARTESIAN_POINT('',(4.589991884055,-6.669265732685,0.933095585743
    ));
#436 = CARTESIAN_POINT('',(3.110400415438,-7.425157966849,0.932990330472
    ));
#437 = CARTESIAN_POINT('',(1.555030683699,-7.8,0.933012701892));
#438 = CARTESIAN_POINT('',(-1.314395115161E-15,-7.8,0.933012701892));
#439 = CARTESIAN_POINT('',(5.819495930034,3.518265936919,1.00000246085)
  );
#440 = CARTESIAN_POINT('',(6.744267699985,2.225528984298,0.99999752603)
  );
#441 = CARTESIAN_POINT('',(7.321666472277,0.742341719773,1.00000157557)
  );
#442 = CARTESIAN_POINT('',(7.596828540803,-0.916039040401,0.999999320233
    ));
#443 = CARTESIAN_POINT('',(7.347875743377,-2.611305428205,1.000001301012
    ));
#444 = CARTESIAN_POINT('',(6.804139296027,-4.104649311522,0.999998416466
    ));
#445 = CARTESIAN_POINT('',(5.868761794765,-5.557868641891,1.000001132715
    ));
#446 = CARTESIAN_POINT('',(4.58986487153,-6.668973683924,0.999999497201)
  );
#447 = CARTESIAN_POINT('',(3.110405744956,-7.425228249353,1.000000126042
    ));
#448 = CARTESIAN_POINT('',(1.555030683699,-7.8,1.));
#449 = CARTESIAN_POINT('',(0.,-7.8,1.));
#450 = CARTESIAN_POINT('',(5.789492591185,3.502320721777,1.058332169807)
  );
#451 = CARTESIAN_POINT('',(6.714586150569,2.211477206752,1.057704201167)
  );
#452 = CARTESIAN_POINT('',(7.286271843742,0.736691194946,1.058175564914)
  );
#453 = CARTESIAN_POINT('',(7.56358525623,-0.918307454805,1.058001409914)
  );
#454 = CARTESIAN_POINT('',(7.3100786939,-2.602904120855,1.058088071022)
  );
#455 = CARTESIAN_POINT('',(6.773524268924,-4.088314271763,1.057887047572
    ));
#456 = CARTESIAN_POINT('',(5.840859052414,-5.534207183282,1.058112911415
    ));
#457 = CARTESIAN_POINT('',(4.568800474165,-6.641147527641,1.057964608443
    ));
#458 = CARTESIAN_POINT('',(3.095583306302,-7.393634821415,1.058025991023
    ));
#459 = CARTESIAN_POINT('',(1.547313913227,-7.766506350946,1.058012701892
    ));
#460 = CARTESIAN_POINT('',(-1.7763568394E-15,-7.766506350946,
    1.058012701892));
#461 = DEFINITIONAL_REPRESENTATION('',(#462),#466);
#462 = LINE('',#463,#464);
#463 = CARTESIAN_POINT('',(0.,0.));
#464 = VECTOR('',#465,1.);
#465 = DIRECTION('',(0.,1.));
#466 = ( GEOMETRIC_REPRESENTATION_CONTEXT(2) 
PARAMETRIC_REPRESENTATION_CONTEXT() REPRESENTATION_CONTEXT('2D SPACE',''
  ) );
#467 = ORIENTED_EDGE('',*,*,#468,.F.);
#468 = EDGE_CURVE('',#203,#395,#469,.T.);
#469 = SURFACE_CURVE('',#470,(#474,#481),.PCURVE_S1.);
#470 = B_SPLINE_CURVE_WITH_KNOTS('',2,(#471,#472,#473),.UNSPECIFIED.,.F.
  ,.F.,(3,3),(16.935090889421,16.939548623789),
  .PIECEWISE_BEZIER_KNOTS.);
#471 = CARTESIAN_POINT('',(5.8168713108,3.521932445915,0.932506547434));
#472 = CARTESIAN_POINT('',(5.818184254177,3.520099526518,0.932496909879)
  );
#473 = CARTESIAN_POINT('',(5.819495930034,3.518265936919,0.932498348567)
  );
#474 = PCURVE('',#62,#475);
#475 = DEFINITIONAL_REPRESENTATION('',(#476),#480);
#476 = B_SPLINE_CURVE_WITH_KNOTS('',2,(#477,#478,#479),.UNSPECIFIED.,.F.
  ,.F.,(3,3),(16.935090889421,16.939548623789),
  .PIECEWISE_BEZIER_KNOTS.);
#477 = CARTESIAN_POINT('',(-6.904775689632,-0.932506547301));
#478 = CARTESIAN_POINT('',(-6.904460585656,-0.932496909879));
#479 = CARTESIAN_POINT('',(-6.904145508628,-0.9324983487));
#480 = ( GEOMETRIC_REPRESENTATION_CONTEXT(2) 
PARAMETRIC_REPRESENTATION_CONTEXT() REPRESENTATION_CONTEXT('2D SPACE',''
  ) );
#481 = PCURVE('',#482,#492);
#482 = ( BOUNDED_SURFACE() B_SPLINE_SURFACE(2,2,(
    (#483,#484,#485)
    ,(#486,#487,#488)
    ,(#489,#490,#491
)),.UNSPECIFIED.,.F.,.F.,.F.) B_SPLINE_SURFACE_WITH_KNOTS((3,3),(3,3),(
    0.,4.457734367847E-03),(16.935090889421,16.939548623789),
.PIECEWISE_BEZIER_KNOTS.) GEOMETRIC_REPRESENTATION_ITEM() 
RATIONAL_B_SPLINE_SURFACE((
    (1.,1.,1.)
    ,(0.965443678118,0.965434472888,0.965425086084)
,(1.,1.,1.))) REPRESENTATION_ITEM('') SURFACE() );
#483 = CARTESIAN_POINT('',(5.8168713108,3.521932445915,0.932506547434));
#484 = CARTESIAN_POINT('',(5.818184254177,3.520099526518,0.932496909879)
  );
#485 = CARTESIAN_POINT('',(5.819495930034,3.518265936919,0.932498348567)
  );
#486 = CARTESIAN_POINT('',(5.81687131076,3.521932446004,0.999991527116)
  );
#487 = CARTESIAN_POINT('',(5.818184266813,3.520099508865,0.999991363645)
  );
#488 = CARTESIAN_POINT('',(5.819495930074,3.518265936831,1.000002461002)
  );
#489 = CARTESIAN_POINT('',(5.786887990712,3.505987812803,1.05830954931)
  );
#490 = CARTESIAN_POINT('',(5.788191004919,3.50415463681,1.05831517362));
#491 = CARTESIAN_POINT('',(5.789492591185,3.502320721777,1.058332169807)
  );
#492 = DEFINITIONAL_REPRESENTATION('',(#493),#497);
#493 = LINE('',#494,#495);
#494 = CARTESIAN_POINT('',(0.,0.));
#495 = VECTOR('',#496,1.);
#496 = DIRECTION('',(0.,1.));
#497 = ( GEOMETRIC_REPRESENTATION_CONTEXT(2) 
PARAMETRIC_REPRESENTATION_CONTEXT() REPRESENTATION_CONTEXT('2D SPACE',''
  ) );
#498 = ADVANCED_FACE('',(#499),#185,.T.);
#499 = FACE_BOUND('',#500,.T.);
#500 = EDGE_LOOP('',(#501,#530,#563,#585));
#501 = ORIENTED_EDGE('',*,*,#502,.F.);
#502 = EDGE_CURVE('',#503,#143,#505,.T.);
#503 = VERTEX_POINT('',#504);
#504 = CARTESIAN_POINT('',(-5.533527916551,5.877079029144,0.));
#505 = SURFACE_CURVE('',#506,(#511,#518),.PCURVE_S1.);
#506 = CIRCLE('',#507,0.25);
#507 = AXIS2_PLACEMENT_3D('',#508,#509,#510);
#508 = CARTESIAN_POINT('',(-5.533527916551,5.877079029144,0.25));
#509 = DIRECTION('',(-0.529106211922,0.848555606019,0.));
#510 = DIRECTION('',(-0.848555606019,-0.529106211922,0.));
#511 = PCURVE('',#185,#512);
#512 = DEFINITIONAL_REPRESENTATION('',(#513),#517);
#513 = LINE('',#514,#515);
#514 = CARTESIAN_POINT('',(0.,-3.14159265359));
#515 = VECTOR('',#516,1.);
#516 = DIRECTION('',(0.,1.));
#517 = ( GEOMETRIC_REPRESENTATION_CONTEXT(2) 
PARAMETRIC_REPRESENTATION_CONTEXT() REPRESENTATION_CONTEXT('2D SPACE',''
  ) );
#518 = PCURVE('',#519,#524);
#519 = TOROIDAL_SURFACE('',#520,2.75,0.25);
#520 = AXIS2_PLACEMENT_3D('',#521,#522,#523);
#521 = CARTESIAN_POINT('',(-3.2,7.332121111929,0.25));
#522 = DIRECTION('',(0.,0.,1.));
#523 = DIRECTION('',(0.4,-0.916515138991,0.));
#524 = DEFINITIONAL_REPRESENTATION('',(#525),#529);
#525 = LINE('',#526,#527);
#526 = CARTESIAN_POINT('',(4.858419048091,0.));
#527 = VECTOR('',#528,1.);
#528 = DIRECTION('',(0.,1.));
#529 = ( GEOMETRIC_REPRESENTATION_CONTEXT(2) 
PARAMETRIC_REPRESENTATION_CONTEXT() REPRESENTATION_CONTEXT('2D SPACE',''
  ) );
#530 = ORIENTED_EDGE('',*,*,#531,.T.);
#531 = EDGE_CURVE('',#503,#532,#534,.T.);
#532 = VERTEX_POINT('',#533);
#533 = CARTESIAN_POINT('',(-5.613632970888,3.376350245115,0.));
#534 = SURFACE_CURVE('',#535,(#540,#547),.PCURVE_S1.);
#535 = CIRCLE('',#536,2.25);
#536 = AXIS2_PLACEMENT_3D('',#537,#538,#539);
#537 = CARTESIAN_POINT('',(-7.442778030093,4.68659005232,0.));
#538 = DIRECTION('',(0.,0.,-1.));
#539 = DIRECTION('',(0.848555606019,0.529106211922,0.));
#540 = PCURVE('',#185,#541);
#541 = DEFINITIONAL_REPRESENTATION('',(#542),#546);
#542 = LINE('',#543,#544);
#543 = CARTESIAN_POINT('',(0.,1.570796326795));
#544 = VECTOR('',#545,1.);
#545 = DIRECTION('',(1.,0.));
#546 = ( GEOMETRIC_REPRESENTATION_CONTEXT(2) 
PARAMETRIC_REPRESENTATION_CONTEXT() REPRESENTATION_CONTEXT('2D SPACE',''
  ) );
#547 = PCURVE('',#548,#553);
#548 = PLANE('',#549);
#549 = AXIS2_PLACEMENT_3D('',#550,#551,#552);
#550 = CARTESIAN_POINT('',(-4.32407252062E-16,2.038583401103,0.));
#551 = DIRECTION('',(0.,0.,1.));
#552 = DIRECTION('',(1.,0.,0.));
#553 = DEFINITIONAL_REPRESENTATION('',(#554),#562);
#554 = ( BOUNDED_CURVE() B_SPLINE_CURVE(2,(#555,#556,#557,#558,#559,#560
,#561),.UNSPECIFIED.,.T.,.F.) B_SPLINE_CURVE_WITH_KNOTS((1,2,2,2,2,1),(
    -2.094395102393,0.,2.094395102393,4.188790204786,6.28318530718,
8.377580409573),.UNSPECIFIED.) CURVE() GEOMETRIC_REPRESENTATION_ITEM() 
RATIONAL_B_SPLINE_CURVE((1.,0.5,1.,0.5,1.,0.5,1.)) REPRESENTATION_ITEM(
  '') );
#555 = CARTESIAN_POINT('',(-5.533527916551,3.838495628041));
#556 = CARTESIAN_POINT('',(-3.471540522841,0.53157742703));
#557 = CARTESIAN_POINT('',(-7.366409390009,0.399303062299));
#558 = CARTESIAN_POINT('',(-11.26127825717,0.267028697569));
#559 = CARTESIAN_POINT('',(-9.428396783719,3.706221263311));
#560 = CARTESIAN_POINT('',(-7.595515310261,7.145413829053));
#561 = CARTESIAN_POINT('',(-5.533527916551,3.838495628041));
#562 = ( GEOMETRIC_REPRESENTATION_CONTEXT(2) 
PARAMETRIC_REPRESENTATION_CONTEXT() REPRESENTATION_CONTEXT('2D SPACE',''
  ) );
#563 = ORIENTED_EDGE('',*,*,#564,.T.);
#564 = EDGE_CURVE('',#532,#40,#565,.T.);
#565 = SURFACE_CURVE('',#566,(#571,#578),.PCURVE_S1.);
#566 = CIRCLE('',#567,0.25);
#567 = AXIS2_PLACEMENT_3D('',#568,#569,#570);
#568 = CARTESIAN_POINT('',(-5.613632970888,3.376350245115,0.25));
#569 = DIRECTION('',(0.582328803202,0.812953359647,0.));
#570 = DIRECTION('',(0.812953359647,-0.582328803202,0.));
#571 = PCURVE('',#185,#572);
#572 = DEFINITIONAL_REPRESENTATION('',(#573),#577);
#573 = LINE('',#574,#575);
#574 = CARTESIAN_POINT('',(1.179137296233,0.));
#575 = VECTOR('',#576,1.);
#576 = DIRECTION('',(0.,1.));
#577 = ( GEOMETRIC_REPRESENTATION_CONTEXT(2) 
PARAMETRIC_REPRESENTATION_CONTEXT() REPRESENTATION_CONTEXT('2D SPACE',''
  ) );
#578 = PCURVE('',#274,#579);
#579 = DEFINITIONAL_REPRESENTATION('',(#580),#584);
#580 = LINE('',#581,#582);
#581 = CARTESIAN_POINT('',(0.,3.14159265359));
#582 = VECTOR('',#583,1.);
#583 = DIRECTION('',(0.,1.));
#584 = ( GEOMETRIC_REPRESENTATION_CONTEXT(2) 
PARAMETRIC_REPRESENTATION_CONTEXT() REPRESENTATION_CONTEXT('2D SPACE',''
  ) );
#585 = ORIENTED_EDGE('',*,*,#170,.F.);
#586 = ADVANCED_FACE('',(#587),#104,.T.);
#587 = FACE_BOUND('',#588,.T.);
#588 = EDGE_LOOP('',(#589,#611,#655,#688));
#589 = ORIENTED_EDGE('',*,*,#590,.T.);
#590 = EDGE_CURVE('',#42,#591,#593,.T.);
#591 = VERTEX_POINT('',#592);
#592 = CARTESIAN_POINT('',(-5.786887990712,3.505987812803,1.05830954931)
  );
#593 = SURFACE_CURVE('',#594,(#598,#604),.PCURVE_S1.);
#594 = ( BOUNDED_CURVE() B_SPLINE_CURVE(2,(#595,#596,#597),
.UNSPECIFIED.,.F.,.F.) B_SPLINE_CURVE_WITH_KNOTS((3,3),(0.,
4.457734367847E-03),.PIECEWISE_BEZIER_KNOTS.) CURVE() 
GEOMETRIC_REPRESENTATION_ITEM() RATIONAL_B_SPLINE_CURVE((1.,
0.965443678118,1.)) REPRESENTATION_ITEM('') );
#595 = CARTESIAN_POINT('',(-5.8168713108,3.521932445915,0.932506547434)
  );
#596 = CARTESIAN_POINT('',(-5.81687131076,3.521932446004,0.999991527116)
  );
#597 = CARTESIAN_POINT('',(-5.786887990712,3.505987812803,1.05830954931)
  );
#598 = PCURVE('',#104,#599);
#599 = DEFINITIONAL_REPRESENTATION('',(#600),#603);
#600 = B_SPLINE_CURVE_WITH_KNOTS('',1,(#601,#602),.UNSPECIFIED.,.F.,.F.,
  (2,2),(0.,4.457734367847E-03),.PIECEWISE_BEZIER_KNOTS.);
#601 = CARTESIAN_POINT('',(0.,48.404676434216));
#602 = CARTESIAN_POINT('',(2.365530299109,48.404676434216));
#603 = ( GEOMETRIC_REPRESENTATION_CONTEXT(2) 
PARAMETRIC_REPRESENTATION_CONTEXT() REPRESENTATION_CONTEXT('2D SPACE',''
  ) );
#604 = PCURVE('',#303,#605);
#605 = DEFINITIONAL_REPRESENTATION('',(#606),#610);
#606 = LINE('',#607,#608);
#607 = CARTESIAN_POINT('',(0.,48.404676434216));
#608 = VECTOR('',#609,1.);
#609 = DIRECTION('',(1.,0.));
#610 = ( GEOMETRIC_REPRESENTATION_CONTEXT(2) 
PARAMETRIC_REPRESENTATION_CONTEXT() REPRESENTATION_CONTEXT('2D SPACE',''
  ) );
#611 = ORIENTED_EDGE('',*,*,#612,.T.);
#612 = EDGE_CURVE('',#591,#613,#615,.T.);
#613 = VERTEX_POINT('',#614);
#614 = CARTESIAN_POINT('',(-5.713828216444,5.757592727975,1.058531287697
    ));
#615 = SURFACE_CURVE('',#616,(#627,#634),.PCURVE_S1.);
#616 = ( BOUNDED_CURVE() B_SPLINE_CURVE(9,(#617,#618,#619,#620,#621,#622
    ,#623,#624,#625,#626),.UNSPECIFIED.,.F.,.F.) 
B_SPLINE_CURVE_WITH_KNOTS((10,10),(48.404676434216,50.770206733325),
.PIECEWISE_BEZIER_KNOTS.) CURVE() GEOMETRIC_REPRESENTATION_ITEM() 
RATIONAL_B_SPLINE_CURVE((1.,1.,1.,1.,1.,1.,1.,1.,1.,1.)) 
REPRESENTATION_ITEM('') );
#617 = CARTESIAN_POINT('',(-5.786887990712,3.505987812803,1.05830954931)
  );
#618 = CARTESIAN_POINT('',(-5.633231478747,3.722163066044,1.057646338441
    ));
#619 = CARTESIAN_POINT('',(-5.510781406495,3.959503194277,1.05829234052)
  );
#620 = CARTESIAN_POINT('',(-5.418945812005,4.227005965265,1.057980113348
    ));
#621 = CARTESIAN_POINT('',(-5.376567528514,4.486103182653,1.057922370183
    ));
#622 = CARTESIAN_POINT('',(-5.374472944177,4.754093859651,1.058098143817
    ));
#623 = CARTESIAN_POINT('',(-5.388761762472,5.007776435458,1.057802401283
    ));
#624 = CARTESIAN_POINT('',(-5.468882774289,5.288992785186,1.058563266173
    ));
#625 = CARTESIAN_POINT('',(-5.5744306676,5.53127248926,1.057357550473));
#626 = CARTESIAN_POINT('',(-5.713828216444,5.757592727975,1.058531287697
    ));
#627 = PCURVE('',#104,#628);
#628 = DEFINITIONAL_REPRESENTATION('',(#629),#633);
#629 = LINE('',#630,#631);
#630 = CARTESIAN_POINT('',(2.365530299109,0.));
#631 = VECTOR('',#632,1.);
#632 = DIRECTION('',(0.,1.));
#633 = ( GEOMETRIC_REPRESENTATION_CONTEXT(2) 
PARAMETRIC_REPRESENTATION_CONTEXT() REPRESENTATION_CONTEXT('2D SPACE',''
  ) );
#634 = PCURVE('',#635,#640);
#635 = CONICAL_SURFACE('',#636,2.,0.523598775598);
#636 = AXIS2_PLACEMENT_3D('',#637,#638,#639);
#637 = CARTESIAN_POINT('',(-7.442778030093,4.68659005232,1.));
#638 = DIRECTION('',(0.,0.,1.));
#639 = DIRECTION('',(0.812953359647,-0.582328803202,0.));
#640 = DEFINITIONAL_REPRESENTATION('',(#641),#654);
#641 = B_SPLINE_CURVE_WITH_KNOTS('',11,(#642,#643,#644,#645,#646,#647,
    #648,#649,#650,#651,#652,#653),.UNSPECIFIED.,.F.,.F.,(12,12),(
    48.404676434216,50.770206733325),.PIECEWISE_BEZIER_KNOTS.);
#642 = CARTESIAN_POINT('',(2.211726826695E-03,5.830954930999E-02));
#643 = CARTESIAN_POINT('',(0.108914941345,5.776692223558E-02));
#644 = CARTESIAN_POINT('',(0.215371806597,5.808113900883E-02));
#645 = CARTESIAN_POINT('',(0.324965227924,5.809848501667E-02));
#646 = CARTESIAN_POINT('',(0.432524809411,5.799154320074E-02));
#647 = CARTESIAN_POINT('',(0.536236051394,5.798142393638E-02));
#648 = CARTESIAN_POINT('',(0.641869489532,5.799604706566E-02));
#649 = CARTESIAN_POINT('',(0.744931832979,5.799843345448E-02));
#650 = CARTESIAN_POINT('',(0.851902522449,5.811017222081E-02));
#651 = CARTESIAN_POINT('',(0.963635620868,5.816806513946E-02));
#652 = CARTESIAN_POINT('',(1.069259236562,5.757095724107E-02));
#653 = CARTESIAN_POINT('',(1.176190698164,5.853128769684E-02));
#654 = ( GEOMETRIC_REPRESENTATION_CONTEXT(2) 
PARAMETRIC_REPRESENTATION_CONTEXT() REPRESENTATION_CONTEXT('2D SPACE',''
  ) );
#655 = ORIENTED_EDGE('',*,*,#656,.F.);
#656 = EDGE_CURVE('',#75,#613,#657,.T.);
#657 = SURFACE_CURVE('',#658,(#662,#669),.PCURVE_S1.);
#658 = ( BOUNDED_CURVE() B_SPLINE_CURVE(2,(#659,#660,#661),
.UNSPECIFIED.,.F.,.F.) B_SPLINE_CURVE_WITH_KNOTS((3,3),(0.,
2.365530299109),.PIECEWISE_BEZIER_KNOTS.) CURVE() 
GEOMETRIC_REPRESENTATION_ITEM() RATIONAL_B_SPLINE_CURVE((1.,
0.965078631534,1.)) REPRESENTATION_ITEM('') );
#659 = CARTESIAN_POINT('',(-5.745666818056,5.744802476164,0.932125110453
    ));
#660 = CARTESIAN_POINT('',(-5.745666818056,5.744802476164,0.999984961583
    ));
#661 = CARTESIAN_POINT('',(-5.713828216444,5.757592727975,1.058531287697
    ));
#662 = PCURVE('',#104,#663);
#663 = DEFINITIONAL_REPRESENTATION('',(#664),#668);
#664 = LINE('',#665,#666);
#665 = CARTESIAN_POINT('',(0.,50.770206733325));
#666 = VECTOR('',#667,1.);
#667 = DIRECTION('',(1.,0.));
#668 = ( GEOMETRIC_REPRESENTATION_CONTEXT(2) 
PARAMETRIC_REPRESENTATION_CONTEXT() REPRESENTATION_CONTEXT('2D SPACE',''
  ) );
#669 = PCURVE('',#670,#683);
#670 = ( BOUNDED_SURFACE() B_SPLINE_SURFACE(2,3,(
    (#671,#672,#673,#674)
    ,(#675,#676,#677,#678)
    ,(#679,#680,#681,#682
)),.UNSPECIFIED.,.F.,.F.,.F.) B_SPLINE_SURFACE_WITH_KNOTS((3,3),(4,4),(
    0.,5.926326529718E-03),(50.770206733325,50.776133059855),
.PIECEWISE_BEZIER_KNOTS.) GEOMETRIC_REPRESENTATION_ITEM() 
RATIONAL_B_SPLINE_SURFACE((
    (1.,1.,1.,1.)
    ,(0.965078631534,0.965064023839,0.965049218688,0.965034215397)
,(1.,1.,1.,1.))) REPRESENTATION_ITEM('') SURFACE() );
#671 = CARTESIAN_POINT('',(-5.745666818056,5.744802476164,0.932125110453
    ));
#672 = CARTESIAN_POINT('',(-5.746733783065,5.746513624359,0.93210987723)
  );
#673 = CARTESIAN_POINT('',(-5.747798979908,5.748225779601,0.932103245895
    ));
#674 = CARTESIAN_POINT('',(-5.748862407208,5.749938938752,0.932105213701
    ));
#675 = CARTESIAN_POINT('',(-5.745666818056,5.744802476164,0.999984961583
    ));
#676 = CARTESIAN_POINT('',(-5.746733799215,5.74651365026,0.99998469625)
  );
#677 = CARTESIAN_POINT('',(-5.74779899644,5.748225806234,0.999993231475)
  );
#678 = CARTESIAN_POINT('',(-5.748862407208,5.749938938752,1.000010564078
    ));
#679 = CARTESIAN_POINT('',(-5.713828216444,5.757592727975,1.058531287697
    ));
#680 = CARTESIAN_POINT('',(-5.714875908024,5.759293717772,1.058540109334
    ));
#681 = CARTESIAN_POINT('',(-5.715921657149,5.760995758751,1.058557848246
    ));
#682 = CARTESIAN_POINT('',(-5.716965461605,5.762698847222,1.058584502026
    ));
#683 = DEFINITIONAL_REPRESENTATION('',(#684),#687);
#684 = B_SPLINE_CURVE_WITH_KNOTS('',1,(#685,#686),.UNSPECIFIED.,.F.,.F.,
  (2,2),(0.,2.365530299109),.PIECEWISE_BEZIER_KNOTS.);
#685 = CARTESIAN_POINT('',(0.,50.770206733325));
#686 = CARTESIAN_POINT('',(5.926326529718E-03,50.770206733325));
#687 = ( GEOMETRIC_REPRESENTATION_CONTEXT(2) 
PARAMETRIC_REPRESENTATION_CONTEXT() REPRESENTATION_CONTEXT('2D SPACE',''
  ) );
#688 = ORIENTED_EDGE('',*,*,#74,.F.);
#689 = ADVANCED_FACE('',(#690),#158,.T.);
#690 = FACE_BOUND('',#691,.F.);
#691 = EDGE_LOOP('',(#692,#722,#760,#908,#931,#932));
#692 = ORIENTED_EDGE('',*,*,#693,.T.);
#693 = EDGE_CURVE('',#694,#696,#698,.T.);
#694 = VERTEX_POINT('',#695);
#695 = CARTESIAN_POINT('',(-2.,4.582575694956,0.25));
#696 = VERTEX_POINT('',#697);
#697 = CARTESIAN_POINT('',(-2.,4.582575694956,0.921043246637));
#698 = SURFACE_CURVE('',#699,(#703,#710),.PCURVE_S1.);
#699 = LINE('',#700,#701);
#700 = CARTESIAN_POINT('',(-2.,4.582575694956,0.));
#701 = VECTOR('',#702,1.);
#702 = DIRECTION('',(0.,0.,1.));
#703 = PCURVE('',#158,#704);
#704 = DEFINITIONAL_REPRESENTATION('',(#705),#709);
#705 = LINE('',#706,#707);
#706 = CARTESIAN_POINT('',(-5.123905826452,0.));
#707 = VECTOR('',#708,1.);
#708 = DIRECTION('',(-0.,-1.));
#709 = ( GEOMETRIC_REPRESENTATION_CONTEXT(2) 
PARAMETRIC_REPRESENTATION_CONTEXT() REPRESENTATION_CONTEXT('2D SPACE',''
  ) );
#710 = PCURVE('',#711,#716);
#711 = CYLINDRICAL_SURFACE('',#712,5.);
#712 = AXIS2_PLACEMENT_3D('',#713,#714,#715);
#713 = CARTESIAN_POINT('',(0.,-5.06699998417E-26,0.));
#714 = DIRECTION('',(-0.,-0.,-1.));
#715 = DIRECTION('',(1.,0.,0.));
#716 = DEFINITIONAL_REPRESENTATION('',(#717),#721);
#717 = LINE('',#718,#719);
#718 = CARTESIAN_POINT('',(-1.982313172862,0.));
#719 = VECTOR('',#720,1.);
#720 = DIRECTION('',(-0.,-1.));
#721 = ( GEOMETRIC_REPRESENTATION_CONTEXT(2) 
PARAMETRIC_REPRESENTATION_CONTEXT() REPRESENTATION_CONTEXT('2D SPACE',''
  ) );
#722 = ORIENTED_EDGE('',*,*,#723,.F.);
#723 = EDGE_CURVE('',#724,#696,#726,.T.);
#724 = VERTEX_POINT('',#725);
#725 = CARTESIAN_POINT('',(-1.976299887854,4.593041332965,0.921140543564
    ));
#726 = SURFACE_CURVE('',#727,(#732,#740),.PCURVE_S1.);
#727 = ( BOUNDED_CURVE() B_SPLINE_CURVE(3,(#728,#729,#730,#731),
.UNSPECIFIED.,.F.,.F.) B_SPLINE_CURVE_WITH_KNOTS((4,4),(65.321257527431,
65.339767323637),.PIECEWISE_BEZIER_KNOTS.) CURVE() 
GEOMETRIC_REPRESENTATION_ITEM() RATIONAL_B_SPLINE_CURVE((1.,1.,1.,1.)) 
REPRESENTATION_ITEM('') );
#728 = CARTESIAN_POINT('',(-1.976299887854,4.593041332965,0.921140543564
    ));
#729 = CARTESIAN_POINT('',(-1.984159995743,4.589529783217,0.921005937157
    ));
#730 = CARTESIAN_POINT('',(-1.99205966963,4.586041139238,0.920972847783)
  );
#731 = CARTESIAN_POINT('',(-2.,4.582575694956,0.921043246637));
#732 = PCURVE('',#158,#733);
#733 = DEFINITIONAL_REPRESENTATION('',(#734),#739);
#734 = B_SPLINE_CURVE_WITH_KNOTS('',3,(#735,#736,#737,#738),
  .UNSPECIFIED.,.F.,.F.,(4,4),(65.321257527431,65.339767323637),
  .PIECEWISE_BEZIER_KNOTS.);
#735 = CARTESIAN_POINT('',(-5.132541856059,-0.921140543564));
#736 = CARTESIAN_POINT('',(-5.129672239793,-0.921005937157));
#737 = CARTESIAN_POINT('',(-5.126793696688,-0.920972847783));
#738 = CARTESIAN_POINT('',(-5.123905826452,-0.921043246637));
#739 = ( GEOMETRIC_REPRESENTATION_CONTEXT(2) 
PARAMETRIC_REPRESENTATION_CONTEXT() REPRESENTATION_CONTEXT('2D SPACE',''
  ) );
#740 = PCURVE('',#741,#754);
#741 = ( BOUNDED_SURFACE() B_SPLINE_SURFACE(2,3,(
    (#742,#743,#744,#745)
    ,(#746,#747,#748,#749)
    ,(#750,#751,#752,#753
)),.UNSPECIFIED.,.F.,.F.,.F.) B_SPLINE_SURFACE_WITH_KNOTS((3,3),(4,4),(
    0.,1.850979620622E-02),(65.321257527431,65.339767323637),
.PIECEWISE_BEZIER_KNOTS.) GEOMETRIC_REPRESENTATION_ITEM() 
RATIONAL_B_SPLINE_SURFACE((
    (1.,1.,1.,1.)
    ,(0.95346666685,0.953543979493,0.95362066567,0.953696733426)
,(1.,1.,1.,1.))) REPRESENTATION_ITEM('') SURFACE() );
#742 = CARTESIAN_POINT('',(-1.976299887854,4.593041332965,0.921140543564
    ));
#743 = CARTESIAN_POINT('',(-1.984159995743,4.589529783217,0.921005937157
    ));
#744 = CARTESIAN_POINT('',(-1.99205966963,4.586041139238,0.920972847783)
  );
#745 = CARTESIAN_POINT('',(-2.,4.582575694956,0.921043246637));
#746 = CARTESIAN_POINT('',(-1.976299887854,4.593041332965,1.000193765937
    ));
#747 = CARTESIAN_POINT('',(-1.984159358451,4.589530067931,0.999988659065
    ));
#748 = CARTESIAN_POINT('',(-1.992059036251,4.586041415667,0.999885538678
    ));
#749 = CARTESIAN_POINT('',(-2.,4.582575694956,0.999886421464));
#750 = CARTESIAN_POINT('',(-2.01498221744,4.616904267704,1.06487490454)
  );
#751 = CARTESIAN_POINT('',(-2.022782691379,4.613348984173,1.064635393776
    ));
#752 = CARTESIAN_POINT('',(-2.030623399266,4.609816642066,1.064498065793
    ));
#753 = CARTESIAN_POINT('',(-2.038505424429,4.606307532323,1.064464888476
    ));
#754 = DEFINITIONAL_REPRESENTATION('',(#755),#759);
#755 = LINE('',#756,#757);
#756 = CARTESIAN_POINT('',(0.,0.));
#757 = VECTOR('',#758,1.);
#758 = DIRECTION('',(0.,1.));
#759 = ( GEOMETRIC_REPRESENTATION_CONTEXT(2) 
PARAMETRIC_REPRESENTATION_CONTEXT() REPRESENTATION_CONTEXT('2D SPACE',''
  ) );
#760 = ORIENTED_EDGE('',*,*,#761,.F.);
#761 = EDGE_CURVE('',#762,#724,#764,.T.);
#762 = VERTEX_POINT('',#763);
#763 = CARTESIAN_POINT('',(-5.748862407208,5.749938938752,0.932105213701
    ));
#764 = SURFACE_CURVE('',#765,(#792,#822),.PCURVE_S1.);
#765 = ( BOUNDED_CURVE() B_SPLINE_CURVE(13,(#766,#767,#768,#769,#770,
    #771,#772,#773,#774,#775,#776,#777,#778,#779,#780,#781,#782,#783,
    #784,#785,#786,#787,#788,#789,#790,#791),.UNSPECIFIED.,.F.,.F.) 
B_SPLINE_CURVE_WITH_KNOTS((14,12,14),(50.776133059855,58.048695293643,
65.321257527431),.UNSPECIFIED.) CURVE() GEOMETRIC_REPRESENTATION_ITEM() 
RATIONAL_B_SPLINE_CURVE((1.,1.,1.000000000001,0.999999999998,
    1.000000000004,0.999999999993,1.000000000009,0.999999999991,
    1.000000000007,0.999999999995,1.000000000002,0.999999999999,1.,1.,1.
    ,0.999999999999,1.000000000002,0.999999999997,1.000000000004,
    0.999999999996,1.000000000003,0.999999999998,1.000000000001,1.,1.,1.
)) REPRESENTATION_ITEM('') );
#766 = CARTESIAN_POINT('',(-5.748862407208,5.749938938752,0.932105213701
    ));
#767 = CARTESIAN_POINT('',(-6.050015673329,6.235090555194,0.932662479039
    ));
#768 = CARTESIAN_POINT('',(-6.248711349012,6.778214417282,0.932951904461
    ));
#769 = CARTESIAN_POINT('',(-6.335975526729,7.359747113682,0.933074324896
    ));
#770 = CARTESIAN_POINT('',(-6.303574431427,7.955868807845,0.933090960932
    ));
#771 = CARTESIAN_POINT('',(-6.148029576901,8.539292579067,0.933051015956
    ));
#772 = CARTESIAN_POINT('',(-5.873506045018,9.080885782541,0.932990447571
    ));
#773 = CARTESIAN_POINT('',(-5.493221661727,9.552371150442,0.932926338649
    ));
#774 = CARTESIAN_POINT('',(-5.029178582015,9.929913212103,0.932860430616
    ));
#775 = CARTESIAN_POINT('',(-4.510172535823,10.197953464108,
    0.932794518674));
#776 = CARTESIAN_POINT('',(-3.968188725255,10.352215576694,
    0.932749545914));
#777 = CARTESIAN_POINT('',(-3.433447102612,10.400359776732,0.93276937039
    ));
#778 = CARTESIAN_POINT('',(-2.928513498048,10.358323401871,
    0.932879316445));
#779 = CARTESIAN_POINT('',(-1.995580110096,10.121561548504,
    0.933038201016));
#780 = CARTESIAN_POINT('',(-1.567824577883,9.927374549148,0.93308992859)
  );
#781 = CARTESIAN_POINT('',(-1.188349313876,9.664098401375,0.933046168544
    ));
#782 = CARTESIAN_POINT('',(-0.862088108729,9.377468066176,0.932572174136
    ));
#783 = CARTESIAN_POINT('',(-0.543401279096,8.956414011125,0.931927999316
    ));
#784 = CARTESIAN_POINT('',(-0.34655422461,8.622007749369,0.930682218503)
  );
#785 = CARTESIAN_POINT('',(4.573422128739E-02,7.97601266893,
    0.926247813664));
#786 = CARTESIAN_POINT('',(4.065352681107E-02,7.217433392206,
    0.937200392844));
#787 = CARTESIAN_POINT('',(-9.248182678138E-02,6.571676715817,
    0.929453845135));
#788 = CARTESIAN_POINT('',(-0.332335761725,5.896410910964,0.937278537607
    ));
#789 = CARTESIAN_POINT('',(-0.784470924496,5.365938349836,0.932138333304
    ));
#790 = CARTESIAN_POINT('',(-1.263623748263,4.911433618812,0.933345309185
    ));
#791 = CARTESIAN_POINT('',(-1.976299887854,4.593041332965,0.921140543564
    ));
#792 = PCURVE('',#158,#793);
#793 = DEFINITIONAL_REPRESENTATION('',(#794),#821);
#794 = B_SPLINE_CURVE_WITH_KNOTS('',9,(#795,#796,#797,#798,#799,#800,
    #801,#802,#803,#804,#805,#806,#807,#808,#809,#810,#811,#812,#813,
    #814,#815,#816,#817,#818,#819,#820),.UNSPECIFIED.,.F.,.F.,(10,8,8,10
    ),(50.776133059855,58.048695293643,61.684976410537,65.321257527431),
  .UNSPECIFIED.);
#795 = CARTESIAN_POINT('',(-9.980308413112,-0.932105213701));
#796 = CARTESIAN_POINT('',(-9.705372208198,-0.932910152522));
#797 = CARTESIAN_POINT('',(-9.433910309792,-0.933134676833));
#798 = CARTESIAN_POINT('',(-9.159976563283,-0.933122677966));
#799 = CARTESIAN_POINT('',(-8.887070149295,-0.93299111559));
#800 = CARTESIAN_POINT('',(-8.612957929175,-0.932918161838));
#801 = CARTESIAN_POINT('',(-8.345323125514,-0.932826746248));
#802 = CARTESIAN_POINT('',(-8.082215666792,-0.932663218573));
#803 = CARTESIAN_POINT('',(-7.837163331089,-0.932844007737));
#804 = CARTESIAN_POINT('',(-7.489588036153,-0.933016134227));
#805 = CARTESIAN_POINT('',(-7.377097377487,-0.933065336918));
#806 = CARTESIAN_POINT('',(-7.267664352059,-0.933028940429));
#807 = CARTESIAN_POINT('',(-7.159828940257,-0.932940951846));
#808 = CARTESIAN_POINT('',(-7.051780151106,-0.932567127803));
#809 = CARTESIAN_POINT('',(-6.939410795776,-0.931936723901));
#810 = CARTESIAN_POINT('',(-6.818336657404,-0.931430190369));
#811 = CARTESIAN_POINT('',(-6.688339804831,-0.931261449896));
#812 = CARTESIAN_POINT('',(-6.412554223304,-0.931513583294));
#813 = CARTESIAN_POINT('',(-6.26681847609,-0.931958248212));
#814 = CARTESIAN_POINT('',(-6.113935321922,-0.932524191902));
#815 = CARTESIAN_POINT('',(-5.958201422583,-0.933664260541));
#816 = CARTESIAN_POINT('',(-5.798750020159,-0.933163564652));
#817 = CARTESIAN_POINT('',(-5.643363207667,-0.934023036363));
#818 = CARTESIAN_POINT('',(-5.479951929596,-0.931535111413));
#819 = CARTESIAN_POINT('',(-5.320455530285,-0.929955096512));
#820 = CARTESIAN_POINT('',(-5.132541856059,-0.921140543564));
#821 = ( GEOMETRIC_REPRESENTATION_CONTEXT(2) 
PARAMETRIC_REPRESENTATION_CONTEXT() REPRESENTATION_CONTEXT('2D SPACE',''
  ) );
#822 = PCURVE('',#823,#902);
#823 = ( BOUNDED_SURFACE() B_SPLINE_SURFACE(2,13,(
    (#824,#825,#826,#827,#828,#829,#830,#831,#832,#833,#834,#835,#836
      ,#837,#838,#839,#840,#841,#842,#843,#844,#845,#846,#847,#848,#849)
    ,(#850,#851,#852,#853,#854,#855,#856,#857,#858,#859,#860,#861,#862
      ,#863,#864,#865,#866,#867,#868,#869,#870,#871,#872,#873,#874,#875)
    ,(#876,#877,#878,#879,#880,#881,#882,#883,#884,#885,#886,#887,#888
      ,#889,#890,#891,#892,#893,#894,#895,#896,#897,#898,#899,#900,#901
)),.UNSPECIFIED.,.F.,.F.,.F.) B_SPLINE_SURFACE_WITH_KNOTS((3,3),(14,12,
    14),(0.,14.545124467576),(50.776133059855,58.048695293643,
65.321257527431),.UNSPECIFIED.) GEOMETRIC_REPRESENTATION_ITEM() 
RATIONAL_B_SPLINE_SURFACE((
    (1.,1.,1.000000000001,0.999999999998,1.000000000004,0.999999999993
      ,1.000000000009,0.999999999991,1.000000000007,0.999999999995
      ,1.000000000002,0.999999999999,1.,1.,1.,0.999999999999
      ,1.000000000002,0.999999999997,1.000000000004,0.999999999996
      ,1.000000000003,0.999999999998,1.000000000001,1.,1.,1.)
    ,(0.965034215397,0.965584886383,0.965866805911,0.965985680184
      ,0.966002109694,0.965963413543,0.965904274186,0.965841460733
      ,0.965776906573,0.965712431747,0.965668418975,0.965687766513
      ,0.965795459277,0.965950770081,0.966015973928,0.9658489034
      ,0.965919939906,0.963758719218,0.965818189426,0.956003391566
      ,0.973508881471,0.959755020414,0.971797876821,0.963978368361
      ,0.967139650849,0.95346666685)
    ,(1.,1.,1.000000000001,0.999999999998,1.000000000004,0.999999999993
      ,1.000000000009,0.999999999991,1.000000000007,0.999999999995
      ,1.000000000002,0.999999999999,1.,1.,1.,0.999999999999
      ,1.000000000002,0.999999999997,1.000000000004,0.999999999996
      ,1.000000000003,0.999999999998,1.000000000001,1.,1.,1.
))) REPRESENTATION_ITEM('') SURFACE() );
#824 = CARTESIAN_POINT('',(-5.748862407208,5.749938938752,0.932105213701
    ));
#825 = CARTESIAN_POINT('',(-6.050015673329,6.235090555194,0.932662479039
    ));
#826 = CARTESIAN_POINT('',(-6.248711349012,6.778214417282,0.932951904461
    ));
#827 = CARTESIAN_POINT('',(-6.335975526729,7.359747113682,0.933074324896
    ));
#828 = CARTESIAN_POINT('',(-6.303574431427,7.955868807845,0.933090960932
    ));
#829 = CARTESIAN_POINT('',(-6.148029576901,8.539292579067,0.933051015956
    ));
#830 = CARTESIAN_POINT('',(-5.873506045018,9.080885782541,0.932990447571
    ));
#831 = CARTESIAN_POINT('',(-5.493221661727,9.552371150442,0.932926338649
    ));
#832 = CARTESIAN_POINT('',(-5.029178582015,9.929913212103,0.932860430616
    ));
#833 = CARTESIAN_POINT('',(-4.510172535823,10.197953464108,
    0.932794518674));
#834 = CARTESIAN_POINT('',(-3.968188725255,10.352215576694,
    0.932749545914));
#835 = CARTESIAN_POINT('',(-3.433447102612,10.400359776732,0.93276937039
    ));
#836 = CARTESIAN_POINT('',(-2.928513498048,10.358323401871,
    0.932879316445));
#837 = CARTESIAN_POINT('',(-1.995580110096,10.121561548504,
    0.933038201016));
#838 = CARTESIAN_POINT('',(-1.567824577883,9.927374549148,0.93308992859)
  );
#839 = CARTESIAN_POINT('',(-1.188349313876,9.664098401375,0.933046168544
    ));
#840 = CARTESIAN_POINT('',(-0.862088108729,9.377468066176,0.932572174136
    ));
#841 = CARTESIAN_POINT('',(-0.543401279096,8.956414011125,0.931927999316
    ));
#842 = CARTESIAN_POINT('',(-0.34655422461,8.622007749369,0.930682218503)
  );
#843 = CARTESIAN_POINT('',(4.573422128739E-02,7.97601266893,
    0.926247813664));
#844 = CARTESIAN_POINT('',(4.065352681107E-02,7.217433392206,
    0.937200392844));
#845 = CARTESIAN_POINT('',(-9.248182678138E-02,6.571676715817,
    0.929453845135));
#846 = CARTESIAN_POINT('',(-0.332335761725,5.896410910964,0.937278537607
    ));
#847 = CARTESIAN_POINT('',(-0.784470924496,5.365938349836,0.932138333304
    ));
#848 = CARTESIAN_POINT('',(-1.263623748263,4.911433618812,0.933345309185
    ));
#849 = CARTESIAN_POINT('',(-1.976299887854,4.593041332965,0.921140543564
    ));
#850 = CARTESIAN_POINT('',(-5.748862407208,5.749938938752,1.000010564078
    ));
#851 = CARTESIAN_POINT('',(-6.049843926269,6.23481387427,1.0000038839));
#852 = CARTESIAN_POINT('',(-6.248666242494,6.777927880769,1.000000665393
    ));
#853 = CARTESIAN_POINT('',(-6.335994066086,7.3596051993,0.999999325435)
  );
#854 = CARTESIAN_POINT('',(-6.303601396198,7.955879895188,0.999999125707
    ));
#855 = CARTESIAN_POINT('',(-6.148034136367,8.539401541669,0.999999557145
    ));
#856 = CARTESIAN_POINT('',(-5.873453242027,9.081024704437,1.000000240208
    ));
#857 = CARTESIAN_POINT('',(-5.493098403269,9.552481270742,1.000000975956
    ));
#858 = CARTESIAN_POINT('',(-5.029031427467,9.929964958565,1.000001730231
    ));
#859 = CARTESIAN_POINT('',(-4.510088633476,10.197957851379,
    1.000002479395));
#860 = CARTESIAN_POINT('',(-3.968217228759,10.35220661425,1.000002992365
    ));
#861 = CARTESIAN_POINT('',(-3.433535776454,10.400359868413,
    1.000002770139));
#862 = CARTESIAN_POINT('',(-2.928551004601,10.358332920365,
    1.000001510474));
#863 = CARTESIAN_POINT('',(-1.995617610619,10.121571065468,
    0.999999710002));
#864 = CARTESIAN_POINT('',(-1.568073383286,9.927057708756,0.999997534488
    ));
#865 = CARTESIAN_POINT('',(-1.186750825678,9.666600371976,1.000011372643
    ));
#866 = CARTESIAN_POINT('',(-0.86683766864,9.367316397658,0.99996026363)
  );
#867 = CARTESIAN_POINT('',(-0.530519230775,8.980009335629,1.000125772078
    ));
#868 = CARTESIAN_POINT('',(-0.362350938723,8.575416056665,0.999814773104
    ));
#869 = CARTESIAN_POINT('',(6.716291051584E-02,8.025710671736,
    1.000384893907));
#870 = CARTESIAN_POINT('',(1.440628076335E-02,7.191490311396,
    0.999641100668));
#871 = CARTESIAN_POINT('',(-6.68668775675E-02,6.590187012005,
    1.000284654231));
#872 = CARTESIAN_POINT('',(-0.348223944033,5.888474028057,0.999800908278
    ));
#873 = CARTESIAN_POINT('',(-0.776169388564,5.367220886794,1.000101239783
    ));
#874 = CARTESIAN_POINT('',(-1.273699241957,4.906932332337,0.999931127806
    ));
#875 = CARTESIAN_POINT('',(-1.976299887854,4.593041332965,1.000193765937
    ));
#876 = CARTESIAN_POINT('',(-5.716965461605,5.762698847222,1.058584502026
    ));
#877 = CARTESIAN_POINT('',(-6.016862040526,6.243278250914,1.058235709509
    ));
#878 = CARTESIAN_POINT('',(-6.214700630667,6.781608550326,1.058051529847
    ));
#879 = CARTESIAN_POINT('',(-6.301626364794,7.358113728546,1.057973360463
    ));
#880 = CARTESIAN_POINT('',(-6.269594253753,7.948900450747,1.057962947569
    ));
#881 = CARTESIAN_POINT('',(-6.115335835789,8.52679421775,1.057988522704)
  );
#882 = CARTESIAN_POINT('',(-5.843160354349,9.0629471512,1.058026954046)
  );
#883 = CARTESIAN_POINT('',(-5.466299786117,9.529422310869,1.058067473867
    ));
#884 = CARTESIAN_POINT('',(-5.006632063739,9.90266890029,1.058109152263)
  );
#885 = CARTESIAN_POINT('',(-4.492741859262,10.167312169396,
    1.058150896027));
#886 = CARTESIAN_POINT('',(-3.956403317937,10.319191278162,
    1.058179360303));
#887 = CARTESIAN_POINT('',(-3.427694152618,10.366087838697,
    1.058166769367));
#888 = CARTESIAN_POINT('',(-2.92907553327,10.324097307387,1.058097251691
    ));
#889 = CARTESIAN_POINT('',(-2.008718920072,10.090112398687,
    1.057996554548));
#890 = CARTESIAN_POINT('',(-1.587261673509,9.898657066585,1.057978824645
    ));
#891 = CARTESIAN_POINT('',(-1.213628865539,9.639523443234,1.057879684633
    ));
#892 = CARTESIAN_POINT('',(-0.893728997065,9.358076643269,1.058720226376
    ));
#893 = CARTESIAN_POINT('',(-0.577248452722,8.945542737725,1.057604221504
    ));
#894 = CARTESIAN_POINT('',(-0.38770678141,8.612867000902,1.061576457591)
  );
#895 = CARTESIAN_POINT('',(5.321269068324E-03,7.989416659891,
    1.059228552921));
#896 = CARTESIAN_POINT('',(1.275154454183E-02,7.220323833642,
    1.058557095539));
#897 = CARTESIAN_POINT('',(-0.128716207039,6.587919015258,1.05780138642)
  );
#898 = CARTESIAN_POINT('',(-0.357570599558,5.90879198618,1.056859818709)
  );
#899 = CARTESIAN_POINT('',(-0.815142242602,5.383363219932,1.057610112842
    ));
#900 = CARTESIAN_POINT('',(-1.290929305395,4.928908064663,1.058527005045
    ));
#901 = CARTESIAN_POINT('',(-2.01498221744,4.616904267704,1.06487490454)
  );
#902 = DEFINITIONAL_REPRESENTATION('',(#903),#907);
#903 = LINE('',#904,#905);
#904 = CARTESIAN_POINT('',(0.,0.));
#905 = VECTOR('',#906,1.);
#906 = DIRECTION('',(0.,1.));
#907 = ( GEOMETRIC_REPRESENTATION_CONTEXT(2) 
PARAMETRIC_REPRESENTATION_CONTEXT() REPRESENTATION_CONTEXT('2D SPACE',''
  ) );
#908 = ORIENTED_EDGE('',*,*,#909,.F.);
#909 = EDGE_CURVE('',#75,#762,#910,.T.);
#910 = SURFACE_CURVE('',#911,(#916,#924),.PCURVE_S1.);
#911 = ( BOUNDED_CURVE() B_SPLINE_CURVE(3,(#912,#913,#914,#915),
.UNSPECIFIED.,.F.,.F.) B_SPLINE_CURVE_WITH_KNOTS((4,4),(50.770206733325,
50.776133059855),.PIECEWISE_BEZIER_KNOTS.) CURVE() 
GEOMETRIC_REPRESENTATION_ITEM() RATIONAL_B_SPLINE_CURVE((1.,1.,1.,1.)) 
REPRESENTATION_ITEM('') );
#912 = CARTESIAN_POINT('',(-5.745666818056,5.744802476164,0.932125110453
    ));
#913 = CARTESIAN_POINT('',(-5.746733783065,5.746513624359,0.93210987723)
  );
#914 = CARTESIAN_POINT('',(-5.747798979908,5.748225779601,0.932103245895
    ));
#915 = CARTESIAN_POINT('',(-5.748862407208,5.749938938752,0.932105213701
    ));
#916 = PCURVE('',#158,#917);
#917 = DEFINITIONAL_REPRESENTATION('',(#918),#923);
#918 = B_SPLINE_CURVE_WITH_KNOTS('',3,(#919,#920,#921,#922),
  .UNSPECIFIED.,.F.,.F.,(4,4),(50.770206733325,50.776133059855),
  .PIECEWISE_BEZIER_KNOTS.);
#919 = CARTESIAN_POINT('',(-9.982324874543,-0.932125110453));
#920 = CARTESIAN_POINT('',(-9.981652693807,-0.93210987723));
#921 = CARTESIAN_POINT('',(-9.980980540076,-0.932103245895));
#922 = CARTESIAN_POINT('',(-9.980308413112,-0.932105213701));
#923 = ( GEOMETRIC_REPRESENTATION_CONTEXT(2) 
PARAMETRIC_REPRESENTATION_CONTEXT() REPRESENTATION_CONTEXT('2D SPACE',''
  ) );
#924 = PCURVE('',#670,#925);
#925 = DEFINITIONAL_REPRESENTATION('',(#926),#930);
#926 = LINE('',#927,#928);
#927 = CARTESIAN_POINT('',(0.,0.));
#928 = VECTOR('',#929,1.);
#929 = DIRECTION('',(0.,1.));
#930 = ( GEOMETRIC_REPRESENTATION_CONTEXT(2) 
PARAMETRIC_REPRESENTATION_CONTEXT() REPRESENTATION_CONTEXT('2D SPACE',''
  ) );
#931 = ORIENTED_EDGE('',*,*,#142,.F.);
#932 = ORIENTED_EDGE('',*,*,#933,.F.);
#933 = EDGE_CURVE('',#694,#143,#934,.T.);
#934 = SURFACE_CURVE('',#935,(#940,#947),.PCURVE_S1.);
#935 = CIRCLE('',#936,3.);
#936 = AXIS2_PLACEMENT_3D('',#937,#938,#939);
#937 = CARTESIAN_POINT('',(-3.2,7.332121111929,0.25));
#938 = DIRECTION('',(-0.,0.,1.));
#939 = DIRECTION('',(0.4,-0.916515138991,0.));
#940 = PCURVE('',#158,#941);
#941 = DEFINITIONAL_REPRESENTATION('',(#942),#946);
#942 = LINE('',#943,#944);
#943 = CARTESIAN_POINT('',(-5.123905826452,-0.25));
#944 = VECTOR('',#945,1.);
#945 = DIRECTION('',(-1.,0.));
#946 = ( GEOMETRIC_REPRESENTATION_CONTEXT(2) 
PARAMETRIC_REPRESENTATION_CONTEXT() REPRESENTATION_CONTEXT('2D SPACE',''
  ) );
#947 = PCURVE('',#519,#948);
#948 = DEFINITIONAL_REPRESENTATION('',(#949),#953);
#949 = LINE('',#950,#951);
#950 = CARTESIAN_POINT('',(0.,6.28318530718));
#951 = VECTOR('',#952,1.);
#952 = DIRECTION('',(1.,0.));
#953 = ( GEOMETRIC_REPRESENTATION_CONTEXT(2) 
PARAMETRIC_REPRESENTATION_CONTEXT() REPRESENTATION_CONTEXT('2D SPACE',''
  ) );
#954 = ADVANCED_FACE('',(#955),#218,.F.);
#955 = FACE_BOUND('',#956,.T.);
#956 = EDGE_LOOP('',(#957,#987,#1053,#1054));
#957 = ORIENTED_EDGE('',*,*,#958,.T.);
#958 = EDGE_CURVE('',#959,#961,#963,.T.);
#959 = VERTEX_POINT('',#960);
#960 = CARTESIAN_POINT('',(5.745666818056,5.744802476164,0.25));
#961 = VERTEX_POINT('',#962);
#962 = CARTESIAN_POINT('',(5.745666818056,5.744802476164,0.932125110453)
  );
#963 = SURFACE_CURVE('',#964,(#968,#975),.PCURVE_S1.);
#964 = LINE('',#965,#966);
#965 = CARTESIAN_POINT('',(5.745666818056,5.744802476164,0.));
#966 = VECTOR('',#967,1.);
#967 = DIRECTION('',(0.,0.,1.));
#968 = PCURVE('',#218,#969);
#969 = DEFINITIONAL_REPRESENTATION('',(#970),#974);
#970 = LINE('',#971,#972);
#971 = CARTESIAN_POINT('',(-2.584045739816,0.));
#972 = VECTOR('',#973,1.);
#973 = DIRECTION('',(-0.,-1.));
#974 = ( GEOMETRIC_REPRESENTATION_CONTEXT(2) 
PARAMETRIC_REPRESENTATION_CONTEXT() REPRESENTATION_CONTEXT('2D SPACE',''
  ) );
#975 = PCURVE('',#976,#981);
#976 = CYLINDRICAL_SURFACE('',#977,3.);
#977 = AXIS2_PLACEMENT_3D('',#978,#979,#980);
#978 = CARTESIAN_POINT('',(3.2,7.332121111929,0.));
#979 = DIRECTION('',(-0.,-0.,-1.));
#980 = DIRECTION('',(1.,0.,0.));
#981 = DEFINITIONAL_REPRESENTATION('',(#982),#986);
#982 = LINE('',#983,#984);
#983 = CARTESIAN_POINT('',(-5.725638393406,0.));
#984 = VECTOR('',#985,1.);
#985 = DIRECTION('',(-0.,-1.));
#986 = ( GEOMETRIC_REPRESENTATION_CONTEXT(2) 
PARAMETRIC_REPRESENTATION_CONTEXT() REPRESENTATION_CONTEXT('2D SPACE',''
  ) );
#987 = ORIENTED_EDGE('',*,*,#988,.T.);
#988 = EDGE_CURVE('',#961,#203,#989,.T.);
#989 = SURFACE_CURVE('',#990,(#1001,#1015),.PCURVE_S1.);
#990 = ( BOUNDED_CURVE() B_SPLINE_CURVE(9,(#991,#992,#993,#994,#995,#996
    ,#997,#998,#999,#1000),.UNSPECIFIED.,.F.,.F.) 
B_SPLINE_CURVE_WITH_KNOTS((10,10),(14.569560590312,16.935090889421),
.PIECEWISE_BEZIER_KNOTS.) CURVE() GEOMETRIC_REPRESENTATION_ITEM() 
RATIONAL_B_SPLINE_CURVE((1.,1.,1.,1.,1.,1.,1.,1.,1.,1.)) 
REPRESENTATION_ITEM('') );
#991 = CARTESIAN_POINT('',(5.745666818056,5.744802476164,0.932125110453)
  );
#992 = CARTESIAN_POINT('',(5.60370489925,5.517130641418,0.934151922576)
  );
#993 = CARTESIAN_POINT('',(5.501071481844,5.277152116684,0.932014297794)
  );
#994 = CARTESIAN_POINT('',(5.421866186011,4.999552705368,0.933465268716)
  );
#995 = CARTESIAN_POINT('',(5.409539081946,4.753051019064,0.932778443977)
  );
#996 = CARTESIAN_POINT('',(5.410662790571,4.489378461689,0.93321106709)
  );
#997 = CARTESIAN_POINT('',(5.452057076875,4.23659734659,0.933066424139)
  );
#998 = CARTESIAN_POINT('',(5.541991256127,3.973051602854,0.932524655276)
  );
#999 = CARTESIAN_POINT('',(5.662043909512,3.738077440548,0.933643076694)
  );
#1000 = CARTESIAN_POINT('',(5.8168713108,3.521932445915,0.932506547434)
  );
#1001 = PCURVE('',#218,#1002);
#1002 = DEFINITIONAL_REPRESENTATION('',(#1003),#1014);
#1003 = B_SPLINE_CURVE_WITH_KNOTS('',9,(#1004,#1005,#1006,#1007,#1008,
    #1009,#1010,#1011,#1012,#1013),.UNSPECIFIED.,.F.,.F.,(10,10),(
    14.569560590312,16.935090889421),.PIECEWISE_BEZIER_KNOTS.);
#1004 = CARTESIAN_POINT('',(-2.584045739816,-0.932125110453));
#1005 = CARTESIAN_POINT('',(-2.718198312217,-0.934151922576));
#1006 = CARTESIAN_POINT('',(-2.847174599961,-0.932014306868));
#1007 = CARTESIAN_POINT('',(-2.989312956254,-0.933465293865));
#1008 = CARTESIAN_POINT('',(-3.107312327622,-0.932778308886));
#1009 = CARTESIAN_POINT('',(-3.239998872896,-0.933211295798));
#1010 = CARTESIAN_POINT('',(-3.362462783844,-0.933066231486));
#1011 = CARTESIAN_POINT('',(-3.49989509778,-0.93252472929));
#1012 = CARTESIAN_POINT('',(-3.630244908623,-0.933643076694));
#1013 = CARTESIAN_POINT('',(-3.763183036049,-0.932506547434));
#1014 = ( GEOMETRIC_REPRESENTATION_CONTEXT(2) 
PARAMETRIC_REPRESENTATION_CONTEXT() REPRESENTATION_CONTEXT('2D SPACE',''
  ) );
#1015 = PCURVE('',#1016,#1047);
#1016 = ( BOUNDED_SURFACE() B_SPLINE_SURFACE(2,9,(
    (#1017,#1018,#1019,#1020,#1021,#1022,#1023,#1024,#1025,#1026)
    ,(#1027,#1028,#1029,#1030,#1031,#1032,#1033,#1034,#1035,#1036)
    ,(#1037,#1038,#1039,#1040,#1041,#1042,#1043,#1044,#1045,#1046
)),.UNSPECIFIED.,.F.,.F.,.F.) B_SPLINE_SURFACE_WITH_KNOTS((3,3),(10,10),
  (0.,2.365530299109),(14.569560590312,16.935090889421),
.PIECEWISE_BEZIER_KNOTS.) GEOMETRIC_REPRESENTATION_ITEM() 
RATIONAL_B_SPLINE_SURFACE((
    (1.,1.,1.,1.,1.,1.,1.,1.,1.,1.)
    ,(0.965078631534,0.967022215787,0.964944619706,0.966404397611
      ,0.965658022711,0.966137039051,0.965976199924,0.965455179608
      ,0.96652919903,0.96544367813)
,(1.,1.,1.,1.,1.,1.,1.,1.,1.,1.))) REPRESENTATION_ITEM('') SURFACE() );
#1017 = CARTESIAN_POINT('',(5.745666818056,5.744802476164,0.932125110453
    ));
#1018 = CARTESIAN_POINT('',(5.60370489925,5.517130641418,0.934151922576)
  );
#1019 = CARTESIAN_POINT('',(5.501071481844,5.277152116684,0.932014297794
    ));
#1020 = CARTESIAN_POINT('',(5.421866186011,4.999552705368,0.933465268716
    ));
#1021 = CARTESIAN_POINT('',(5.409539081946,4.753051019064,0.932778443977
    ));
#1022 = CARTESIAN_POINT('',(5.410662790571,4.489378461689,0.93321106709)
  );
#1023 = CARTESIAN_POINT('',(5.452057076875,4.23659734659,0.933066424139)
  );
#1024 = CARTESIAN_POINT('',(5.541991256127,3.973051602854,0.932524655276
    ));
#1025 = CARTESIAN_POINT('',(5.662043909512,3.738077440548,0.933643076694
    ));
#1026 = CARTESIAN_POINT('',(5.8168713108,3.521932445915,0.932506547434)
  );
#1027 = CARTESIAN_POINT('',(5.745666818056,5.744802476164,0.999984961583
    ));
#1028 = CARTESIAN_POINT('',(5.603990223564,5.517588231105,1.000020193229
    ));
#1029 = CARTESIAN_POINT('',(5.500455523945,5.276066083868,0.999980157912
    ));
#1030 = CARTESIAN_POINT('',(5.422586821209,5.000927609678,1.000012481265
    ));
#1031 = CARTESIAN_POINT('',(5.409061383208,4.751883610022,0.99999144213)
  );
#1032 = CARTESIAN_POINT('',(5.410718891975,4.490351913606,1.000005643204
    ));
#1033 = CARTESIAN_POINT('',(5.452348126521,4.235724218093,1.000000796259
    ));
#1034 = CARTESIAN_POINT('',(5.541644120099,3.973661049616,0.999991245967
    ));
#1035 = CARTESIAN_POINT('',(5.662217798081,3.737834685431,1.000010836546
    ));
#1036 = CARTESIAN_POINT('',(5.8168713108,3.521932445915,0.999991527269)
  );
#1037 = CARTESIAN_POINT('',(5.713828216444,5.757592727975,1.058531287697
    ));
#1038 = CARTESIAN_POINT('',(5.5744306676,5.53127248926,1.057357550473));
#1039 = CARTESIAN_POINT('',(5.468882774289,5.288992785186,1.058563266173
    ));
#1040 = CARTESIAN_POINT('',(5.388761762472,5.007776435458,1.057802401283
    ));
#1041 = CARTESIAN_POINT('',(5.374472944177,4.754093859651,1.058098143817
    ));
#1042 = CARTESIAN_POINT('',(5.376567528514,4.486103182653,1.057922370183
    ));
#1043 = CARTESIAN_POINT('',(5.418945812005,4.227005965265,1.057980113348
    ));
#1044 = CARTESIAN_POINT('',(5.510781406495,3.959503194277,1.05829234052)
  );
#1045 = CARTESIAN_POINT('',(5.633231478747,3.722163066044,1.057646338441
    ));
#1046 = CARTESIAN_POINT('',(5.786887990712,3.505987812803,1.05830954931)
  );
#1047 = DEFINITIONAL_REPRESENTATION('',(#1048),#1052);
#1048 = LINE('',#1049,#1050);
#1049 = CARTESIAN_POINT('',(0.,0.));
#1050 = VECTOR('',#1051,1.);
#1051 = DIRECTION('',(0.,1.));
#1052 = ( GEOMETRIC_REPRESENTATION_CONTEXT(2) 
PARAMETRIC_REPRESENTATION_CONTEXT() REPRESENTATION_CONTEXT('2D SPACE',''
  ) );
#1053 = ORIENTED_EDGE('',*,*,#200,.F.);
#1054 = ORIENTED_EDGE('',*,*,#1055,.T.);
#1055 = EDGE_CURVE('',#201,#959,#1056,.T.);
#1056 = SURFACE_CURVE('',#1057,(#1062,#1069),.PCURVE_S1.);
#1057 = CIRCLE('',#1058,2.);
#1058 = AXIS2_PLACEMENT_3D('',#1059,#1060,#1061);
#1059 = CARTESIAN_POINT('',(7.442778030093,4.68659005232,0.25));
#1060 = DIRECTION('',(-0.,0.,-1.));
#1061 = DIRECTION('',(-0.812953359647,-0.582328803202,0.));
#1062 = PCURVE('',#218,#1063);
#1063 = DEFINITIONAL_REPRESENTATION('',(#1064),#1068);
#1064 = LINE('',#1065,#1066);
#1065 = CARTESIAN_POINT('',(-3.763183036049,-0.25));
#1066 = VECTOR('',#1067,1.);
#1067 = DIRECTION('',(1.,-0.));
#1068 = ( GEOMETRIC_REPRESENTATION_CONTEXT(2) 
PARAMETRIC_REPRESENTATION_CONTEXT() REPRESENTATION_CONTEXT('2D SPACE',''
  ) );
#1069 = PCURVE('',#1070,#1075);
#1070 = TOROIDAL_SURFACE('',#1071,2.25,0.25);
#1071 = AXIS2_PLACEMENT_3D('',#1072,#1073,#1074);
#1072 = CARTESIAN_POINT('',(7.442778030093,4.68659005232,0.25));
#1073 = DIRECTION('',(-0.,-0.,-1.));
#1074 = DIRECTION('',(-0.812953359647,-0.582328803202,0.));
#1075 = DEFINITIONAL_REPRESENTATION('',(#1076),#1080);
#1076 = LINE('',#1077,#1078);
#1077 = CARTESIAN_POINT('',(0.,3.14159265359));
#1078 = VECTOR('',#1079,1.);
#1079 = DIRECTION('',(1.,0.));
#1080 = ( GEOMETRIC_REPRESENTATION_CONTEXT(2) 
PARAMETRIC_REPRESENTATION_CONTEXT() REPRESENTATION_CONTEXT('2D SPACE',''
  ) );
#1081 = ADVANCED_FACE('',(#1082),#247,.T.);
#1082 = FACE_BOUND('',#1083,.T.);
#1083 = EDGE_LOOP('',(#1084,#1108,#1132,#1154));
#1084 = ORIENTED_EDGE('',*,*,#1085,.F.);
#1085 = EDGE_CURVE('',#1086,#231,#1088,.T.);
#1086 = VERTEX_POINT('',#1087);
#1087 = CARTESIAN_POINT('',(-2.6645352591E-15,-7.55,0.));
#1088 = SURFACE_CURVE('',#1089,(#1094,#1101),.PCURVE_S1.);
#1089 = CIRCLE('',#1090,0.25);
#1090 = AXIS2_PLACEMENT_3D('',#1091,#1092,#1093);
#1091 = CARTESIAN_POINT('',(-2.299904847721E-15,-7.55,0.25));
#1092 = DIRECTION('',(-1.,3.330669073875E-16,0.));
#1093 = DIRECTION('',(-3.330669073875E-16,-1.,0.));
#1094 = PCURVE('',#247,#1095);
#1095 = DEFINITIONAL_REPRESENTATION('',(#1096),#1100);
#1096 = LINE('',#1097,#1098);
#1097 = CARTESIAN_POINT('',(0.,0.));
#1098 = VECTOR('',#1099,1.);
#1099 = DIRECTION('',(0.,1.));
#1100 = ( GEOMETRIC_REPRESENTATION_CONTEXT(2) 
PARAMETRIC_REPRESENTATION_CONTEXT() REPRESENTATION_CONTEXT('2D SPACE',''
  ) );
#1101 = PCURVE('',#274,#1102);
#1102 = DEFINITIONAL_REPRESENTATION('',(#1103),#1107);
#1103 = LINE('',#1104,#1105);
#1104 = CARTESIAN_POINT('',(2.192386709254,0.));
#1105 = VECTOR('',#1106,1.);
#1106 = DIRECTION('',(0.,1.));
#1107 = ( GEOMETRIC_REPRESENTATION_CONTEXT(2) 
PARAMETRIC_REPRESENTATION_CONTEXT() REPRESENTATION_CONTEXT('2D SPACE',''
  ) );
#1108 = ORIENTED_EDGE('',*,*,#1109,.T.);
#1109 = EDGE_CURVE('',#1086,#1110,#1112,.T.);
#1110 = VERTEX_POINT('',#1111);
#1111 = CARTESIAN_POINT('',(5.613632970888,3.376350245115,0.));
#1112 = SURFACE_CURVE('',#1113,(#1118,#1125),.PCURVE_S1.);
#1113 = CIRCLE('',#1114,6.905233743456);
#1114 = AXIS2_PLACEMENT_3D('',#1115,#1116,#1117);
#1115 = CARTESIAN_POINT('',(0.,-0.644766256544,0.));
#1116 = DIRECTION('',(0.,0.,1.));
#1117 = DIRECTION('',(-1.836970198721E-16,-1.,0.));
#1118 = PCURVE('',#247,#1119);
#1119 = DEFINITIONAL_REPRESENTATION('',(#1120),#1124);
#1120 = LINE('',#1121,#1122);
#1121 = CARTESIAN_POINT('',(0.,4.712388980385));
#1122 = VECTOR('',#1123,1.);
#1123 = DIRECTION('',(1.,0.));
#1124 = ( GEOMETRIC_REPRESENTATION_CONTEXT(2) 
PARAMETRIC_REPRESENTATION_CONTEXT() REPRESENTATION_CONTEXT('2D SPACE',''
  ) );
#1125 = PCURVE('',#548,#1126);
#1126 = DEFINITIONAL_REPRESENTATION('',(#1127),#1131);
#1127 = CIRCLE('',#1128,6.905233743456);
#1128 = AXIS2_PLACEMENT_2D('',#1129,#1130);
#1129 = CARTESIAN_POINT('',(4.32407252062E-16,-2.683349657647));
#1130 = DIRECTION('',(-1.836970198721E-16,-1.));
#1131 = ( GEOMETRIC_REPRESENTATION_CONTEXT(2) 
PARAMETRIC_REPRESENTATION_CONTEXT() REPRESENTATION_CONTEXT('2D SPACE',''
  ) );
#1132 = ORIENTED_EDGE('',*,*,#1133,.T.);
#1133 = EDGE_CURVE('',#1110,#201,#1134,.T.);
#1134 = SURFACE_CURVE('',#1135,(#1140,#1147),.PCURVE_S1.);
#1135 = CIRCLE('',#1136,0.25);
#1136 = AXIS2_PLACEMENT_3D('',#1137,#1138,#1139);
#1137 = CARTESIAN_POINT('',(5.613632970888,3.376350245115,0.25));
#1138 = DIRECTION('',(0.582328803202,-0.812953359647,0.));
#1139 = DIRECTION('',(0.812953359647,0.582328803202,0.));
#1140 = PCURVE('',#247,#1141);
#1141 = DEFINITIONAL_REPRESENTATION('',(#1142),#1146);
#1142 = LINE('',#1143,#1144);
#1143 = CARTESIAN_POINT('',(2.192386709254,0.));
#1144 = VECTOR('',#1145,1.);
#1145 = DIRECTION('',(0.,1.));
#1146 = ( GEOMETRIC_REPRESENTATION_CONTEXT(2) 
PARAMETRIC_REPRESENTATION_CONTEXT() REPRESENTATION_CONTEXT('2D SPACE',''
  ) );
#1147 = PCURVE('',#1070,#1148);
#1148 = DEFINITIONAL_REPRESENTATION('',(#1149),#1153);
#1149 = LINE('',#1150,#1151);
#1150 = CARTESIAN_POINT('',(-4.440892098501E-16,-3.14159265359));
#1151 = VECTOR('',#1152,1.);
#1152 = DIRECTION('',(0.,1.));
#1153 = ( GEOMETRIC_REPRESENTATION_CONTEXT(2) 
PARAMETRIC_REPRESENTATION_CONTEXT() REPRESENTATION_CONTEXT('2D SPACE',''
  ) );
#1154 = ORIENTED_EDGE('',*,*,#230,.F.);
#1155 = ADVANCED_FACE('',(#1156),#482,.T.);
#1156 = FACE_BOUND('',#1157,.T.);
#1157 = EDGE_LOOP('',(#1158,#1180,#1208,#1228));
#1158 = ORIENTED_EDGE('',*,*,#1159,.T.);
#1159 = EDGE_CURVE('',#203,#1160,#1162,.T.);
#1160 = VERTEX_POINT('',#1161);
#1161 = CARTESIAN_POINT('',(5.786887990712,3.505987812803,1.05830954931)
  );
#1162 = SURFACE_CURVE('',#1163,(#1167,#1173),.PCURVE_S1.);
#1163 = ( BOUNDED_CURVE() B_SPLINE_CURVE(2,(#1164,#1165,#1166),
.UNSPECIFIED.,.F.,.F.) B_SPLINE_CURVE_WITH_KNOTS((3,3),(0.,
2.365530299109),.PIECEWISE_BEZIER_KNOTS.) CURVE() 
GEOMETRIC_REPRESENTATION_ITEM() RATIONAL_B_SPLINE_CURVE((1.,
0.96544367813,1.)) REPRESENTATION_ITEM('') );
#1164 = CARTESIAN_POINT('',(5.8168713108,3.521932445915,0.932506547434)
  );
#1165 = CARTESIAN_POINT('',(5.8168713108,3.521932445915,0.999991527269)
  );
#1166 = CARTESIAN_POINT('',(5.786887990712,3.505987812803,1.05830954931)
  );
#1167 = PCURVE('',#482,#1168);
#1168 = DEFINITIONAL_REPRESENTATION('',(#1169),#1172);
#1169 = B_SPLINE_CURVE_WITH_KNOTS('',1,(#1170,#1171),.UNSPECIFIED.,.F.,
  .F.,(2,2),(0.,2.365530299109),.PIECEWISE_BEZIER_KNOTS.);
#1170 = CARTESIAN_POINT('',(0.,16.935090889421));
#1171 = CARTESIAN_POINT('',(4.457734367847E-03,16.935090889421));
#1172 = ( GEOMETRIC_REPRESENTATION_CONTEXT(2) 
PARAMETRIC_REPRESENTATION_CONTEXT() REPRESENTATION_CONTEXT('2D SPACE',''
  ) );
#1173 = PCURVE('',#1016,#1174);
#1174 = DEFINITIONAL_REPRESENTATION('',(#1175),#1179);
#1175 = LINE('',#1176,#1177);
#1176 = CARTESIAN_POINT('',(0.,16.935090889421));
#1177 = VECTOR('',#1178,1.);
#1178 = DIRECTION('',(1.,0.));
#1179 = ( GEOMETRIC_REPRESENTATION_CONTEXT(2) 
PARAMETRIC_REPRESENTATION_CONTEXT() REPRESENTATION_CONTEXT('2D SPACE',''
  ) );
#1180 = ORIENTED_EDGE('',*,*,#1181,.T.);
#1181 = EDGE_CURVE('',#1160,#1182,#1184,.T.);
#1182 = VERTEX_POINT('',#1183);
#1183 = CARTESIAN_POINT('',(5.789492591185,3.502320721777,1.058332169807
    ));
#1184 = SURFACE_CURVE('',#1185,(#1189,#1196),.PCURVE_S1.);
#1185 = B_SPLINE_CURVE_WITH_KNOTS('',2,(#1186,#1187,#1188),
  .UNSPECIFIED.,.F.,.F.,(3,3),(16.935090889421,16.939548623789),
  .PIECEWISE_BEZIER_KNOTS.);
#1186 = CARTESIAN_POINT('',(5.786887990712,3.505987812803,1.05830954931)
  );
#1187 = CARTESIAN_POINT('',(5.788191004919,3.50415463681,1.05831517362)
  );
#1188 = CARTESIAN_POINT('',(5.789492591185,3.502320721777,1.058332169807
    ));
#1189 = PCURVE('',#482,#1190);
#1190 = DEFINITIONAL_REPRESENTATION('',(#1191),#1195);
#1191 = LINE('',#1192,#1193);
#1192 = CARTESIAN_POINT('',(4.457734367847E-03,0.));
#1193 = VECTOR('',#1194,1.);
#1194 = DIRECTION('',(0.,1.));
#1195 = ( GEOMETRIC_REPRESENTATION_CONTEXT(2) 
PARAMETRIC_REPRESENTATION_CONTEXT() REPRESENTATION_CONTEXT('2D SPACE',''
  ) );
#1196 = PCURVE('',#1197,#1202);
#1197 = CONICAL_SURFACE('',#1198,2.,0.523598775598);
#1198 = AXIS2_PLACEMENT_3D('',#1199,#1200,#1201);
#1199 = CARTESIAN_POINT('',(7.442778030093,4.68659005232,1.));
#1200 = DIRECTION('',(0.,0.,1.));
#1201 = DIRECTION('',(-0.848555606019,0.529106211922,0.));
#1202 = DEFINITIONAL_REPRESENTATION('',(#1203),#1207);
#1203 = B_SPLINE_CURVE_WITH_KNOTS('',2,(#1204,#1205,#1206),
  .UNSPECIFIED.,.F.,.F.,(3,3),(16.935090889421,16.939548623789),
  .PIECEWISE_BEZIER_KNOTS.);
#1204 = CARTESIAN_POINT('',(1.176925568741,5.830954918442E-02));
#1205 = CARTESIAN_POINT('',(1.178031496215,5.83151736195E-02));
#1206 = CARTESIAN_POINT('',(1.179137296899,5.833216993268E-02));
#1207 = ( GEOMETRIC_REPRESENTATION_CONTEXT(2) 
PARAMETRIC_REPRESENTATION_CONTEXT() REPRESENTATION_CONTEXT('2D SPACE',''
  ) );
#1208 = ORIENTED_EDGE('',*,*,#1209,.F.);
#1209 = EDGE_CURVE('',#395,#1182,#1210,.T.);
#1210 = SURFACE_CURVE('',#1211,(#1215,#1222),.PCURVE_S1.);
#1211 = ( BOUNDED_CURVE() B_SPLINE_CURVE(2,(#1212,#1213,#1214),
.UNSPECIFIED.,.F.,.F.) B_SPLINE_CURVE_WITH_KNOTS((3,3),(0.,
4.457734367847E-03),.PIECEWISE_BEZIER_KNOTS.) CURVE() 
GEOMETRIC_REPRESENTATION_ITEM() RATIONAL_B_SPLINE_CURVE((1.,
0.965425086084,1.)) REPRESENTATION_ITEM('') );
#1212 = CARTESIAN_POINT('',(5.819495930034,3.518265936919,0.932498348567
    ));
#1213 = CARTESIAN_POINT('',(5.819495930074,3.518265936831,1.000002461002
    ));
#1214 = CARTESIAN_POINT('',(5.789492591185,3.502320721777,1.058332169807
    ));
#1215 = PCURVE('',#482,#1216);
#1216 = DEFINITIONAL_REPRESENTATION('',(#1217),#1221);
#1217 = LINE('',#1218,#1219);
#1218 = CARTESIAN_POINT('',(0.,16.939548623789));
#1219 = VECTOR('',#1220,1.);
#1220 = DIRECTION('',(1.,0.));
#1221 = ( GEOMETRIC_REPRESENTATION_CONTEXT(2) 
PARAMETRIC_REPRESENTATION_CONTEXT() REPRESENTATION_CONTEXT('2D SPACE',''
  ) );
#1222 = PCURVE('',#427,#1223);
#1223 = DEFINITIONAL_REPRESENTATION('',(#1224),#1227);
#1224 = B_SPLINE_CURVE_WITH_KNOTS('',1,(#1225,#1226),.UNSPECIFIED.,.F.,
  .F.,(2,2),(0.,4.457734367847E-03),.PIECEWISE_BEZIER_KNOTS.);
#1225 = CARTESIAN_POINT('',(0.,16.939548623789));
#1226 = CARTESIAN_POINT('',(15.73033503803,16.939548623789));
#1227 = ( GEOMETRIC_REPRESENTATION_CONTEXT(2) 
PARAMETRIC_REPRESENTATION_CONTEXT() REPRESENTATION_CONTEXT('2D SPACE',''
  ) );
#1228 = ORIENTED_EDGE('',*,*,#468,.F.);
#1229 = ADVANCED_FACE('',(#1230),#274,.T.);
#1230 = FACE_BOUND('',#1231,.T.);
#1231 = EDGE_LOOP('',(#1232,#1233,#1255,#1256));
#1232 = ORIENTED_EDGE('',*,*,#564,.F.);
#1233 = ORIENTED_EDGE('',*,*,#1234,.T.);
#1234 = EDGE_CURVE('',#532,#1086,#1235,.T.);
#1235 = SURFACE_CURVE('',#1236,(#1241,#1248),.PCURVE_S1.);
#1236 = CIRCLE('',#1237,6.905233743456);
#1237 = AXIS2_PLACEMENT_3D('',#1238,#1239,#1240);
#1238 = CARTESIAN_POINT('',(0.,-0.644766256544,0.));
#1239 = DIRECTION('',(0.,0.,1.));
#1240 = DIRECTION('',(-0.812953359647,0.582328803202,0.));
#1241 = PCURVE('',#274,#1242);
#1242 = DEFINITIONAL_REPRESENTATION('',(#1243),#1247);
#1243 = LINE('',#1244,#1245);
#1244 = CARTESIAN_POINT('',(0.,4.712388980385));
#1245 = VECTOR('',#1246,1.);
#1246 = DIRECTION('',(1.,0.));
#1247 = ( GEOMETRIC_REPRESENTATION_CONTEXT(2) 
PARAMETRIC_REPRESENTATION_CONTEXT() REPRESENTATION_CONTEXT('2D SPACE',''
  ) );
#1248 = PCURVE('',#548,#1249);
#1249 = DEFINITIONAL_REPRESENTATION('',(#1250),#1254);
#1250 = CIRCLE('',#1251,6.905233743456);
#1251 = AXIS2_PLACEMENT_2D('',#1252,#1253);
#1252 = CARTESIAN_POINT('',(4.32407252062E-16,-2.683349657647));
#1253 = DIRECTION('',(-0.812953359647,0.582328803202));
#1254 = ( GEOMETRIC_REPRESENTATION_CONTEXT(2) 
PARAMETRIC_REPRESENTATION_CONTEXT() REPRESENTATION_CONTEXT('2D SPACE',''
  ) );
#1255 = ORIENTED_EDGE('',*,*,#1085,.T.);
#1256 = ORIENTED_EDGE('',*,*,#259,.F.);
#1257 = ADVANCED_FACE('',(#1258),#427,.T.);
#1258 = FACE_BOUND('',#1259,.T.);
#1259 = EDGE_LOOP('',(#1260,#1261,#1312,#1333));
#1260 = ORIENTED_EDGE('',*,*,#1209,.T.);
#1261 = ORIENTED_EDGE('',*,*,#1262,.T.);
#1262 = EDGE_CURVE('',#1182,#1263,#1265,.T.);
#1263 = VERTEX_POINT('',#1264);
#1264 = CARTESIAN_POINT('',(-1.7763568394E-15,-7.766506350946,
    1.058012701892));
#1265 = SURFACE_CURVE('',#1266,(#1278,#1285),.PCURVE_S1.);
#1266 = ( BOUNDED_CURVE() B_SPLINE_CURVE(10,(#1267,#1268,#1269,#1270,
    #1271,#1272,#1273,#1274,#1275,#1276,#1277),.UNSPECIFIED.,.F.,.F.) 
B_SPLINE_CURVE_WITH_KNOTS((11,11),(16.939548623789,32.669883661819),
.PIECEWISE_BEZIER_KNOTS.) CURVE() GEOMETRIC_REPRESENTATION_ITEM() 
RATIONAL_B_SPLINE_CURVE((1.,1.,1.,1.,0.999999999999,1.000000000001,
0.999999999999,1.,1.,1.,1.)) REPRESENTATION_ITEM('') );
#1267 = CARTESIAN_POINT('',(5.789492591185,3.502320721777,1.058332169807
    ));
#1268 = CARTESIAN_POINT('',(6.714586150569,2.211477206752,1.057704201167
    ));
#1269 = CARTESIAN_POINT('',(7.286271843742,0.736691194946,1.058175564914
    ));
#1270 = CARTESIAN_POINT('',(7.56358525623,-0.918307454805,1.058001409914
    ));
#1271 = CARTESIAN_POINT('',(7.3100786939,-2.602904120855,1.058088071022)
  );
#1272 = CARTESIAN_POINT('',(6.773524268924,-4.088314271763,
    1.057887047572));
#1273 = CARTESIAN_POINT('',(5.840859052414,-5.534207183282,
    1.058112911415));
#1274 = CARTESIAN_POINT('',(4.568800474165,-6.641147527641,
    1.057964608443));
#1275 = CARTESIAN_POINT('',(3.095583306302,-7.393634821415,
    1.058025991023));
#1276 = CARTESIAN_POINT('',(1.547313913227,-7.766506350946,
    1.058012701892));
#1277 = CARTESIAN_POINT('',(-1.7763568394E-15,-7.766506350946,
    1.058012701892));
#1278 = PCURVE('',#427,#1279);
#1279 = DEFINITIONAL_REPRESENTATION('',(#1280),#1284);
#1280 = LINE('',#1281,#1282);
#1281 = CARTESIAN_POINT('',(15.73033503803,0.));
#1282 = VECTOR('',#1283,1.);
#1283 = DIRECTION('',(0.,1.));
#1284 = ( GEOMETRIC_REPRESENTATION_CONTEXT(2) 
PARAMETRIC_REPRESENTATION_CONTEXT() REPRESENTATION_CONTEXT('2D SPACE',''
  ) );
#1285 = PCURVE('',#1286,#1291);
#1286 = CONICAL_SURFACE('',#1287,7.155233743456,0.523598775598);
#1287 = AXIS2_PLACEMENT_3D('',#1288,#1289,#1290);
#1288 = CARTESIAN_POINT('',(0.,-0.644766256544,1.));
#1289 = DIRECTION('',(-0.,-0.,-1.));
#1290 = DIRECTION('',(0.812953359647,0.582328803202,0.));
#1291 = DEFINITIONAL_REPRESENTATION('',(#1292),#1311);
#1292 = B_SPLINE_CURVE_WITH_KNOTS('',9,(#1293,#1294,#1295,#1296,#1297,
    #1298,#1299,#1300,#1301,#1302,#1303,#1304,#1305,#1306,#1307,#1308,
    #1309,#1310),.UNSPECIFIED.,.F.,.F.,(10,8,10),(16.939548623789,
    24.804716142804,32.669883661819),.UNSPECIFIED.);
#1293 = CARTESIAN_POINT('',(-1.624866925685E-16,-5.833216980711E-02));
#1294 = CARTESIAN_POINT('',(0.123888677306,-5.79832983406E-02));
#1295 = CARTESIAN_POINT('',(0.245302255972,-5.797800028168E-02));
#1296 = CARTESIAN_POINT('',(0.367782713159,-5.800455022913E-02));
#1297 = CARTESIAN_POINT('',(0.490183411092,-5.802772323757E-02));
#1298 = CARTESIAN_POINT('',(0.612369591158,-5.803195581661E-02));
#1299 = CARTESIAN_POINT('',(0.733962272406,-5.802884886565E-02));
#1300 = CARTESIAN_POINT('',(0.855334062958,-5.802315278316E-02));
#1301 = CARTESIAN_POINT('',(0.976678538936,-5.801870299741E-02));
#1302 = CARTESIAN_POINT('',(1.219619845384,-5.801303219413E-02));
#1303 = CARTESIAN_POINT('',(1.341216359291,-5.80118240609E-02));
#1304 = CARTESIAN_POINT('',(1.463069352477,-5.801292828701E-02));
#1305 = CARTESIAN_POINT('',(1.585253392473,-5.801400253496E-02));
#1306 = CARTESIAN_POINT('',(1.707468502502,-5.801336117121E-02));
#1307 = CARTESIAN_POINT('',(1.829517394859,-5.80095243225E-02));
#1308 = CARTESIAN_POINT('',(1.950939349557,-5.801684199068E-02));
#1309 = CARTESIAN_POINT('',(2.071683225374,-5.801270189222E-02));
#1310 = CARTESIAN_POINT('',(2.192386709254,-5.801270189222E-02));
#1311 = ( GEOMETRIC_REPRESENTATION_CONTEXT(2) 
PARAMETRIC_REPRESENTATION_CONTEXT() REPRESENTATION_CONTEXT('2D SPACE',''
  ) );
#1312 = ORIENTED_EDGE('',*,*,#1313,.F.);
#1313 = EDGE_CURVE('',#321,#1263,#1314,.T.);
#1314 = SURFACE_CURVE('',#1315,(#1319,#1326),.PCURVE_S1.);
#1315 = ( BOUNDED_CURVE() B_SPLINE_CURVE(2,(#1316,#1317,#1318),
.UNSPECIFIED.,.F.,.F.) B_SPLINE_CURVE_WITH_KNOTS((3,3),(0.,
15.73033503803),.PIECEWISE_BEZIER_KNOTS.) CURVE() 
GEOMETRIC_REPRESENTATION_ITEM() RATIONAL_B_SPLINE_CURVE((1.,
0.965925826289,1.)) REPRESENTATION_ITEM('') );
#1316 = CARTESIAN_POINT('',(-1.314395115161E-15,-7.8,0.933012701892));
#1317 = CARTESIAN_POINT('',(0.,-7.8,1.));
#1318 = CARTESIAN_POINT('',(-1.7763568394E-15,-7.766506350946,
    1.058012701892));
#1319 = PCURVE('',#427,#1320);
#1320 = DEFINITIONAL_REPRESENTATION('',(#1321),#1325);
#1321 = LINE('',#1322,#1323);
#1322 = CARTESIAN_POINT('',(0.,32.669883661819));
#1323 = VECTOR('',#1324,1.);
#1324 = DIRECTION('',(1.,0.));
#1325 = ( GEOMETRIC_REPRESENTATION_CONTEXT(2) 
PARAMETRIC_REPRESENTATION_CONTEXT() REPRESENTATION_CONTEXT('2D SPACE',''
  ) );
#1326 = PCURVE('',#353,#1327);
#1327 = DEFINITIONAL_REPRESENTATION('',(#1328),#1332);
#1328 = LINE('',#1329,#1330);
#1329 = CARTESIAN_POINT('',(0.,32.669883661819));
#1330 = VECTOR('',#1331,1.);
#1331 = DIRECTION('',(1.,0.));
#1332 = ( GEOMETRIC_REPRESENTATION_CONTEXT(2) 
PARAMETRIC_REPRESENTATION_CONTEXT() REPRESENTATION_CONTEXT('2D SPACE',''
  ) );
#1333 = ORIENTED_EDGE('',*,*,#394,.F.);
#1334 = ADVANCED_FACE('',(#1335),#353,.T.);
#1335 = FACE_BOUND('',#1336,.T.);
#1336 = EDGE_LOOP('',(#1337,#1338,#1389,#1409));
#1337 = ORIENTED_EDGE('',*,*,#1313,.T.);
#1338 = ORIENTED_EDGE('',*,*,#1339,.T.);
#1339 = EDGE_CURVE('',#1263,#1340,#1342,.T.);
#1340 = VERTEX_POINT('',#1341);
#1341 = CARTESIAN_POINT('',(-5.789492591185,3.502320721777,
    1.058332169807));
#1342 = SURFACE_CURVE('',#1343,(#1355,#1362),.PCURVE_S1.);
#1343 = ( BOUNDED_CURVE() B_SPLINE_CURVE(10,(#1344,#1345,#1346,#1347,
    #1348,#1349,#1350,#1351,#1352,#1353,#1354),.UNSPECIFIED.,.F.,.F.) 
B_SPLINE_CURVE_WITH_KNOTS((11,11),(32.669883661819,48.400218699848),
.PIECEWISE_BEZIER_KNOTS.) CURVE() GEOMETRIC_REPRESENTATION_ITEM() 
RATIONAL_B_SPLINE_CURVE((1.,1.,1.,1.,1.,1.,1.,1.,1.,1.,1.)) 
REPRESENTATION_ITEM('') );
#1344 = CARTESIAN_POINT('',(-1.308242431645E-15,-7.766506350946,
    1.058012701892));
#1345 = CARTESIAN_POINT('',(-1.547313913227,-7.766506350946,
    1.058012701892));
#1346 = CARTESIAN_POINT('',(-3.095583306303,-7.393634821414,
    1.058025991024));
#1347 = CARTESIAN_POINT('',(-4.568800474165,-6.641147527642,
    1.057964608441));
#1348 = CARTESIAN_POINT('',(-5.840859052413,-5.534207183281,
    1.058112911418));
#1349 = CARTESIAN_POINT('',(-6.773524268925,-4.088314271763,
    1.057887047571));
#1350 = CARTESIAN_POINT('',(-7.3100786939,-2.602904120856,1.058088071019
    ));
#1351 = CARTESIAN_POINT('',(-7.56358525623,-0.918307454803,
    1.058001409916));
#1352 = CARTESIAN_POINT('',(-7.286271843742,0.736691194945,
    1.058175564914));
#1353 = CARTESIAN_POINT('',(-6.714586150569,2.211477206752,
    1.057704201167));
#1354 = CARTESIAN_POINT('',(-5.789492591185,3.502320721777,
    1.058332169807));
#1355 = PCURVE('',#353,#1356);
#1356 = DEFINITIONAL_REPRESENTATION('',(#1357),#1361);
#1357 = LINE('',#1358,#1359);
#1358 = CARTESIAN_POINT('',(15.73033503803,0.));
#1359 = VECTOR('',#1360,1.);
#1360 = DIRECTION('',(0.,1.));
#1361 = ( GEOMETRIC_REPRESENTATION_CONTEXT(2) 
PARAMETRIC_REPRESENTATION_CONTEXT() REPRESENTATION_CONTEXT('2D SPACE',''
  ) );
#1362 = PCURVE('',#1363,#1368);
#1363 = CONICAL_SURFACE('',#1364,7.155233743456,0.523598775598);
#1364 = AXIS2_PLACEMENT_3D('',#1365,#1366,#1367);
#1365 = CARTESIAN_POINT('',(0.,-0.644766256544,1.));
#1366 = DIRECTION('',(-0.,-0.,-1.));
#1367 = DIRECTION('',(-1.836970198721E-16,-1.,0.));
#1368 = DEFINITIONAL_REPRESENTATION('',(#1369),#1388);
#1369 = B_SPLINE_CURVE_WITH_KNOTS('',9,(#1370,#1371,#1372,#1373,#1374,
    #1375,#1376,#1377,#1378,#1379,#1380,#1381,#1382,#1383,#1384,#1385,
    #1386,#1387),.UNSPECIFIED.,.F.,.F.,(10,8,10),(32.669883661819,
    40.535051180833,48.400218699848),.UNSPECIFIED.);
#1370 = CARTESIAN_POINT('',(2.22044604925E-16,-5.801270189222E-02));
#1371 = CARTESIAN_POINT('',(0.12070348388,-5.801270189222E-02));
#1372 = CARTESIAN_POINT('',(0.241447359697,-5.801684199082E-02));
#1373 = CARTESIAN_POINT('',(0.362869314395,-5.800952432237E-02));
#1374 = CARTESIAN_POINT('',(0.484918206752,-5.801336117111E-02));
#1375 = CARTESIAN_POINT('',(0.607133316781,-5.801400253502E-02));
#1376 = CARTESIAN_POINT('',(0.729317356778,-5.801292828709E-02));
#1377 = CARTESIAN_POINT('',(0.851170349963,-5.801182406095E-02));
#1378 = CARTESIAN_POINT('',(0.97276686387,-5.80130321941E-02));
#1379 = CARTESIAN_POINT('',(1.215708170319,-5.801870299727E-02));
#1380 = CARTESIAN_POINT('',(1.337052646296,-5.802315278298E-02));
#1381 = CARTESIAN_POINT('',(1.458424436848,-5.802884886553E-02));
#1382 = CARTESIAN_POINT('',(1.580017118096,-5.80319558166E-02));
#1383 = CARTESIAN_POINT('',(1.702203298162,-5.802772323775E-02));
#1384 = CARTESIAN_POINT('',(1.824603996095,-5.800455022925E-02));
#1385 = CARTESIAN_POINT('',(1.947084453282,-5.79780002815E-02));
#1386 = CARTESIAN_POINT('',(2.068498031948,-5.79832983406E-02));
#1387 = CARTESIAN_POINT('',(2.192386709254,-5.833216980711E-02));
#1388 = ( GEOMETRIC_REPRESENTATION_CONTEXT(2) 
PARAMETRIC_REPRESENTATION_CONTEXT() REPRESENTATION_CONTEXT('2D SPACE',''
  ) );
#1389 = ORIENTED_EDGE('',*,*,#1390,.F.);
#1390 = EDGE_CURVE('',#288,#1340,#1391,.T.);
#1391 = SURFACE_CURVE('',#1392,(#1396,#1403),.PCURVE_S1.);
#1392 = ( BOUNDED_CURVE() B_SPLINE_CURVE(2,(#1393,#1394,#1395),
.UNSPECIFIED.,.F.,.F.) B_SPLINE_CURVE_WITH_KNOTS((3,3),(0.,
15.73033503803),.PIECEWISE_BEZIER_KNOTS.) CURVE() 
GEOMETRIC_REPRESENTATION_ITEM() RATIONAL_B_SPLINE_CURVE((1.,
0.965425086072,1.)) REPRESENTATION_ITEM('') );
#1393 = CARTESIAN_POINT('',(-5.819495930034,3.518265936919,
    0.932498348567));
#1394 = CARTESIAN_POINT('',(-5.819495930034,3.518265936919,1.00000246085
    ));
#1395 = CARTESIAN_POINT('',(-5.789492591185,3.502320721777,
    1.058332169807));
#1396 = PCURVE('',#353,#1397);
#1397 = DEFINITIONAL_REPRESENTATION('',(#1398),#1402);
#1398 = LINE('',#1399,#1400);
#1399 = CARTESIAN_POINT('',(0.,48.400218699848));
#1400 = VECTOR('',#1401,1.);
#1401 = DIRECTION('',(1.,0.));
#1402 = ( GEOMETRIC_REPRESENTATION_CONTEXT(2) 
PARAMETRIC_REPRESENTATION_CONTEXT() REPRESENTATION_CONTEXT('2D SPACE',''
  ) );
#1403 = PCURVE('',#303,#1404);
#1404 = DEFINITIONAL_REPRESENTATION('',(#1405),#1408);
#1405 = B_SPLINE_CURVE_WITH_KNOTS('',1,(#1406,#1407),.UNSPECIFIED.,.F.,
  .F.,(2,2),(0.,15.73033503803),.PIECEWISE_BEZIER_KNOTS.);
#1406 = CARTESIAN_POINT('',(0.,48.400218699848));
#1407 = CARTESIAN_POINT('',(4.457734367847E-03,48.400218699848));
#1408 = ( GEOMETRIC_REPRESENTATION_CONTEXT(2) 
PARAMETRIC_REPRESENTATION_CONTEXT() REPRESENTATION_CONTEXT('2D SPACE',''
  ) );
#1409 = ORIENTED_EDGE('',*,*,#320,.F.);
#1410 = ADVANCED_FACE('',(#1411),#303,.T.);
#1411 = FACE_BOUND('',#1412,.T.);
#1412 = EDGE_LOOP('',(#1413,#1414,#1435,#1436));
#1413 = ORIENTED_EDGE('',*,*,#1390,.T.);
#1414 = ORIENTED_EDGE('',*,*,#1415,.T.);
#1415 = EDGE_CURVE('',#1340,#591,#1416,.T.);
#1416 = SURFACE_CURVE('',#1417,(#1421,#1428),.PCURVE_S1.);
#1417 = B_SPLINE_CURVE_WITH_KNOTS('',2,(#1418,#1419,#1420),
  .UNSPECIFIED.,.F.,.F.,(3,3),(48.400218699848,48.404676434216),
  .PIECEWISE_BEZIER_KNOTS.);
#1418 = CARTESIAN_POINT('',(-5.789492591185,3.502320721777,
    1.058332169807));
#1419 = CARTESIAN_POINT('',(-5.788191004919,3.50415463681,1.05831517362)
  );
#1420 = CARTESIAN_POINT('',(-5.786887990712,3.505987812803,1.05830954931
    ));
#1421 = PCURVE('',#303,#1422);
#1422 = DEFINITIONAL_REPRESENTATION('',(#1423),#1427);
#1423 = LINE('',#1424,#1425);
#1424 = CARTESIAN_POINT('',(4.457734367847E-03,0.));
#1425 = VECTOR('',#1426,1.);
#1426 = DIRECTION('',(0.,1.));
#1427 = ( GEOMETRIC_REPRESENTATION_CONTEXT(2) 
PARAMETRIC_REPRESENTATION_CONTEXT() REPRESENTATION_CONTEXT('2D SPACE',''
  ) );
#1428 = PCURVE('',#635,#1429);
#1429 = DEFINITIONAL_REPRESENTATION('',(#1430),#1434);
#1430 = B_SPLINE_CURVE_WITH_KNOTS('',2,(#1431,#1432,#1433),
  .UNSPECIFIED.,.F.,.F.,(3,3),(48.400218699848,48.404676434216),
  .PIECEWISE_BEZIER_KNOTS.);
#1431 = CARTESIAN_POINT('',(-6.655527574374E-10,5.833216993268E-02));
#1432 = CARTESIAN_POINT('',(1.105800017978E-03,5.83151736195E-02));
#1433 = CARTESIAN_POINT('',(2.211727492249E-03,5.830954918442E-02));
#1434 = ( GEOMETRIC_REPRESENTATION_CONTEXT(2) 
PARAMETRIC_REPRESENTATION_CONTEXT() REPRESENTATION_CONTEXT('2D SPACE',''
  ) );
#1435 = ORIENTED_EDGE('',*,*,#590,.F.);
#1436 = ORIENTED_EDGE('',*,*,#287,.F.);
#1437 = ADVANCED_FACE('',(#1438),#519,.T.);
#1438 = FACE_BOUND('',#1439,.T.);
#1439 = EDGE_LOOP('',(#1440,#1469,#1491,#1492));
#1440 = ORIENTED_EDGE('',*,*,#1441,.F.);
#1441 = EDGE_CURVE('',#1442,#694,#1444,.T.);
#1442 = VERTEX_POINT('',#1443);
#1443 = CARTESIAN_POINT('',(-2.1,4.811704479704,0.));
#1444 = SURFACE_CURVE('',#1445,(#1450,#1457),.PCURVE_S1.);
#1445 = CIRCLE('',#1446,0.25);
#1446 = AXIS2_PLACEMENT_3D('',#1447,#1448,#1449);
#1447 = CARTESIAN_POINT('',(-2.1,4.811704479704,0.25));
#1448 = DIRECTION('',(-0.916515138991,-0.4,0.));
#1449 = DIRECTION('',(0.4,-0.916515138991,0.));
#1450 = PCURVE('',#519,#1451);
#1451 = DEFINITIONAL_REPRESENTATION('',(#1452),#1456);
#1452 = LINE('',#1453,#1454);
#1453 = CARTESIAN_POINT('',(0.,0.));
#1454 = VECTOR('',#1455,1.);
#1455 = DIRECTION('',(0.,1.));
#1456 = ( GEOMETRIC_REPRESENTATION_CONTEXT(2) 
PARAMETRIC_REPRESENTATION_CONTEXT() REPRESENTATION_CONTEXT('2D SPACE',''
  ) );
#1457 = PCURVE('',#1458,#1463);
#1458 = TOROIDAL_SURFACE('',#1459,5.25,0.25);
#1459 = AXIS2_PLACEMENT_3D('',#1460,#1461,#1462);
#1460 = CARTESIAN_POINT('',(0.,0.,0.25));
#1461 = DIRECTION('',(-0.,-0.,-1.));
#1462 = DIRECTION('',(0.4,0.916515138991,0.));
#1463 = DEFINITIONAL_REPRESENTATION('',(#1464),#1468);
#1464 = LINE('',#1465,#1466);
#1465 = CARTESIAN_POINT('',(5.460151615045,-3.14159265359));
#1466 = VECTOR('',#1467,1.);
#1467 = DIRECTION('',(0.,1.));
#1468 = ( GEOMETRIC_REPRESENTATION_CONTEXT(2) 
PARAMETRIC_REPRESENTATION_CONTEXT() REPRESENTATION_CONTEXT('2D SPACE',''
  ) );
#1469 = ORIENTED_EDGE('',*,*,#1470,.T.);
#1470 = EDGE_CURVE('',#1442,#503,#1471,.T.);
#1471 = SURFACE_CURVE('',#1472,(#1477,#1484),.PCURVE_S1.);
#1472 = CIRCLE('',#1473,2.75);
#1473 = AXIS2_PLACEMENT_3D('',#1474,#1475,#1476);
#1474 = CARTESIAN_POINT('',(-3.2,7.332121111929,0.));
#1475 = DIRECTION('',(-0.,0.,1.));
#1476 = DIRECTION('',(0.4,-0.916515138991,0.));
#1477 = PCURVE('',#519,#1478);
#1478 = DEFINITIONAL_REPRESENTATION('',(#1479),#1483);
#1479 = LINE('',#1480,#1481);
#1480 = CARTESIAN_POINT('',(0.,4.712388980385));
#1481 = VECTOR('',#1482,1.);
#1482 = DIRECTION('',(1.,0.));
#1483 = ( GEOMETRIC_REPRESENTATION_CONTEXT(2) 
PARAMETRIC_REPRESENTATION_CONTEXT() REPRESENTATION_CONTEXT('2D SPACE',''
  ) );
#1484 = PCURVE('',#548,#1485);
#1485 = DEFINITIONAL_REPRESENTATION('',(#1486),#1490);
#1486 = CIRCLE('',#1487,2.75);
#1487 = AXIS2_PLACEMENT_2D('',#1488,#1489);
#1488 = CARTESIAN_POINT('',(-3.2,5.293537710826));
#1489 = DIRECTION('',(0.4,-0.916515138991));
#1490 = ( GEOMETRIC_REPRESENTATION_CONTEXT(2) 
PARAMETRIC_REPRESENTATION_CONTEXT() REPRESENTATION_CONTEXT('2D SPACE',''
  ) );
#1491 = ORIENTED_EDGE('',*,*,#502,.T.);
#1492 = ORIENTED_EDGE('',*,*,#933,.F.);
#1493 = ADVANCED_FACE('',(#1494,#1525,#1556),#548,.F.);
#1494 = FACE_BOUND('',#1495,.F.);
#1495 = EDGE_LOOP('',(#1496));
#1496 = ORIENTED_EDGE('',*,*,#1497,.F.);
#1497 = EDGE_CURVE('',#1498,#1498,#1500,.T.);
#1498 = VERTEX_POINT('',#1499);
#1499 = CARTESIAN_POINT('',(-1.95,7.332121111929,0.));
#1500 = SURFACE_CURVE('',#1501,(#1506,#1513),.PCURVE_S1.);
#1501 = CIRCLE('',#1502,1.25);
#1502 = AXIS2_PLACEMENT_3D('',#1503,#1504,#1505);
#1503 = CARTESIAN_POINT('',(-3.2,7.332121111929,0.));
#1504 = DIRECTION('',(0.,-0.,1.));
#1505 = DIRECTION('',(1.,8.881784197001E-16,0.));
#1506 = PCURVE('',#548,#1507);
#1507 = DEFINITIONAL_REPRESENTATION('',(#1508),#1512);
#1508 = CIRCLE('',#1509,1.25);
#1509 = AXIS2_PLACEMENT_2D('',#1510,#1511);
#1510 = CARTESIAN_POINT('',(-3.2,5.293537710826));
#1511 = DIRECTION('',(1.,8.881784197001E-16));
#1512 = ( GEOMETRIC_REPRESENTATION_CONTEXT(2) 
PARAMETRIC_REPRESENTATION_CONTEXT() REPRESENTATION_CONTEXT('2D SPACE',''
  ) );
#1513 = PCURVE('',#1514,#1519);
#1514 = TOROIDAL_SURFACE('',#1515,1.25,0.25);
#1515 = AXIS2_PLACEMENT_3D('',#1516,#1517,#1518);
#1516 = CARTESIAN_POINT('',(-3.2,7.332121111929,0.25));
#1517 = DIRECTION('',(-0.,-0.,-1.));
#1518 = DIRECTION('',(1.,8.881784197001E-16,0.));
#1519 = DEFINITIONAL_REPRESENTATION('',(#1520),#1524);
#1520 = LINE('',#1521,#1522);
#1521 = CARTESIAN_POINT('',(-0.,1.570796326795));
#1522 = VECTOR('',#1523,1.);
#1523 = DIRECTION('',(-1.,0.));
#1524 = ( GEOMETRIC_REPRESENTATION_CONTEXT(2) 
PARAMETRIC_REPRESENTATION_CONTEXT() REPRESENTATION_CONTEXT('2D SPACE',''
  ) );
#1525 = FACE_BOUND('',#1526,.F.);
#1526 = EDGE_LOOP('',(#1527));
#1527 = ORIENTED_EDGE('',*,*,#1528,.F.);
#1528 = EDGE_CURVE('',#1529,#1529,#1531,.T.);
#1529 = VERTEX_POINT('',#1530);
#1530 = CARTESIAN_POINT('',(4.45,7.332121111929,0.));
#1531 = SURFACE_CURVE('',#1532,(#1537,#1544),.PCURVE_S1.);
#1532 = CIRCLE('',#1533,1.25);
#1533 = AXIS2_PLACEMENT_3D('',#1534,#1535,#1536);
#1534 = CARTESIAN_POINT('',(3.2,7.332121111929,0.));
#1535 = DIRECTION('',(0.,-0.,1.));
#1536 = DIRECTION('',(1.,8.881784197001E-16,0.));
#1537 = PCURVE('',#548,#1538);
#1538 = DEFINITIONAL_REPRESENTATION('',(#1539),#1543);
#1539 = CIRCLE('',#1540,1.25);
#1540 = AXIS2_PLACEMENT_2D('',#1541,#1542);
#1541 = CARTESIAN_POINT('',(3.2,5.293537710826));
#1542 = DIRECTION('',(1.,8.881784197001E-16));
#1543 = ( GEOMETRIC_REPRESENTATION_CONTEXT(2) 
PARAMETRIC_REPRESENTATION_CONTEXT() REPRESENTATION_CONTEXT('2D SPACE',''
  ) );
#1544 = PCURVE('',#1545,#1550);
#1545 = TOROIDAL_SURFACE('',#1546,1.25,0.25);
#1546 = AXIS2_PLACEMENT_3D('',#1547,#1548,#1549);
#1547 = CARTESIAN_POINT('',(3.2,7.332121111929,0.25));
#1548 = DIRECTION('',(-0.,-0.,-1.));
#1549 = DIRECTION('',(1.,8.881784197001E-16,0.));
#1550 = DEFINITIONAL_REPRESENTATION('',(#1551),#1555);
#1551 = LINE('',#1552,#1553);
#1552 = CARTESIAN_POINT('',(-0.,1.570796326795));
#1553 = VECTOR('',#1554,1.);
#1554 = DIRECTION('',(-1.,0.));
#1555 = ( GEOMETRIC_REPRESENTATION_CONTEXT(2) 
PARAMETRIC_REPRESENTATION_CONTEXT() REPRESENTATION_CONTEXT('2D SPACE',''
  ) );
#1556 = FACE_BOUND('',#1557,.F.);
#1557 = EDGE_LOOP('',(#1558,#1559,#1560,#1561,#1562,#1590,#1619));
#1558 = ORIENTED_EDGE('',*,*,#1470,.T.);
#1559 = ORIENTED_EDGE('',*,*,#531,.T.);
#1560 = ORIENTED_EDGE('',*,*,#1234,.T.);
#1561 = ORIENTED_EDGE('',*,*,#1109,.T.);
#1562 = ORIENTED_EDGE('',*,*,#1563,.T.);
#1563 = EDGE_CURVE('',#1110,#1564,#1566,.T.);
#1564 = VERTEX_POINT('',#1565);
#1565 = CARTESIAN_POINT('',(5.533527916551,5.877079029144,0.));
#1566 = SURFACE_CURVE('',#1567,(#1572,#1583),.PCURVE_S1.);
#1567 = CIRCLE('',#1568,2.25);
#1568 = AXIS2_PLACEMENT_3D('',#1569,#1570,#1571);
#1569 = CARTESIAN_POINT('',(7.442778030093,4.68659005232,0.));
#1570 = DIRECTION('',(-0.,0.,-1.));
#1571 = DIRECTION('',(-0.812953359647,-0.582328803202,0.));
#1572 = PCURVE('',#548,#1573);
#1573 = DEFINITIONAL_REPRESENTATION('',(#1574),#1582);
#1574 = ( BOUNDED_CURVE() B_SPLINE_CURVE(2,(#1575,#1576,#1577,#1578,
#1579,#1580,#1581),.UNSPECIFIED.,.T.,.F.) B_SPLINE_CURVE_WITH_KNOTS((1,2
    ,2,2,2,1),(-2.094395102393,0.,2.094395102393,4.188790204786,
6.28318530718,8.377580409573),.UNSPECIFIED.) CURVE() 
GEOMETRIC_REPRESENTATION_ITEM() RATIONAL_B_SPLINE_CURVE((1.,0.5,1.,0.5,
1.,0.5,1.)) REPRESENTATION_ITEM('') );
#1575 = CARTESIAN_POINT('',(5.613632970888,1.337766844012));
#1576 = CARTESIAN_POINT('',(3.344231054709,4.505939020969));
#1577 = CARTESIAN_POINT('',(7.222649601607,4.887212643298));
#1578 = CARTESIAN_POINT('',(11.101068148504,5.268486265628));
#1579 = CARTESIAN_POINT('',(9.492051517785,1.719040466341));
#1580 = CARTESIAN_POINT('',(7.883034887067,-1.830405332945));
#1581 = CARTESIAN_POINT('',(5.613632970888,1.337766844012));
#1582 = ( GEOMETRIC_REPRESENTATION_CONTEXT(2) 
PARAMETRIC_REPRESENTATION_CONTEXT() REPRESENTATION_CONTEXT('2D SPACE',''
  ) );
#1583 = PCURVE('',#1070,#1584);
#1584 = DEFINITIONAL_REPRESENTATION('',(#1585),#1589);
#1585 = LINE('',#1586,#1587);
#1586 = CARTESIAN_POINT('',(0.,1.570796326795));
#1587 = VECTOR('',#1588,1.);
#1588 = DIRECTION('',(1.,0.));
#1589 = ( GEOMETRIC_REPRESENTATION_CONTEXT(2) 
PARAMETRIC_REPRESENTATION_CONTEXT() REPRESENTATION_CONTEXT('2D SPACE',''
  ) );
#1590 = ORIENTED_EDGE('',*,*,#1591,.T.);
#1591 = EDGE_CURVE('',#1564,#1592,#1594,.T.);
#1592 = VERTEX_POINT('',#1593);
#1593 = CARTESIAN_POINT('',(2.1,4.811704479704,0.));
#1594 = SURFACE_CURVE('',#1595,(#1600,#1607),.PCURVE_S1.);
#1595 = CIRCLE('',#1596,2.75);
#1596 = AXIS2_PLACEMENT_3D('',#1597,#1598,#1599);
#1597 = CARTESIAN_POINT('',(3.2,7.332121111929,0.));
#1598 = DIRECTION('',(-0.,0.,1.));
#1599 = DIRECTION('',(0.848555606019,-0.529106211922,0.));
#1600 = PCURVE('',#548,#1601);
#1601 = DEFINITIONAL_REPRESENTATION('',(#1602),#1606);
#1602 = CIRCLE('',#1603,2.75);
#1603 = AXIS2_PLACEMENT_2D('',#1604,#1605);
#1604 = CARTESIAN_POINT('',(3.2,5.293537710826));
#1605 = DIRECTION('',(0.848555606019,-0.529106211922));
#1606 = ( GEOMETRIC_REPRESENTATION_CONTEXT(2) 
PARAMETRIC_REPRESENTATION_CONTEXT() REPRESENTATION_CONTEXT('2D SPACE',''
  ) );
#1607 = PCURVE('',#1608,#1613);
#1608 = TOROIDAL_SURFACE('',#1609,2.75,0.25);
#1609 = AXIS2_PLACEMENT_3D('',#1610,#1611,#1612);
#1610 = CARTESIAN_POINT('',(3.2,7.332121111929,0.25));
#1611 = DIRECTION('',(0.,0.,1.));
#1612 = DIRECTION('',(0.848555606019,-0.529106211922,0.));
#1613 = DEFINITIONAL_REPRESENTATION('',(#1614),#1618);
#1614 = LINE('',#1615,#1616);
#1615 = CARTESIAN_POINT('',(0.,4.712388980385));
#1616 = VECTOR('',#1617,1.);
#1617 = DIRECTION('',(1.,0.));
#1618 = ( GEOMETRIC_REPRESENTATION_CONTEXT(2) 
PARAMETRIC_REPRESENTATION_CONTEXT() REPRESENTATION_CONTEXT('2D SPACE',''
  ) );
#1619 = ORIENTED_EDGE('',*,*,#1620,.T.);
#1620 = EDGE_CURVE('',#1592,#1442,#1621,.T.);
#1621 = SURFACE_CURVE('',#1622,(#1627,#1638),.PCURVE_S1.);
#1622 = CIRCLE('',#1623,5.25);
#1623 = AXIS2_PLACEMENT_3D('',#1624,#1625,#1626);
#1624 = CARTESIAN_POINT('',(0.,0.,0.));
#1625 = DIRECTION('',(0.,0.,-1.));
#1626 = DIRECTION('',(0.4,0.916515138991,0.));
#1627 = PCURVE('',#548,#1628);
#1628 = DEFINITIONAL_REPRESENTATION('',(#1629),#1637);
#1629 = ( BOUNDED_CURVE() B_SPLINE_CURVE(2,(#1630,#1631,#1632,#1633,
#1634,#1635,#1636),.UNSPECIFIED.,.T.,.F.) B_SPLINE_CURVE_WITH_KNOTS((1,2
    ,2,2,2,1),(-2.094395102393,0.,2.094395102393,4.188790204786,
6.28318530718,8.377580409573),.UNSPECIFIED.) CURVE() 
GEOMETRIC_REPRESENTATION_ITEM() RATIONAL_B_SPLINE_CURVE((1.,0.5,1.,0.5,
1.,0.5,1.)) REPRESENTATION_ITEM('') );
#1630 = CARTESIAN_POINT('',(2.1,2.773121078601));
#1631 = CARTESIAN_POINT('',(10.434116629853,-0.864185617294));
#1632 = CARTESIAN_POINT('',(3.117058314927,-6.263088988902));
#1633 = CARTESIAN_POINT('',(-4.2,-11.66199236051));
#1634 = CARTESIAN_POINT('',(-5.217058314927,-2.625782293008));
#1635 = CARTESIAN_POINT('',(-6.234116629853,6.410427774495));
#1636 = CARTESIAN_POINT('',(2.1,2.773121078601));
#1637 = ( GEOMETRIC_REPRESENTATION_CONTEXT(2) 
PARAMETRIC_REPRESENTATION_CONTEXT() REPRESENTATION_CONTEXT('2D SPACE',''
  ) );
#1638 = PCURVE('',#1458,#1639);
#1639 = DEFINITIONAL_REPRESENTATION('',(#1640),#1644);
#1640 = LINE('',#1641,#1642);
#1641 = CARTESIAN_POINT('',(0.,1.570796326795));
#1642 = VECTOR('',#1643,1.);
#1643 = DIRECTION('',(1.,0.));
#1644 = ( GEOMETRIC_REPRESENTATION_CONTEXT(2) 
PARAMETRIC_REPRESENTATION_CONTEXT() REPRESENTATION_CONTEXT('2D SPACE',''
  ) );
#1645 = ADVANCED_FACE('',(#1646),#635,.F.);
#1646 = FACE_BOUND('',#1647,.F.);
#1647 = EDGE_LOOP('',(#1648,#1671,#1672,#1673,#1698,#1726));
#1648 = ORIENTED_EDGE('',*,*,#1649,.F.);
#1649 = EDGE_CURVE('',#1340,#1650,#1652,.T.);
#1650 = VERTEX_POINT('',#1651);
#1651 = CARTESIAN_POINT('',(-5.406182324898,3.22775071604,1.875));
#1652 = SURFACE_CURVE('',#1653,(#1657,#1664),.PCURVE_S1.);
#1653 = LINE('',#1654,#1655);
#1654 = CARTESIAN_POINT('',(-5.8168713108,3.521932445915,1.));
#1655 = VECTOR('',#1656,1.);
#1656 = DIRECTION('',(0.406476679823,-0.291164401601,0.866025403784));
#1657 = PCURVE('',#635,#1658);
#1658 = DEFINITIONAL_REPRESENTATION('',(#1659),#1663);
#1659 = LINE('',#1660,#1661);
#1660 = CARTESIAN_POINT('',(0.,0.));
#1661 = VECTOR('',#1662,1.);
#1662 = DIRECTION('',(0.,1.));
#1663 = ( GEOMETRIC_REPRESENTATION_CONTEXT(2) 
PARAMETRIC_REPRESENTATION_CONTEXT() REPRESENTATION_CONTEXT('2D SPACE',''
  ) );
#1664 = PCURVE('',#1363,#1665);
#1665 = DEFINITIONAL_REPRESENTATION('',(#1666),#1670);
#1666 = LINE('',#1667,#1668);
#1667 = CARTESIAN_POINT('',(2.192386709254,-0.));
#1668 = VECTOR('',#1669,1.);
#1669 = DIRECTION('',(0.,-1.));
#1670 = ( GEOMETRIC_REPRESENTATION_CONTEXT(2) 
PARAMETRIC_REPRESENTATION_CONTEXT() REPRESENTATION_CONTEXT('2D SPACE',''
  ) );
#1671 = ORIENTED_EDGE('',*,*,#1415,.T.);
#1672 = ORIENTED_EDGE('',*,*,#612,.T.);
#1673 = ORIENTED_EDGE('',*,*,#1674,.T.);
#1674 = EDGE_CURVE('',#613,#1675,#1677,.T.);
#1675 = VERTEX_POINT('',#1676);
#1676 = CARTESIAN_POINT('',(-5.716965461605,5.762698847222,
    1.058584502026));
#1677 = SURFACE_CURVE('',#1678,(#1683,#1691),.PCURVE_S1.);
#1678 = ( BOUNDED_CURVE() B_SPLINE_CURVE(3,(#1679,#1680,#1681,#1682),
.UNSPECIFIED.,.F.,.F.) B_SPLINE_CURVE_WITH_KNOTS((4,4),(50.770206733325,
50.776133059855),.PIECEWISE_BEZIER_KNOTS.) CURVE() 
GEOMETRIC_REPRESENTATION_ITEM() RATIONAL_B_SPLINE_CURVE((1.,1.,1.,1.)) 
REPRESENTATION_ITEM('') );
#1679 = CARTESIAN_POINT('',(-5.713828216444,5.757592727975,
    1.058531287697));
#1680 = CARTESIAN_POINT('',(-5.714875908024,5.759293717772,
    1.058540109334));
#1681 = CARTESIAN_POINT('',(-5.715921657149,5.760995758751,
    1.058557848246));
#1682 = CARTESIAN_POINT('',(-5.716965461605,5.762698847222,
    1.058584502026));
#1683 = PCURVE('',#635,#1684);
#1684 = DEFINITIONAL_REPRESENTATION('',(#1685),#1690);
#1685 = B_SPLINE_CURVE_WITH_KNOTS('',3,(#1686,#1687,#1688,#1689),
  .UNSPECIFIED.,.F.,.F.,(4,4),(50.770206733325,50.776133059855),
  .PIECEWISE_BEZIER_KNOTS.);
#1686 = CARTESIAN_POINT('',(1.176190698164,5.853128769684E-02));
#1687 = CARTESIAN_POINT('',(1.177172975209,5.854010933406E-02));
#1688 = CARTESIAN_POINT('',(1.178155181306,5.855784824567E-02));
#1689 = CARTESIAN_POINT('',(1.179137296233,5.85845020258E-02));
#1690 = ( GEOMETRIC_REPRESENTATION_CONTEXT(2) 
PARAMETRIC_REPRESENTATION_CONTEXT() REPRESENTATION_CONTEXT('2D SPACE',''
  ) );
#1691 = PCURVE('',#670,#1692);
#1692 = DEFINITIONAL_REPRESENTATION('',(#1693),#1697);
#1693 = LINE('',#1694,#1695);
#1694 = CARTESIAN_POINT('',(5.926326529718E-03,0.));
#1695 = VECTOR('',#1696,1.);
#1696 = DIRECTION('',(0.,1.));
#1697 = ( GEOMETRIC_REPRESENTATION_CONTEXT(2) 
PARAMETRIC_REPRESENTATION_CONTEXT() REPRESENTATION_CONTEXT('2D SPACE',''
  ) );
#1698 = ORIENTED_EDGE('',*,*,#1699,.T.);
#1699 = EDGE_CURVE('',#1675,#1700,#1702,.T.);
#1700 = VERTEX_POINT('',#1701);
#1701 = CARTESIAN_POINT('',(-5.316992236443,6.012097138311,1.875));
#1702 = SURFACE_CURVE('',#1703,(#1707,#1714),.PCURVE_S1.);
#1703 = LINE('',#1704,#1705);
#1704 = CARTESIAN_POINT('',(-5.745666818056,5.744802476164,1.));
#1705 = VECTOR('',#1706,1.);
#1706 = DIRECTION('',(0.424277803009,0.264553105961,0.866025403784));
#1707 = PCURVE('',#635,#1708);
#1708 = DEFINITIONAL_REPRESENTATION('',(#1709),#1713);
#1709 = LINE('',#1710,#1711);
#1710 = CARTESIAN_POINT('',(1.179137296233,0.));
#1711 = VECTOR('',#1712,1.);
#1712 = DIRECTION('',(0.,1.));
#1713 = ( GEOMETRIC_REPRESENTATION_CONTEXT(2) 
PARAMETRIC_REPRESENTATION_CONTEXT() REPRESENTATION_CONTEXT('2D SPACE',''
  ) );
#1714 = PCURVE('',#1715,#1720);
#1715 = CONICAL_SURFACE('',#1716,3.,0.523598775598);
#1716 = AXIS2_PLACEMENT_3D('',#1717,#1718,#1719);
#1717 = CARTESIAN_POINT('',(-3.2,7.332121111929,1.));
#1718 = DIRECTION('',(-0.,-0.,-1.));
#1719 = DIRECTION('',(-0.848555606019,-0.529106211922,0.));
#1720 = DEFINITIONAL_REPRESENTATION('',(#1721),#1725);
#1721 = LINE('',#1722,#1723);
#1722 = CARTESIAN_POINT('',(-1.7763568394E-15,-0.));
#1723 = VECTOR('',#1724,1.);
#1724 = DIRECTION('',(0.,-1.));
#1725 = ( GEOMETRIC_REPRESENTATION_CONTEXT(2) 
PARAMETRIC_REPRESENTATION_CONTEXT() REPRESENTATION_CONTEXT('2D SPACE',''
  ) );
#1726 = ORIENTED_EDGE('',*,*,#1727,.F.);
#1727 = EDGE_CURVE('',#1650,#1700,#1728,.T.);
#1728 = SURFACE_CURVE('',#1729,(#1734,#1741),.PCURVE_S1.);
#1729 = CIRCLE('',#1730,2.505181485541);
#1730 = AXIS2_PLACEMENT_3D('',#1731,#1732,#1733);
#1731 = CARTESIAN_POINT('',(-7.442778030093,4.68659005232,1.875));
#1732 = DIRECTION('',(-0.,0.,1.));
#1733 = DIRECTION('',(0.812953359647,-0.582328803202,0.));
#1734 = PCURVE('',#635,#1735);
#1735 = DEFINITIONAL_REPRESENTATION('',(#1736),#1740);
#1736 = LINE('',#1737,#1738);
#1737 = CARTESIAN_POINT('',(0.,0.875));
#1738 = VECTOR('',#1739,1.);
#1739 = DIRECTION('',(1.,0.));
#1740 = ( GEOMETRIC_REPRESENTATION_CONTEXT(2) 
PARAMETRIC_REPRESENTATION_CONTEXT() REPRESENTATION_CONTEXT('2D SPACE',''
  ) );
#1741 = PCURVE('',#1742,#1747);
#1742 = TOROIDAL_SURFACE('',#1743,2.721687836487,0.25);
#1743 = AXIS2_PLACEMENT_3D('',#1744,#1745,#1746);
#1744 = CARTESIAN_POINT('',(-7.442778030093,4.68659005232,1.75));
#1745 = DIRECTION('',(0.,0.,1.));
#1746 = DIRECTION('',(0.812953359647,-0.582328803202,0.));
#1747 = DEFINITIONAL_REPRESENTATION('',(#1748),#1752);
#1748 = LINE('',#1749,#1750);
#1749 = CARTESIAN_POINT('',(0.,2.617993877991));
#1750 = VECTOR('',#1751,1.);
#1751 = DIRECTION('',(1.,0.));
#1752 = ( GEOMETRIC_REPRESENTATION_CONTEXT(2) 
PARAMETRIC_REPRESENTATION_CONTEXT() REPRESENTATION_CONTEXT('2D SPACE',''
  ) );
#1753 = ADVANCED_FACE('',(#1754),#670,.T.);
#1754 = FACE_BOUND('',#1755,.T.);
#1755 = EDGE_LOOP('',(#1756,#1757,#1758,#1778));
#1756 = ORIENTED_EDGE('',*,*,#656,.T.);
#1757 = ORIENTED_EDGE('',*,*,#1674,.T.);
#1758 = ORIENTED_EDGE('',*,*,#1759,.F.);
#1759 = EDGE_CURVE('',#762,#1675,#1760,.T.);
#1760 = SURFACE_CURVE('',#1761,(#1765,#1772),.PCURVE_S1.);
#1761 = ( BOUNDED_CURVE() B_SPLINE_CURVE(2,(#1762,#1763,#1764),
.UNSPECIFIED.,.F.,.F.) B_SPLINE_CURVE_WITH_KNOTS((3,3),(0.,
5.926326529718E-03),.PIECEWISE_BEZIER_KNOTS.) CURVE() 
GEOMETRIC_REPRESENTATION_ITEM() RATIONAL_B_SPLINE_CURVE((1.,
0.965034215397,1.)) REPRESENTATION_ITEM('') );
#1762 = CARTESIAN_POINT('',(-5.748862407208,5.749938938752,
    0.932105213701));
#1763 = CARTESIAN_POINT('',(-5.748862407208,5.749938938752,
    1.000010564078));
#1764 = CARTESIAN_POINT('',(-5.716965461605,5.762698847222,
    1.058584502026));
#1765 = PCURVE('',#670,#1766);
#1766 = DEFINITIONAL_REPRESENTATION('',(#1767),#1771);
#1767 = LINE('',#1768,#1769);
#1768 = CARTESIAN_POINT('',(0.,50.776133059855));
#1769 = VECTOR('',#1770,1.);
#1770 = DIRECTION('',(1.,0.));
#1771 = ( GEOMETRIC_REPRESENTATION_CONTEXT(2) 
PARAMETRIC_REPRESENTATION_CONTEXT() REPRESENTATION_CONTEXT('2D SPACE',''
  ) );
#1772 = PCURVE('',#823,#1773);
#1773 = DEFINITIONAL_REPRESENTATION('',(#1774),#1777);
#1774 = B_SPLINE_CURVE_WITH_KNOTS('',1,(#1775,#1776),.UNSPECIFIED.,.F.,
  .F.,(2,2),(0.,5.926326529718E-03),.PIECEWISE_BEZIER_KNOTS.);
#1775 = CARTESIAN_POINT('',(0.,50.776133059855));
#1776 = CARTESIAN_POINT('',(14.545124467576,50.776133059855));
#1777 = ( GEOMETRIC_REPRESENTATION_CONTEXT(2) 
PARAMETRIC_REPRESENTATION_CONTEXT() REPRESENTATION_CONTEXT('2D SPACE',''
  ) );
#1778 = ORIENTED_EDGE('',*,*,#909,.F.);
#1779 = ADVANCED_FACE('',(#1780),#711,.F.);
#1780 = FACE_BOUND('',#1781,.T.);
#1781 = EDGE_LOOP('',(#1782,#1783,#1942,#1965));
#1782 = ORIENTED_EDGE('',*,*,#693,.T.);
#1783 = ORIENTED_EDGE('',*,*,#1784,.T.);
#1784 = EDGE_CURVE('',#696,#1785,#1787,.T.);
#1785 = VERTEX_POINT('',#1786);
#1786 = CARTESIAN_POINT('',(2.,4.582575694956,0.933012701892));
#1787 = SURFACE_CURVE('',#1788,(#1817,#1850),.PCURVE_S1.);
#1788 = ( BOUNDED_CURVE() B_SPLINE_CURVE(14,(#1789,#1790,#1791,#1792,
    #1793,#1794,#1795,#1796,#1797,#1798,#1799,#1800,#1801,#1802,#1803,
    #1804,#1805,#1806,#1807,#1808,#1809,#1810,#1811,#1812,#1813,#1814,
#1815,#1816),.UNSPECIFIED.,.F.,.F.) B_SPLINE_CURVE_WITH_KNOTS((15,13,15)
,(65.339767323637,78.940833796929,92.54190027022),.UNSPECIFIED.) CURVE()
 GEOMETRIC_REPRESENTATION_ITEM() RATIONAL_B_SPLINE_CURVE((1.,1.,
    1.000000000001,0.999999999997,1.000000000007,0.999999999988,
    1.000000000017,0.999999999982,1.000000000016,0.999999999988,
    1.000000000007,0.999999999997,1.000000000001,1.,1.,0.999999999998,
    1.000000000005,0.999999999989,1.000000000017,0.999999999978,
    1.000000000023,0.99999999998,1.000000000015,0.999999999991,
1.000000000004,0.999999999999,1.,1.)) REPRESENTATION_ITEM('') );
#1789 = CARTESIAN_POINT('',(-2.,4.582575694956,0.921043246637));
#1790 = CARTESIAN_POINT('',(-3.250268004632,4.036914002557,0.93212810458
    ));
#1791 = CARTESIAN_POINT('',(-4.11811564474,3.222566987733,0.932444669718
    ));
#1792 = CARTESIAN_POINT('',(-4.85945582157,2.260879097762,0.935967520298
    ));
#1793 = CARTESIAN_POINT('',(-5.277155236748,1.130111101643,
    0.932142504265));
#1794 = CARTESIAN_POINT('',(-5.461511511319,-0.161603762525,
    0.934058874934));
#1795 = CARTESIAN_POINT('',(-5.343206470832,-1.194360172826,
    0.931409800764));
#1796 = CARTESIAN_POINT('',(-4.88693466632,-2.725960927717,
    0.927855138045));
#1797 = CARTESIAN_POINT('',(-3.987843223027,-3.12944075238,0.93049996172
    ));
#1798 = CARTESIAN_POINT('',(-3.620344888745,-3.884969023432,
    0.932721669055));
#1799 = CARTESIAN_POINT('',(-2.84339981448,-4.292040224446,
    0.932335078615));
#1800 = CARTESIAN_POINT('',(-2.192307291976,-4.673888638688,
    0.93310934215));
#1801 = CARTESIAN_POINT('',(-1.413120241579,-4.924202956648,
    0.933028599352));
#1802 = CARTESIAN_POINT('',(-0.589176131159,-5.03793281222,0.93302734646
    ));
#1803 = CARTESIAN_POINT('',(1.114800973672,-4.948243559391,
    0.932966309295));
#1804 = CARTESIAN_POINT('',(1.993759369878,-4.744958388255,
    0.932922668509));
#1805 = CARTESIAN_POINT('',(2.868451389185,-4.364003167443,
    0.932936452748));
#1806 = CARTESIAN_POINT('',(3.692656659148,-3.790724399117,0.93298592611
    ));
#1807 = CARTESIAN_POINT('',(4.401986105368,-3.030021565926,
    0.933018703902));
#1808 = CARTESIAN_POINT('',(4.938247140017,-2.115940968597,
    0.933019452191));
#1809 = CARTESIAN_POINT('',(5.26504577825,-1.102670683257,0.933009390399
    ));
#1810 = CARTESIAN_POINT('',(5.368261317837,-4.795124866363E-02,
    0.933009028137));
#1811 = CARTESIAN_POINT('',(5.248671741249,0.997101683717,0.933015371288
    ));
#1812 = CARTESIAN_POINT('',(4.916042542261,1.98683931228,0.933014859577)
  );
#1813 = CARTESIAN_POINT('',(4.389116255793,2.875595727795,0.93300966186)
  );
#1814 = CARTESIAN_POINT('',(3.698852515063,3.620486205549,0.933013769116
    ));
#1815 = CARTESIAN_POINT('',(2.887666988207,4.195166060157,0.933012701892
    ));
#1816 = CARTESIAN_POINT('',(2.,4.582575694956,0.933012701892));
#1817 = PCURVE('',#711,#1818);
#1818 = DEFINITIONAL_REPRESENTATION('',(#1819),#1849);
#1819 = B_SPLINE_CURVE_WITH_KNOTS('',10,(#1820,#1821,#1822,#1823,#1824,
    #1825,#1826,#1827,#1828,#1829,#1830,#1831,#1832,#1833,#1834,#1835,
    #1836,#1837,#1838,#1839,#1840,#1841,#1842,#1843,#1844,#1845,#1846,
    #1847,#1848),.UNSPECIFIED.,.F.,.F.,(11,9,9,11),(65.339767323637,
    72.140300560283,78.940833796929,92.54190027022),.UNSPECIFIED.);
#1820 = CARTESIAN_POINT('',(-1.982313172862,-0.921043246637));
#1821 = CARTESIAN_POINT('',(-2.173294765202,-0.928802647197));
#1822 = CARTESIAN_POINT('',(-2.339706630094,-0.931121578856));
#1823 = CARTESIAN_POINT('',(-2.505221538137,-0.933268582732));
#1824 = CARTESIAN_POINT('',(-2.663823461165,-0.933365245634));
#1825 = CARTESIAN_POINT('',(-2.825257111673,-0.933668892051));
#1826 = CARTESIAN_POINT('',(-2.982619926223,-0.93307438043));
#1827 = CARTESIAN_POINT('',(-3.140168368365,-0.93242494342));
#1828 = CARTESIAN_POINT('',(-3.292798439892,-0.931774377853));
#1829 = CARTESIAN_POINT('',(-3.439246677144,-0.931376207324));
#1830 = CARTESIAN_POINT('',(-3.71749068968,-0.931101678142));
#1831 = CARTESIAN_POINT('',(-3.8493294949,-0.931226684638));
#1832 = CARTESIAN_POINT('',(-3.972763572481,-0.931647776901));
#1833 = CARTESIAN_POINT('',(-4.088847033747,-0.932222125981));
#1834 = CARTESIAN_POINT('',(-4.197794623125,-0.932775944236));
#1835 = CARTESIAN_POINT('',(-4.307948034454,-0.932861353743));
#1836 = CARTESIAN_POINT('',(-4.416812225293,-0.93305338518));
#1837 = CARTESIAN_POINT('',(-4.529706851688,-0.933025487709));
#1838 = CARTESIAN_POINT('',(-4.645533511834,-0.933018190648));
#1839 = CARTESIAN_POINT('',(-5.003860070868,-0.932954102337));
#1840 = CARTESIAN_POINT('',(-5.256954709601,-0.932880484178));
#1841 = CARTESIAN_POINT('',(-5.525450257314,-0.933022626933));
#1842 = CARTESIAN_POINT('',(-5.801355126035,-0.933040824594));
#1843 = CARTESIAN_POINT('',(-6.077155954083,-0.933001298578));
#1844 = CARTESIAN_POINT('',(-6.350879286337,-0.933006724792));
#1845 = CARTESIAN_POINT('',(-6.624228649618,-0.9330198255));
#1846 = CARTESIAN_POINT('',(-6.898144919662,-0.93301050859));
#1847 = CARTESIAN_POINT('',(-7.171278043549,-0.933012701893));
#1848 = CARTESIAN_POINT('',(-7.442464787907,-0.933012701892));
#1849 = ( GEOMETRIC_REPRESENTATION_CONTEXT(2) 
PARAMETRIC_REPRESENTATION_CONTEXT() REPRESENTATION_CONTEXT('2D SPACE',''
  ) );
#1850 = PCURVE('',#1851,#1936);
#1851 = ( BOUNDED_SURFACE() B_SPLINE_SURFACE(2,14,(
    (#1852,#1853,#1854,#1855,#1856,#1857,#1858,#1859,#1860,#1861,#1862
      ,#1863,#1864,#1865,#1866,#1867,#1868,#1869,#1870,#1871,#1872,#1873
      ,#1874,#1875,#1876,#1877,#1878,#1879)
    ,(#1880,#1881,#1882,#1883,#1884,#1885,#1886,#1887,#1888,#1889,#1890
      ,#1891,#1892,#1893,#1894,#1895,#1896,#1897,#1898,#1899,#1900,#1901
      ,#1902,#1903,#1904,#1905,#1906,#1907)
    ,(#1908,#1909,#1910,#1911,#1912,#1913,#1914,#1915,#1916,#1917,#1918
      ,#1919,#1920,#1921,#1922,#1923,#1924,#1925,#1926,#1927,#1928,#1929
      ,#1930,#1931,#1932,#1933,#1934,#1935
)),.UNSPECIFIED.,.F.,.F.,.F.) B_SPLINE_SURFACE_WITH_KNOTS((3,3),(15,13,
    15),(0.,27.202132946583),(65.339767323637,78.940833796929,
92.54190027022),.UNSPECIFIED.) GEOMETRIC_REPRESENTATION_ITEM() 
RATIONAL_B_SPLINE_SURFACE((
    (1.,1.,1.000000000001,0.999999999997,1.000000000007,0.999999999988
      ,1.000000000017,0.999999999982,1.000000000016,0.999999999988
      ,1.000000000007,0.999999999997,1.000000000001,1.,1.,0.999999999998
      ,1.000000000005,0.999999999989,1.000000000017,0.999999999978
      ,1.000000000023,0.99999999998,1.000000000015,0.999999999991
      ,1.000000000004,0.999999999999,1.,1.)
    ,(0.953696733426,0.965674205142,0.964812157189,0.969559987127
      ,0.963883917888,0.968338691463,0.963288018874,0.961581569295
      ,0.96305236934,0.965946573802,0.96514048024,0.966056701245
      ,0.965935741502,0.965939881652,0.965881305984,0.965839402964
      ,0.965852632577,0.965900141794,0.965931607279,0.965932304581
      ,0.965922633346,0.965922296789,0.965928399487,0.965927900379
      ,0.965922898461,0.96592685483,0.965925826289,0.965925826289)
    ,(1.,1.,1.000000000001,0.999999999997,1.000000000007,0.999999999988
      ,1.000000000017,0.999999999982,1.000000000016,0.999999999988
      ,1.000000000007,0.999999999997,1.000000000001,1.,1.,0.999999999998
      ,1.000000000005,0.999999999989,1.000000000017,0.999999999978
      ,1.000000000023,0.99999999998,1.000000000015,0.999999999991
,1.000000000004,0.999999999999,1.,1.
  ))) REPRESENTATION_ITEM('') SURFACE() );
#1852 = CARTESIAN_POINT('',(-2.,4.582575694956,0.921043246637));
#1853 = CARTESIAN_POINT('',(-3.250268004632,4.036914002557,0.93212810458
    ));
#1854 = CARTESIAN_POINT('',(-4.11811564474,3.222566987733,0.932444669718
    ));
#1855 = CARTESIAN_POINT('',(-4.85945582157,2.260879097762,0.935967520298
    ));
#1856 = CARTESIAN_POINT('',(-5.277155236748,1.130111101643,
    0.932142504265));
#1857 = CARTESIAN_POINT('',(-5.461511511319,-0.161603762525,
    0.934058874934));
#1858 = CARTESIAN_POINT('',(-5.343206470832,-1.194360172826,
    0.931409800764));
#1859 = CARTESIAN_POINT('',(-4.88693466632,-2.725960927717,
    0.927855138045));
#1860 = CARTESIAN_POINT('',(-3.987843223027,-3.12944075238,0.93049996172
    ));
#1861 = CARTESIAN_POINT('',(-3.620344888745,-3.884969023432,
    0.932721669055));
#1862 = CARTESIAN_POINT('',(-2.84339981448,-4.292040224446,
    0.932335078615));
#1863 = CARTESIAN_POINT('',(-2.192307291976,-4.673888638688,
    0.93310934215));
#1864 = CARTESIAN_POINT('',(-1.413120241579,-4.924202956648,
    0.933028599352));
#1865 = CARTESIAN_POINT('',(-0.589176131159,-5.03793281222,0.93302734646
    ));
#1866 = CARTESIAN_POINT('',(1.114800973672,-4.948243559391,
    0.932966309295));
#1867 = CARTESIAN_POINT('',(1.993759369878,-4.744958388255,
    0.932922668509));
#1868 = CARTESIAN_POINT('',(2.868451389185,-4.364003167443,
    0.932936452748));
#1869 = CARTESIAN_POINT('',(3.692656659148,-3.790724399117,0.93298592611
    ));
#1870 = CARTESIAN_POINT('',(4.401986105368,-3.030021565926,
    0.933018703902));
#1871 = CARTESIAN_POINT('',(4.938247140017,-2.115940968597,
    0.933019452191));
#1872 = CARTESIAN_POINT('',(5.26504577825,-1.102670683257,0.933009390399
    ));
#1873 = CARTESIAN_POINT('',(5.368261317837,-4.795124866363E-02,
    0.933009028137));
#1874 = CARTESIAN_POINT('',(5.248671741249,0.997101683717,0.933015371288
    ));
#1875 = CARTESIAN_POINT('',(4.916042542261,1.98683931228,0.933014859577)
  );
#1876 = CARTESIAN_POINT('',(4.389116255793,2.875595727795,0.93300966186)
  );
#1877 = CARTESIAN_POINT('',(3.698852515063,3.620486205549,0.933013769116
    ));
#1878 = CARTESIAN_POINT('',(2.887666988207,4.195166060157,0.933012701892
    ));
#1879 = CARTESIAN_POINT('',(2.,4.582575694956,0.933012701892));
#1880 = CARTESIAN_POINT('',(-2.,4.582575694956,0.999886421464));
#1881 = CARTESIAN_POINT('',(-3.234760652791,4.043681965761,
    1.000023688093));
#1882 = CARTESIAN_POINT('',(-4.126816347494,3.223310462959,
    0.999962186255));
#1883 = CARTESIAN_POINT('',(-4.840982443186,2.271800827637,
    1.000072287081));
#1884 = CARTESIAN_POINT('',(-5.308556155072,1.105171808047,
    0.999911218857));
#1885 = CARTESIAN_POINT('',(-5.423168223816,-0.123168955149,
    1.000110810484));
#1886 = CARTESIAN_POINT('',(-5.390323078079,-1.263086879839,
    0.999891402653));
#1887 = CARTESIAN_POINT('',(-4.825619284788,-2.678809751492,
    1.000037854175));
#1888 = CARTESIAN_POINT('',(-4.042277833849,-3.145093389867,
    0.999931530933));
#1889 = CARTESIAN_POINT('',(-3.595386839494,-3.876841327886,
    1.000027356013));
#1890 = CARTESIAN_POINT('',(-2.853746306877,-4.294014773061,
    0.999983539192));
#1891 = CARTESIAN_POINT('',(-2.190277472986,-4.673351167606,
    1.000003790673));
#1892 = CARTESIAN_POINT('',(-1.413340094595,-4.924276899887,
    0.999999685194));
#1893 = CARTESIAN_POINT('',(-0.589150298392,-5.037931452507,
    1.000000097597));
#1894 = CARTESIAN_POINT('',(1.114826808005,-4.948242199594,
    0.999999691024));
#1895 = CARTESIAN_POINT('',(1.993841046159,-4.744933606358,
    0.999999399444));
#1896 = CARTESIAN_POINT('',(2.868363417045,-4.364017933599,
    0.999999491322));
#1897 = CARTESIAN_POINT('',(3.692543508412,-3.790800345047,
    0.999999822089));
#1898 = CARTESIAN_POINT('',(4.401954574428,-3.030106185289,
    1.000000040789));
#1899 = CARTESIAN_POINT('',(4.938273300554,-2.115960771508,
    1.000000044972));
#1900 = CARTESIAN_POINT('',(5.265064807369,-1.10262580841,0.999999977362
    ));
#1901 = CARTESIAN_POINT('',(5.368251733019,-4.792531800223E-02,
    0.99999997538));
#1902 = CARTESIAN_POINT('',(5.248661786888,0.997066169207,1.000000018222
    ));
#1903 = CARTESIAN_POINT('',(4.916048795717,1.986818531735,1.000000014504
    ));
#1904 = CARTESIAN_POINT('',(4.389116756468,2.875635566481,0.999999979349
    ));
#1905 = CARTESIAN_POINT('',(3.698851864697,3.620470623053,1.000000007277
    ));
#1906 = CARTESIAN_POINT('',(2.887666988207,4.195166060158,1.));
#1907 = CARTESIAN_POINT('',(2.,4.582575694956,1.));
#1908 = CARTESIAN_POINT('',(-2.038505424429,4.606307532323,
    1.064464888476));
#1909 = CARTESIAN_POINT('',(-3.279592811742,4.053770366799,
    1.059240856727));
#1910 = CARTESIAN_POINT('',(-4.148943251583,3.238192424615,
    1.057600849059));
#1911 = CARTESIAN_POINT('',(-4.887822043265,2.272188453516,1.05737260126
    ));
#1912 = CARTESIAN_POINT('',(-5.310131152902,1.141614618632,
    1.056753772635));
#1913 = CARTESIAN_POINT('',(-5.49573763913,-0.156472760608,1.05959049987
    ));
#1914 = CARTESIAN_POINT('',(-5.376055976472,-1.192552213935,
    1.056983273212));
#1915 = CARTESIAN_POINT('',(-4.931478044654,-2.725923540755,
    1.062539912903));
#1916 = CARTESIAN_POINT('',(-4.023251978166,-3.150498262822,
    1.058516857752));
#1917 = CARTESIAN_POINT('',(-3.650359645645,-3.903183206798,
    1.058779365594));
#1918 = CARTESIAN_POINT('',(-2.868404633195,-4.320202800707,
    1.058177803691));
#1919 = CARTESIAN_POINT('',(-2.209762050012,-4.704339461038,
    1.058019674453));
#1920 = CARTESIAN_POINT('',(-1.423857778444,-4.957262240278,
    1.057994251492));
#1921 = CARTESIAN_POINT('',(-0.593086994409,-5.071807974795,
    1.058003841803));
#1922 = CARTESIAN_POINT('',(1.123803981601,-4.981191382823,
    1.058040775466));
#1923 = CARTESIAN_POINT('',(2.008874882105,-4.776131598184,
    1.058067160749));
#1924 = CARTESIAN_POINT('',(2.889149036494,-4.392199668032,
    1.058058821123));
#1925 = CARTESIAN_POINT('',(3.718216704729,-3.814938265384,
    1.058028915255));
#1926 = CARTESIAN_POINT('',(4.431672870028,-3.049386626277,1.05800909074
    ));
#1927 = CARTESIAN_POINT('',(4.971220364758,-2.129631658652,
    1.058008617514));
#1928 = CARTESIAN_POINT('',(5.300196536125,-1.109933669297,
    1.058014690902));
#1929 = CARTESIAN_POINT('',(5.404190054902,-4.828001923625E-02,
    1.058014921071));
#1930 = CARTESIAN_POINT('',(5.283839924431,1.003787635038,1.058011097891
    ));
#1931 = CARTESIAN_POINT('',(4.948973688569,2.00016145331,1.058011399649)
  );
#1932 = CARTESIAN_POINT('',(4.418514185705,2.894844058791,1.058014531188
    ));
#1933 = CARTESIAN_POINT('',(3.723631875187,3.644743540507,1.058012060402
    ));
#1934 = CARTESIAN_POINT('',(2.907010689144,4.223268344106,1.058012701892
    ));
#1935 = CARTESIAN_POINT('',(2.013397459622,4.613273131374,1.058012701892
    ));
#1936 = DEFINITIONAL_REPRESENTATION('',(#1937),#1941);
#1937 = LINE('',#1938,#1939);
#1938 = CARTESIAN_POINT('',(0.,0.));
#1939 = VECTOR('',#1940,1.);
#1940 = DIRECTION('',(0.,1.));
#1941 = ( GEOMETRIC_REPRESENTATION_CONTEXT(2) 
PARAMETRIC_REPRESENTATION_CONTEXT() REPRESENTATION_CONTEXT('2D SPACE',''
  ) );
#1942 = ORIENTED_EDGE('',*,*,#1943,.F.);
#1943 = EDGE_CURVE('',#1944,#1785,#1946,.T.);
#1944 = VERTEX_POINT('',#1945);
#1945 = CARTESIAN_POINT('',(2.,4.582575694956,0.25));
#1946 = SURFACE_CURVE('',#1947,(#1951,#1958),.PCURVE_S1.);
#1947 = LINE('',#1948,#1949);
#1948 = CARTESIAN_POINT('',(2.,4.582575694956,0.));
#1949 = VECTOR('',#1950,1.);
#1950 = DIRECTION('',(0.,0.,1.));
#1951 = PCURVE('',#711,#1952);
#1952 = DEFINITIONAL_REPRESENTATION('',(#1953),#1957);
#1953 = LINE('',#1954,#1955);
#1954 = CARTESIAN_POINT('',(-7.442464787907,0.));
#1955 = VECTOR('',#1956,1.);
#1956 = DIRECTION('',(-0.,-1.));
#1957 = ( GEOMETRIC_REPRESENTATION_CONTEXT(2) 
PARAMETRIC_REPRESENTATION_CONTEXT() REPRESENTATION_CONTEXT('2D SPACE',''
  ) );
#1958 = PCURVE('',#976,#1959);
#1959 = DEFINITIONAL_REPRESENTATION('',(#1960),#1964);
#1960 = LINE('',#1961,#1962);
#1961 = CARTESIAN_POINT('',(-10.58405744149,0.));
#1962 = VECTOR('',#1963,1.);
#1963 = DIRECTION('',(-0.,-1.));
#1964 = ( GEOMETRIC_REPRESENTATION_CONTEXT(2) 
PARAMETRIC_REPRESENTATION_CONTEXT() REPRESENTATION_CONTEXT('2D SPACE',''
  ) );
#1965 = ORIENTED_EDGE('',*,*,#1966,.T.);
#1966 = EDGE_CURVE('',#1944,#694,#1967,.T.);
#1967 = SURFACE_CURVE('',#1968,(#1973,#1980),.PCURVE_S1.);
#1968 = CIRCLE('',#1969,5.);
#1969 = AXIS2_PLACEMENT_3D('',#1970,#1971,#1972);
#1970 = CARTESIAN_POINT('',(0.,0.,0.25));
#1971 = DIRECTION('',(0.,0.,-1.));
#1972 = DIRECTION('',(0.4,0.916515138991,0.));
#1973 = PCURVE('',#711,#1974);
#1974 = DEFINITIONAL_REPRESENTATION('',(#1975),#1979);
#1975 = LINE('',#1976,#1977);
#1976 = CARTESIAN_POINT('',(-7.442464787907,-0.25));
#1977 = VECTOR('',#1978,1.);
#1978 = DIRECTION('',(1.,-0.));
#1979 = ( GEOMETRIC_REPRESENTATION_CONTEXT(2) 
PARAMETRIC_REPRESENTATION_CONTEXT() REPRESENTATION_CONTEXT('2D SPACE',''
  ) );
#1980 = PCURVE('',#1458,#1981);
#1981 = DEFINITIONAL_REPRESENTATION('',(#1982),#1986);
#1982 = LINE('',#1983,#1984);
#1983 = CARTESIAN_POINT('',(0.,3.14159265359));
#1984 = VECTOR('',#1985,1.);
#1985 = DIRECTION('',(1.,0.));
#1986 = ( GEOMETRIC_REPRESENTATION_CONTEXT(2) 
PARAMETRIC_REPRESENTATION_CONTEXT() REPRESENTATION_CONTEXT('2D SPACE',''
  ) );
#1987 = ADVANCED_FACE('',(#1988),#741,.T.);
#1988 = FACE_BOUND('',#1989,.T.);
#1989 = EDGE_LOOP('',(#1990,#2012,#2042,#2062));
#1990 = ORIENTED_EDGE('',*,*,#1991,.T.);
#1991 = EDGE_CURVE('',#724,#1992,#1994,.T.);
#1992 = VERTEX_POINT('',#1993);
#1993 = CARTESIAN_POINT('',(-2.01498221744,4.616904267704,1.06487490454)
  );
#1994 = SURFACE_CURVE('',#1995,(#1999,#2005),.PCURVE_S1.);
#1995 = ( BOUNDED_CURVE() B_SPLINE_CURVE(2,(#1996,#1997,#1998),
.UNSPECIFIED.,.F.,.F.) B_SPLINE_CURVE_WITH_KNOTS((3,3),(0.,
14.545124467576),.PIECEWISE_BEZIER_KNOTS.) CURVE() 
GEOMETRIC_REPRESENTATION_ITEM() RATIONAL_B_SPLINE_CURVE((1.,
0.95346666685,1.)) REPRESENTATION_ITEM('') );
#1996 = CARTESIAN_POINT('',(-1.976299887854,4.593041332965,
    0.921140543564));
#1997 = CARTESIAN_POINT('',(-1.976299887854,4.593041332965,
    1.000193765937));
#1998 = CARTESIAN_POINT('',(-2.01498221744,4.616904267704,1.06487490454)
  );
#1999 = PCURVE('',#741,#2000);
#2000 = DEFINITIONAL_REPRESENTATION('',(#2001),#2004);
#2001 = B_SPLINE_CURVE_WITH_KNOTS('',1,(#2002,#2003),.UNSPECIFIED.,.F.,
  .F.,(2,2),(0.,14.545124467576),.PIECEWISE_BEZIER_KNOTS.);
#2002 = CARTESIAN_POINT('',(0.,65.321257527431));
#2003 = CARTESIAN_POINT('',(1.850979620622E-02,65.321257527431));
#2004 = ( GEOMETRIC_REPRESENTATION_CONTEXT(2) 
PARAMETRIC_REPRESENTATION_CONTEXT() REPRESENTATION_CONTEXT('2D SPACE',''
  ) );
#2005 = PCURVE('',#823,#2006);
#2006 = DEFINITIONAL_REPRESENTATION('',(#2007),#2011);
#2007 = LINE('',#2008,#2009);
#2008 = CARTESIAN_POINT('',(0.,65.321257527431));
#2009 = VECTOR('',#2010,1.);
#2010 = DIRECTION('',(1.,0.));
#2011 = ( GEOMETRIC_REPRESENTATION_CONTEXT(2) 
PARAMETRIC_REPRESENTATION_CONTEXT() REPRESENTATION_CONTEXT('2D SPACE',''
  ) );
#2012 = ORIENTED_EDGE('',*,*,#2013,.T.);
#2013 = EDGE_CURVE('',#1992,#2014,#2016,.T.);
#2014 = VERTEX_POINT('',#2015);
#2015 = CARTESIAN_POINT('',(-2.038505424429,4.606307532323,
    1.064464888476));
#2016 = SURFACE_CURVE('',#2017,(#2022,#2029),.PCURVE_S1.);
#2017 = ( BOUNDED_CURVE() B_SPLINE_CURVE(3,(#2018,#2019,#2020,#2021),
.UNSPECIFIED.,.F.,.F.) B_SPLINE_CURVE_WITH_KNOTS((4,4),(65.321257527431,
65.339767323637),.PIECEWISE_BEZIER_KNOTS.) CURVE() 
GEOMETRIC_REPRESENTATION_ITEM() RATIONAL_B_SPLINE_CURVE((1.,1.,1.,1.)) 
REPRESENTATION_ITEM('') );
#2018 = CARTESIAN_POINT('',(-2.01498221744,4.616904267704,1.06487490454)
  );
#2019 = CARTESIAN_POINT('',(-2.022782691379,4.613348984173,
    1.064635393776));
#2020 = CARTESIAN_POINT('',(-2.030623399266,4.609816642066,
    1.064498065793));
#2021 = CARTESIAN_POINT('',(-2.038505424429,4.606307532323,
    1.064464888476));
#2022 = PCURVE('',#741,#2023);
#2023 = DEFINITIONAL_REPRESENTATION('',(#2024),#2028);
#2024 = LINE('',#2025,#2026);
#2025 = CARTESIAN_POINT('',(1.850979620622E-02,0.));
#2026 = VECTOR('',#2027,1.);
#2027 = DIRECTION('',(0.,1.));
#2028 = ( GEOMETRIC_REPRESENTATION_CONTEXT(2) 
PARAMETRIC_REPRESENTATION_CONTEXT() REPRESENTATION_CONTEXT('2D SPACE',''
  ) );
#2029 = PCURVE('',#2030,#2035);
#2030 = CONICAL_SURFACE('',#2031,5.,0.523598775598);
#2031 = AXIS2_PLACEMENT_3D('',#2032,#2033,#2034);
#2032 = CARTESIAN_POINT('',(0.,0.,1.));
#2033 = DIRECTION('',(0.,0.,1.));
#2034 = DIRECTION('',(-0.4,0.916515138991,0.));
#2035 = DEFINITIONAL_REPRESENTATION('',(#2036),#2041);
#2036 = B_SPLINE_CURVE_WITH_KNOTS('',3,(#2037,#2038,#2039,#2040),
  .UNSPECIFIED.,.F.,.F.,(4,4),(65.321257527431,65.339767323637),
  .PIECEWISE_BEZIER_KNOTS.);
#2037 = CARTESIAN_POINT('',(1.585393568184E-15,6.487490453964E-02));
#2038 = CARTESIAN_POINT('',(1.701526851165E-03,6.463539377601E-02));
#2039 = CARTESIAN_POINT('',(3.408692837585E-03,6.449806579273E-02));
#2040 = CARTESIAN_POINT('',(5.121513115602E-03,6.446488847571E-02));
#2041 = ( GEOMETRIC_REPRESENTATION_CONTEXT(2) 
PARAMETRIC_REPRESENTATION_CONTEXT() REPRESENTATION_CONTEXT('2D SPACE',''
  ) );
#2042 = ORIENTED_EDGE('',*,*,#2043,.F.);
#2043 = EDGE_CURVE('',#696,#2014,#2044,.T.);
#2044 = SURFACE_CURVE('',#2045,(#2049,#2056),.PCURVE_S1.);
#2045 = ( BOUNDED_CURVE() B_SPLINE_CURVE(2,(#2046,#2047,#2048),
.UNSPECIFIED.,.F.,.F.) B_SPLINE_CURVE_WITH_KNOTS((3,3),(0.,
1.850979620622E-02),.PIECEWISE_BEZIER_KNOTS.) CURVE() 
GEOMETRIC_REPRESENTATION_ITEM() RATIONAL_B_SPLINE_CURVE((1.,
0.953696733426,1.)) REPRESENTATION_ITEM('') );
#2046 = CARTESIAN_POINT('',(-2.,4.582575694956,0.921043246637));
#2047 = CARTESIAN_POINT('',(-2.,4.582575694956,0.999886421464));
#2048 = CARTESIAN_POINT('',(-2.038505424429,4.606307532323,
    1.064464888476));
#2049 = PCURVE('',#741,#2050);
#2050 = DEFINITIONAL_REPRESENTATION('',(#2051),#2055);
#2051 = LINE('',#2052,#2053);
#2052 = CARTESIAN_POINT('',(0.,65.339767323637));
#2053 = VECTOR('',#2054,1.);
#2054 = DIRECTION('',(1.,0.));
#2055 = ( GEOMETRIC_REPRESENTATION_CONTEXT(2) 
PARAMETRIC_REPRESENTATION_CONTEXT() REPRESENTATION_CONTEXT('2D SPACE',''
  ) );
#2056 = PCURVE('',#1851,#2057);
#2057 = DEFINITIONAL_REPRESENTATION('',(#2058),#2061);
#2058 = B_SPLINE_CURVE_WITH_KNOTS('',1,(#2059,#2060),.UNSPECIFIED.,.F.,
  .F.,(2,2),(0.,1.850979620622E-02),.PIECEWISE_BEZIER_KNOTS.);
#2059 = CARTESIAN_POINT('',(0.,65.339767323637));
#2060 = CARTESIAN_POINT('',(27.202132946583,65.339767323637));
#2061 = ( GEOMETRIC_REPRESENTATION_CONTEXT(2) 
PARAMETRIC_REPRESENTATION_CONTEXT() REPRESENTATION_CONTEXT('2D SPACE',''
  ) );
#2062 = ORIENTED_EDGE('',*,*,#723,.F.);
#2063 = ADVANCED_FACE('',(#2064),#823,.T.);
#2064 = FACE_BOUND('',#2065,.T.);
#2065 = EDGE_LOOP('',(#2066,#2067,#2173,#2174));
#2066 = ORIENTED_EDGE('',*,*,#1759,.T.);
#2067 = ORIENTED_EDGE('',*,*,#2068,.T.);
#2068 = EDGE_CURVE('',#1675,#1992,#2069,.T.);
#2069 = SURFACE_CURVE('',#2070,(#2097,#2104),.PCURVE_S1.);
#2070 = ( BOUNDED_CURVE() B_SPLINE_CURVE(13,(#2071,#2072,#2073,#2074,
    #2075,#2076,#2077,#2078,#2079,#2080,#2081,#2082,#2083,#2084,#2085,
    #2086,#2087,#2088,#2089,#2090,#2091,#2092,#2093,#2094,#2095,#2096),
.UNSPECIFIED.,.F.,.F.) B_SPLINE_CURVE_WITH_KNOTS((14,12,14),(
    50.776133059855,58.048695293643,65.321257527431),.UNSPECIFIED.) 
CURVE() GEOMETRIC_REPRESENTATION_ITEM() RATIONAL_B_SPLINE_CURVE((1.,1.,
    1.000000000001,0.999999999998,1.000000000004,0.999999999993,
    1.000000000009,0.999999999991,1.000000000007,0.999999999995,
    1.000000000002,0.999999999999,1.,1.,1.,0.999999999999,1.000000000002
    ,0.999999999997,1.000000000004,0.999999999996,1.000000000003,
0.999999999998,1.000000000001,1.,1.,1.)) REPRESENTATION_ITEM('') );
#2071 = CARTESIAN_POINT('',(-5.716965461605,5.762698847222,
    1.058584502026));
#2072 = CARTESIAN_POINT('',(-6.016862040526,6.243278250914,
    1.058235709509));
#2073 = CARTESIAN_POINT('',(-6.214700630667,6.781608550326,
    1.058051529847));
#2074 = CARTESIAN_POINT('',(-6.301626364794,7.358113728546,
    1.057973360463));
#2075 = CARTESIAN_POINT('',(-6.269594253753,7.948900450747,
    1.057962947569));
#2076 = CARTESIAN_POINT('',(-6.115335835789,8.52679421775,1.057988522704
    ));
#2077 = CARTESIAN_POINT('',(-5.843160354349,9.0629471512,1.058026954046)
  );
#2078 = CARTESIAN_POINT('',(-5.466299786117,9.529422310869,
    1.058067473867));
#2079 = CARTESIAN_POINT('',(-5.006632063739,9.90266890029,1.058109152263
    ));
#2080 = CARTESIAN_POINT('',(-4.492741859262,10.167312169396,
    1.058150896027));
#2081 = CARTESIAN_POINT('',(-3.956403317937,10.319191278162,
    1.058179360303));
#2082 = CARTESIAN_POINT('',(-3.427694152618,10.366087838697,
    1.058166769367));
#2083 = CARTESIAN_POINT('',(-2.92907553327,10.324097307387,
    1.058097251691));
#2084 = CARTESIAN_POINT('',(-2.008718920072,10.090112398687,
    1.057996554548));
#2085 = CARTESIAN_POINT('',(-1.587261673509,9.898657066585,
    1.057978824645));
#2086 = CARTESIAN_POINT('',(-1.213628865539,9.639523443234,
    1.057879684633));
#2087 = CARTESIAN_POINT('',(-0.893728997065,9.358076643269,
    1.058720226376));
#2088 = CARTESIAN_POINT('',(-0.577248452722,8.945542737725,
    1.057604221504));
#2089 = CARTESIAN_POINT('',(-0.38770678141,8.612867000902,1.061576457591
    ));
#2090 = CARTESIAN_POINT('',(5.321269068324E-03,7.989416659891,
    1.059228552921));
#2091 = CARTESIAN_POINT('',(1.275154454183E-02,7.220323833642,
    1.058557095539));
#2092 = CARTESIAN_POINT('',(-0.128716207039,6.587919015258,1.05780138642
    ));
#2093 = CARTESIAN_POINT('',(-0.357570599558,5.90879198618,1.056859818709
    ));
#2094 = CARTESIAN_POINT('',(-0.815142242602,5.383363219932,
    1.057610112842));
#2095 = CARTESIAN_POINT('',(-1.290929305395,4.928908064663,
    1.058527005045));
#2096 = CARTESIAN_POINT('',(-2.01498221744,4.616904267704,1.06487490454)
  );
#2097 = PCURVE('',#823,#2098);
#2098 = DEFINITIONAL_REPRESENTATION('',(#2099),#2103);
#2099 = LINE('',#2100,#2101);
#2100 = CARTESIAN_POINT('',(14.545124467576,0.));
#2101 = VECTOR('',#2102,1.);
#2102 = DIRECTION('',(0.,1.));
#2103 = ( GEOMETRIC_REPRESENTATION_CONTEXT(2) 
PARAMETRIC_REPRESENTATION_CONTEXT() REPRESENTATION_CONTEXT('2D SPACE',''
  ) );
#2104 = PCURVE('',#1715,#2105);
#2105 = DEFINITIONAL_REPRESENTATION('',(#2106),#2172);
#2106 = B_SPLINE_CURVE_WITH_KNOTS('',10,(#2107,#2108,#2109,#2110,#2111,
    #2112,#2113,#2114,#2115,#2116,#2117,#2118,#2119,#2120,#2121,#2122,
    #2123,#2124,#2125,#2126,#2127,#2128,#2129,#2130,#2131,#2132,#2133,
    #2134,#2135,#2136,#2137,#2138,#2139,#2140,#2141,#2142,#2143,#2144,
    #2145,#2146,#2147,#2148,#2149,#2150,#2151,#2152,#2153,#2154,#2155,
    #2156,#2157,#2158,#2159,#2160,#2161,#2162,#2163,#2164,#2165,#2166,
    #2167,#2168,#2169,#2170,#2171),.UNSPECIFIED.,.F.,.F.,(11,9,9,9,9,9,9
    ,11),(50.776133059855,54.412414176749,58.048695293643,
    58.957765572866,59.86683585209,61.684976410537,63.503116968984,
    65.321257527431),.UNSPECIFIED.);
#2107 = CARTESIAN_POINT('',(-1.187588015558E-15,-5.85845020258E-02));
#2108 = CARTESIAN_POINT('',(0.124135938303,-5.835778688962E-02));
#2109 = CARTESIAN_POINT('',(0.247529626534,-5.820240024419E-02));
#2110 = CARTESIAN_POINT('',(0.370698988829,-5.810094186669E-02));
#2111 = CARTESIAN_POINT('',(0.493837121557,-5.804011400414E-02));
#2112 = CARTESIAN_POINT('',(0.61698435995,-5.800904284872E-02));
#2113 = CARTESIAN_POINT('',(0.740110185896,-5.799875826247E-02));
#2114 = CARTESIAN_POINT('',(0.863135007439,-5.8002266821E-02));
#2115 = CARTESIAN_POINT('',(0.985921840557,-5.801465324975E-02));
#2116 = CARTESIAN_POINT('',(1.108267923759,-5.803264532185E-02));
#2117 = CARTESIAN_POINT('',(1.351584668359,-5.807350925954E-02));
#2118 = CARTESIAN_POINT('',(1.472555128357,-5.809641838147E-02));
#2119 = CARTESIAN_POINT('',(1.592586631353,-5.811880020184E-02));
#2120 = CARTESIAN_POINT('',(1.711384959135,-5.813821469475E-02));
#2121 = CARTESIAN_POINT('',(1.828581642353,-5.815195429937E-02));
#2122 = CARTESIAN_POINT('',(1.94381889108,-5.815655273604E-02));
#2123 = CARTESIAN_POINT('',(2.05661089756,-5.814733626348E-02));
#2124 = CARTESIAN_POINT('',(2.166544692417,-5.812065341944E-02));
#2125 = CARTESIAN_POINT('',(2.273322591035,-5.807963005256E-02));
#2126 = CARTESIAN_POINT('',(2.403373131036,-5.803872138598E-02));
#2127 = CARTESIAN_POINT('',(2.429204231258,-5.803141747917E-02));
#2128 = CARTESIAN_POINT('',(2.454873257165,-5.802448546198E-02));
#2129 = CARTESIAN_POINT('',(2.480381357243,-5.801829530505E-02));
#2130 = CARTESIAN_POINT('',(2.505731921698,-5.801344336023E-02));
#2131 = CARTESIAN_POINT('',(2.530935680539,-5.801046918217E-02));
#2132 = CARTESIAN_POINT('',(2.556008269038,-5.800981013218E-02));
#2133 = CARTESIAN_POINT('',(2.580965656552,-5.801186520088E-02));
#2134 = CARTESIAN_POINT('',(2.605822834701,-5.80170394838E-02));
#2135 = CARTESIAN_POINT('',(2.655379487092,-5.80342420087E-02));
#2136 = CARTESIAN_POINT('',(2.680078842324,-5.804627953125E-02));
#2137 = CARTESIAN_POINT('',(2.704719241185,-5.806206811389E-02));
#2138 = CARTESIAN_POINT('',(2.729323258369,-5.808190348381E-02));
#2139 = CARTESIAN_POINT('',(2.75391577188,-5.810603253871E-02));
#2140 = CARTESIAN_POINT('',(2.778523706245,-5.813462358942E-02));
#2141 = CARTESIAN_POINT('',(2.803175775722,-5.816773660361E-02));
#2142 = CARTESIAN_POINT('',(2.827902227513,-5.820529344814E-02));
#2143 = CARTESIAN_POINT('',(2.852734584972,-5.824704813275E-02));
#2144 = CARTESIAN_POINT('',(2.927647002514,-5.838357489264E-02));
#2145 = CARTESIAN_POINT('',(2.978142301503,-5.848961830005E-02));
#2146 = CARTESIAN_POINT('',(3.029448152155,-5.860717174515E-02));
#2147 = CARTESIAN_POINT('',(3.081834157863,-5.872991701192E-02));
#2148 = CARTESIAN_POINT('',(3.135559742484,-5.884812983038E-02));
#2149 = CARTESIAN_POINT('',(3.190842779807,-5.895016101204E-02));
#2150 = CARTESIAN_POINT('',(3.247829447636,-5.90249769924E-02));
#2151 = CARTESIAN_POINT('',(3.306574983121,-5.906473468458E-02));
#2152 = CARTESIAN_POINT('',(3.367045015928,-5.906636554814E-02));
#2153 = CARTESIAN_POINT('',(3.491249295826,-5.899592200617E-02));
#2154 = CARTESIAN_POINT('',(3.554982699793,-5.892386989311E-02));
#2155 = CARTESIAN_POINT('',(3.620254625578,-5.881630269657E-02));
#2156 = CARTESIAN_POINT('',(3.686903668828,-5.867917722199E-02));
#2157 = CARTESIAN_POINT('',(3.754728078155,-5.852311934547E-02));
#2158 = CARTESIAN_POINT('',(3.823514696673,-5.836232061641E-02));
#2159 = CARTESIAN_POINT('',(3.893066308021,-5.821304894542E-02));
#2160 = CARTESIAN_POINT('',(3.963225164561,-5.809251837448E-02));
#2161 = CARTESIAN_POINT('',(4.033890475823,-5.801886293641E-02));
#2162 = CARTESIAN_POINT('',(4.176164794052,-5.800705626712E-02));
#2163 = CARTESIAN_POINT('',(4.2477754993,-5.806891813027E-02));
#2164 = CARTESIAN_POINT('',(4.319815594493,-5.821913589785E-02));
#2165 = CARTESIAN_POINT('',(4.392370032215,-5.848200471796E-02));
#2166 = CARTESIAN_POINT('',(4.465441143247,-5.888271024053E-02));
#2167 = CARTESIAN_POINT('',(4.539495628087,-5.945958692775E-02));
#2168 = CARTESIAN_POINT('',(4.614628361483,-6.025452338263E-02));
#2169 = CARTESIAN_POINT('',(4.691762745746,-6.13370389355E-02));
#2170 = CARTESIAN_POINT('',(4.77192844167,-6.281183720389E-02));
#2171 = CARTESIAN_POINT('',(4.858419048091,-6.487490453964E-02));
#2172 = ( GEOMETRIC_REPRESENTATION_CONTEXT(2) 
PARAMETRIC_REPRESENTATION_CONTEXT() REPRESENTATION_CONTEXT('2D SPACE',''
  ) );
#2173 = ORIENTED_EDGE('',*,*,#1991,.F.);
#2174 = ORIENTED_EDGE('',*,*,#761,.F.);
#2175 = ADVANCED_FACE('',(#2176),#976,.T.);
#2176 = FACE_BOUND('',#2177,.F.);
#2177 = EDGE_LOOP('',(#2178,#2179,#2217,#2627,#2628));
#2178 = ORIENTED_EDGE('',*,*,#958,.T.);
#2179 = ORIENTED_EDGE('',*,*,#2180,.F.);
#2180 = EDGE_CURVE('',#2181,#961,#2183,.T.);
#2181 = VERTEX_POINT('',#2182);
#2182 = CARTESIAN_POINT('',(5.748862407208,5.749938938752,0.932105213701
    ));
#2183 = SURFACE_CURVE('',#2184,(#2189,#2197),.PCURVE_S1.);
#2184 = ( BOUNDED_CURVE() B_SPLINE_CURVE(3,(#2185,#2186,#2187,#2188),
.UNSPECIFIED.,.F.,.F.) B_SPLINE_CURVE_WITH_KNOTS((4,4),(14.563634263782,
14.569560590312),.PIECEWISE_BEZIER_KNOTS.) CURVE() 
GEOMETRIC_REPRESENTATION_ITEM() RATIONAL_B_SPLINE_CURVE((1.,1.,1.,1.)) 
REPRESENTATION_ITEM('') );
#2185 = CARTESIAN_POINT('',(5.748862407208,5.749938938752,0.932105213701
    ));
#2186 = CARTESIAN_POINT('',(5.747798979908,5.748225779601,0.932103245895
    ));
#2187 = CARTESIAN_POINT('',(5.746733783065,5.746513624359,0.93210987723)
  );
#2188 = CARTESIAN_POINT('',(5.745666818056,5.744802476164,0.932125110453
    ));
#2189 = PCURVE('',#976,#2190);
#2190 = DEFINITIONAL_REPRESENTATION('',(#2191),#2196);
#2191 = B_SPLINE_CURVE_WITH_KNOTS('',3,(#2192,#2193,#2194,#2195),
  .UNSPECIFIED.,.F.,.F.,(4,4),(14.563634263782,14.569560590312),
  .PIECEWISE_BEZIER_KNOTS.);
#2192 = CARTESIAN_POINT('',(-5.727654854837,-0.932105213701));
#2193 = CARTESIAN_POINT('',(-5.726982727873,-0.932103245895));
#2194 = CARTESIAN_POINT('',(-5.726310574142,-0.93210987723));
#2195 = CARTESIAN_POINT('',(-5.725638393406,-0.932125110453));
#2196 = ( GEOMETRIC_REPRESENTATION_CONTEXT(2) 
PARAMETRIC_REPRESENTATION_CONTEXT() REPRESENTATION_CONTEXT('2D SPACE',''
  ) );
#2197 = PCURVE('',#2198,#2211);
#2198 = ( BOUNDED_SURFACE() B_SPLINE_SURFACE(2,3,(
    (#2199,#2200,#2201,#2202)
    ,(#2203,#2204,#2205,#2206)
    ,(#2207,#2208,#2209,#2210
)),.UNSPECIFIED.,.F.,.F.,.F.) B_SPLINE_SURFACE_WITH_KNOTS((3,3),(4,4),(
    0.,5.926326529725E-03),(14.563634263782,14.569560590312),
.PIECEWISE_BEZIER_KNOTS.) GEOMETRIC_REPRESENTATION_ITEM() 
RATIONAL_B_SPLINE_SURFACE((
    (1.,1.,1.,1.)
    ,(0.965034215397,0.965049218688,0.965064023839,0.965078631534)
,(1.,1.,1.,1.))) REPRESENTATION_ITEM('') SURFACE() );
#2199 = CARTESIAN_POINT('',(5.748862407208,5.749938938752,0.932105213701
    ));
#2200 = CARTESIAN_POINT('',(5.747798979908,5.748225779601,0.932103245895
    ));
#2201 = CARTESIAN_POINT('',(5.746733783065,5.746513624359,0.93210987723)
  );
#2202 = CARTESIAN_POINT('',(5.745666818056,5.744802476164,0.932125110453
    ));
#2203 = CARTESIAN_POINT('',(5.748862407208,5.749938938752,1.000010564078
    ));
#2204 = CARTESIAN_POINT('',(5.74779899644,5.748225806234,0.999993231475)
  );
#2205 = CARTESIAN_POINT('',(5.746733799215,5.74651365026,0.99998469625)
  );
#2206 = CARTESIAN_POINT('',(5.745666818056,5.744802476164,0.999984961583
    ));
#2207 = CARTESIAN_POINT('',(5.716965461605,5.762698847222,1.058584502026
    ));
#2208 = CARTESIAN_POINT('',(5.715921657149,5.760995758751,1.058557848246
    ));
#2209 = CARTESIAN_POINT('',(5.714875908024,5.759293717772,1.058540109334
    ));
#2210 = CARTESIAN_POINT('',(5.713828216444,5.757592727975,1.058531287697
    ));
#2211 = DEFINITIONAL_REPRESENTATION('',(#2212),#2216);
#2212 = LINE('',#2213,#2214);
#2213 = CARTESIAN_POINT('',(0.,0.));
#2214 = VECTOR('',#2215,1.);
#2215 = DIRECTION('',(0.,1.));
#2216 = ( GEOMETRIC_REPRESENTATION_CONTEXT(2) 
PARAMETRIC_REPRESENTATION_CONTEXT() REPRESENTATION_CONTEXT('2D SPACE',''
  ) );
#2217 = ORIENTED_EDGE('',*,*,#2218,.F.);
#2218 = EDGE_CURVE('',#1785,#2181,#2219,.T.);
#2219 = SURFACE_CURVE('',#2220,(#2314,#2340),.PCURVE_S1.);
#2220 = ( BOUNDED_CURVE() B_SPLINE_CURVE(14,(#2221,#2222,#2223,#2224,
    #2225,#2226,#2227,#2228,#2229,#2230,#2231,#2232,#2233,#2234,#2235,
    #2236,#2237,#2238,#2239,#2240,#2241,#2242,#2243,#2244,#2245,#2246,
    #2247,#2248,#2249,#2250,#2251,#2252,#2253,#2254,#2255,#2256,#2257,
    #2258,#2259,#2260,#2261,#2262,#2263,#2264,#2265,#2266,#2267,#2268,
    #2269,#2270,#2271,#2272,#2273,#2274,#2275,#2276,#2277,#2278,#2279,
    #2280,#2281,#2282,#2283,#2284,#2285,#2286,#2287,#2288,#2289,#2290,
    #2291,#2292,#2293,#2294,#2295,#2296,#2297,#2298,#2299,#2300,#2301,
    #2302,#2303,#2304,#2305,#2306,#2307,#2308,#2309,#2310,#2311,#2312,
#2313),.UNSPECIFIED.,.F.,.F.) B_SPLINE_CURVE_WITH_KNOTS((15,13,13,13,13,
    13,13,15),(-1.686799709209E-14,0.227556785372,0.455113570743,
    0.910227141486,1.820454282973,3.640908565946,7.281817131891,
14.563634263782),.UNSPECIFIED.) CURVE() GEOMETRIC_REPRESENTATION_ITEM() 
RATIONAL_B_SPLINE_CURVE((1.,1.,1.,1.000000000001,0.999999999998,
    1.000000000004,0.999999999995,1.000000000006,0.999999999995,
    1.000000000004,0.999999999998,1.000000000001,1.,1.,1.,1.,
    0.999999999999,1.000000000002,0.999999999996,1.000000000004,
    0.999999999996,1.000000000003,0.999999999998,1.000000000001,1.,1.,1.
    ,1.,1.,1.,0.999999999999,1.000000000002,0.999999999998,
    1.000000000003,0.999999999997,1.000000000003,0.999999999998,
    1.000000000001,1.,1.,1.,0.999999999999,1.000000000002,0.999999999996
    ,1.000000000006,0.999999999993,1.000000000007,0.999999999994,
    1.000000000004,0.999999999998,1.000000000001,1.,1.,1.,1.,1.,
    0.999999999999,1.,1.,0.999999999999,1.000000000001,0.999999999999,1.
    ,1.,1.,1.,1.,1.000000000001,0.999999999997,1.000000000007,
    0.999999999987,1.000000000017,0.999999999981,1.000000000017,
    0.999999999988,1.000000000007,0.999999999997,1.000000000001,1.,1.,
    0.999999999999,1.000000000003,0.999999999993,1.000000000011,
    0.999999999985,1.000000000016,0.999999999986,1.00000000001,
    0.999999999994,1.000000000003,0.999999999999,1.,1.)) 
REPRESENTATION_ITEM('') );
#2221 = CARTESIAN_POINT('',(2.,4.582575694956,0.933012701892));
#2222 = CARTESIAN_POINT('',(1.98514861708,4.589057369852,0.933012701892)
  );
#2223 = CARTESIAN_POINT('',(1.970333695713,4.595625975462,0.933012701892
    ));
#2224 = CARTESIAN_POINT('',(1.955555809218,4.602281289518,0.933012701892
    ));
#2225 = CARTESIAN_POINT('',(1.940815529175,4.60902308543,0.933012701891)
  );
#2226 = CARTESIAN_POINT('',(1.926113425481,4.615851132317,0.933012701894
    ));
#2227 = CARTESIAN_POINT('',(1.911450066129,4.622765195004,0.93301270189)
  );
#2228 = CARTESIAN_POINT('',(1.896826017472,4.629765034093,0.933012701894
    ));
#2229 = CARTESIAN_POINT('',(1.88224184378,4.63685040588,0.933012701891)
  );
#2230 = CARTESIAN_POINT('',(1.86769810767,4.644021062538,0.933012701893)
  );
#2231 = CARTESIAN_POINT('',(1.853195369619,4.651276751935,0.933012701892
    ));
#2232 = CARTESIAN_POINT('',(1.838734188306,4.658617217858,0.933012701892
    ));
#2233 = CARTESIAN_POINT('',(1.824315120304,4.666042199867,0.933012701892
    ));
#2234 = CARTESIAN_POINT('',(1.809938720218,4.673551433432,0.933012701892
    ));
#2235 = CARTESIAN_POINT('',(1.781272360902,4.688737866345,0.933012701892
    ));
#2236 = CARTESIAN_POINT('',(1.766982425838,4.696415109947,0.933012701892
    ));
#2237 = CARTESIAN_POINT('',(1.752736275977,4.704176089776,0.933012701892
    ));
#2238 = CARTESIAN_POINT('',(1.738534451966,4.712020514952,0.933012701892
    ));
#2239 = CARTESIAN_POINT('',(1.72437749437,4.719948094512,0.933012701892)
  );
#2240 = CARTESIAN_POINT('',(1.710265943896,4.727958537636,0.933012701892
    ));
#2241 = CARTESIAN_POINT('',(1.696200341046,4.736051553303,0.933012701893
    ));
#2242 = CARTESIAN_POINT('',(1.682181226572,4.744226850723,0.933012701892
    ));
#2243 = CARTESIAN_POINT('',(1.668209140969,4.752484138886,0.933012701892
    ));
#2244 = CARTESIAN_POINT('',(1.654284624955,4.760823126957,0.933012701892
    ));
#2245 = CARTESIAN_POINT('',(1.640408219084,4.769243523986,0.933012701892
    ));
#2246 = CARTESIAN_POINT('',(1.626580464011,4.777745039085,0.933012701892
    ));
#2247 = CARTESIAN_POINT('',(1.612801900341,4.786327381337,0.933012701892
    ));
#2248 = CARTESIAN_POINT('',(1.571615405412,4.812316016841,0.933012701892
    ));
#2249 = CARTESIAN_POINT('',(1.544357031999,4.829964392043,0.933012701892
    ));
#2250 = CARTESIAN_POINT('',(1.517301946951,4.847932555701,0.933012701892
    ));
#2251 = CARTESIAN_POINT('',(1.49045414875,4.866217678035,0.933012701892)
  );
#2252 = CARTESIAN_POINT('',(1.463817635898,4.884816929348,0.933012701893
    ));
#2253 = CARTESIAN_POINT('',(1.437396406862,4.90372747979,0.933012701892)
  );
#2254 = CARTESIAN_POINT('',(1.411194460164,4.922946499745,0.933012701893
    ));
#2255 = CARTESIAN_POINT('',(1.385215794248,4.942471159294,0.933012701892
    ));
#2256 = CARTESIAN_POINT('',(1.359464407654,4.962298628851,0.933012701893
    ));
#2257 = CARTESIAN_POINT('',(1.333944298821,4.982426078521,0.933012701892
    ));
#2258 = CARTESIAN_POINT('',(1.308659466278,5.002850678651,0.933012701892
    ));
#2259 = CARTESIAN_POINT('',(1.283613908489,5.023569599428,0.933012701892
    ));
#2260 = CARTESIAN_POINT('',(1.258811623954,5.044580011127,0.933012701892
    ));
#2261 = CARTESIAN_POINT('',(1.185146585566,5.1084772297,0.933012701891)
  );
#2262 = CARTESIAN_POINT('',(1.137023498633,5.152227819492,0.93301270189)
  );
#2263 = CARTESIAN_POINT('',(1.089917608566,5.197105413792,0.933012701888
    ));
#2264 = CARTESIAN_POINT('',(1.043858310757,5.243083854217,0.933012701886
    ));
#2265 = CARTESIAN_POINT('',(0.998874137751,5.290136263568,0.933012701885
    ));
#2266 = CARTESIAN_POINT('',(0.954992759299,5.33823504582,0.933012701881)
  );
#2267 = CARTESIAN_POINT('',(0.912240982286,5.387351886148,0.933012701878
    ));
#2268 = CARTESIAN_POINT('',(0.870644750815,5.437457750885,0.933012701872
    ));
#2269 = CARTESIAN_POINT('',(0.830229146121,5.488522887576,0.933012701864
    ));
#2270 = CARTESIAN_POINT('',(0.791018386649,5.54051682492,0.933012701851)
  );
#2271 = CARTESIAN_POINT('',(0.753035827992,5.59340837282,0.933012701835)
  );
#2272 = CARTESIAN_POINT('',(0.716303962935,5.64716562235,0.933012701812)
  );
#2273 = CARTESIAN_POINT('',(0.680844421425,5.701755945771,0.93301270178)
  );
#2274 = CARTESIAN_POINT('',(0.578345068923,5.86792609804,0.933012701658)
  );
#2275 = CARTESIAN_POINT('',(0.515180578651,5.981917494433,0.933012701319
    ));
#2276 = CARTESIAN_POINT('',(0.457352354214,6.098844983764,0.933012700894
    ));
#2277 = CARTESIAN_POINT('',(0.405011300814,6.218429178085,0.933012700479
    ));
#2278 = CARTESIAN_POINT('',(0.358291374547,6.340386503499,0.933012700098
    ));
#2279 = CARTESIAN_POINT('',(0.317309582145,6.464429200056,0.9330126997)
  );
#2280 = CARTESIAN_POINT('',(0.282165981383,6.59026532192,0.933012699167)
  );
#2281 = CARTESIAN_POINT('',(0.252943680549,6.717598737135,0.933012698298
    ));
#2282 = CARTESIAN_POINT('',(0.229708839028,6.846129127908,0.933012696831
    ));
#2283 = CARTESIAN_POINT('',(0.212510666751,6.975551990317,0.93301269442)
  );
#2284 = CARTESIAN_POINT('',(0.20138142464,7.105558634566,0.933012690653)
  );
#2285 = CARTESIAN_POINT('',(0.196336424302,7.235836184797,0.933012685041
    ));
#2286 = CARTESIAN_POINT('',(0.197374028207,7.366067579207,0.933012677026
    ));
#2287 = CARTESIAN_POINT('',(0.218678892391,7.755659551548,0.933012643865
    ));
#2288 = CARTESIAN_POINT('',(0.257088795454,8.014006248334,0.933012568772
    ));
#2289 = CARTESIAN_POINT('',(0.319607554995,8.268431205275,0.933012487324
    ));
#2290 = CARTESIAN_POINT('',(0.405797532905,8.516454561157,0.933012407253
    ));
#2291 = CARTESIAN_POINT('',(0.514910369378,8.755681017009,0.933012302613
    ));
#2292 = CARTESIAN_POINT('',(0.645916095685,8.983823804724,0.933012118994
    ));
#2293 = CARTESIAN_POINT('',(0.797532246699,9.198728655353,0.933011778738
    ));
#2294 = CARTESIAN_POINT('',(0.968252973731,9.398397767767,0.933011186151
    ));
#2295 = CARTESIAN_POINT('',(1.156378157052,9.581013776989,0.933010232725
    ));
#2296 = CARTESIAN_POINT('',(1.360042518666,9.744963722749,0.933008802347
    ));
#2297 = CARTESIAN_POINT('',(1.577244734936,9.888863017948,0.933006776521
    ));
#2298 = CARTESIAN_POINT('',(1.805876549259,10.011579417108,
    0.933004039575));
#2299 = CARTESIAN_POINT('',(2.043751884747,10.112256984884,
    0.933000483887));
#2300 = CARTESIAN_POINT('',(2.778404101183,10.346506223782,
    0.932987077499));
#2301 = CARTESIAN_POINT('',(3.296249010955,10.412193242625,
    0.932974164505));
#2302 = CARTESIAN_POINT('',(3.824803376096,10.381654238324,
    0.932960156069));
#2303 = CARTESIAN_POINT('',(4.345144783784,10.254277031277,0.93294230965
    ));
#2304 = CARTESIAN_POINT('',(4.839764757705,10.031601688129,
    0.932926649773));
#2305 = CARTESIAN_POINT('',(5.291049285164,9.717594340242,0.932926347808
    ));
#2306 = CARTESIAN_POINT('',(5.680351929272,9.320248523164,0.932952212144
    ));
#2307 = CARTESIAN_POINT('',(5.989350967215,8.852963135306,0.93300270437)
  );
#2308 = CARTESIAN_POINT('',(6.203092561613,8.334641839751,0.933059040035
    ));
#2309 = CARTESIAN_POINT('',(6.312932757009,7.788072326093,0.933087923007
    ));
#2310 = CARTESIAN_POINT('',(6.317502098146,7.236875319303,0.933050300492
    ));
#2311 = CARTESIAN_POINT('',(6.220827893594,6.702162556029,0.932909211284
    ));
#2312 = CARTESIAN_POINT('',(6.028860592235,6.201010161776,0.93262333288)
  );
#2313 = CARTESIAN_POINT('',(5.748862407208,5.749938938752,0.932105213701
    ));
#2314 = PCURVE('',#976,#2315);
#2315 = DEFINITIONAL_REPRESENTATION('',(#2316),#2339);
#2316 = B_SPLINE_CURVE_WITH_KNOTS('',11,(#2317,#2318,#2319,#2320,#2321,
    #2322,#2323,#2324,#2325,#2326,#2327,#2328,#2329,#2330,#2331,#2332,
    #2333,#2334,#2335,#2336,#2337,#2338),.UNSPECIFIED.,.F.,.F.,(12,10,12
    ),(-1.686799709209E-14,7.281817131891,14.563634263782),
  .UNSPECIFIED.);
#2317 = CARTESIAN_POINT('',(-10.58405744149,-0.933012701892));
#2318 = CARTESIAN_POINT('',(-10.36407332382,-0.933012701893));
#2319 = CARTESIAN_POINT('',(-10.14323353266,-0.933012565766));
#2320 = CARTESIAN_POINT('',(-9.922812789262,-0.93301341266));
#2321 = CARTESIAN_POINT('',(-9.699941618942,-0.933011023013));
#2322 = CARTESIAN_POINT('',(-9.482392045107,-0.933014703969));
#2323 = CARTESIAN_POINT('',(-9.257704609059,-0.93301209583));
#2324 = CARTESIAN_POINT('',(-9.039693932166,-0.933011221159));
#2325 = CARTESIAN_POINT('',(-8.818281116393,-0.933014380361));
#2326 = CARTESIAN_POINT('',(-8.599249868509,-0.933012576478));
#2327 = CARTESIAN_POINT('',(-8.380735869518,-0.933007390252));
#2328 = CARTESIAN_POINT('',(-7.944559528509,-0.93298463993));
#2329 = CARTESIAN_POINT('',(-7.726846372695,-0.932966075725));
#2330 = CARTESIAN_POINT('',(-7.509209801042,-0.932949942579));
#2331 = CARTESIAN_POINT('',(-7.290716878199,-0.932918684792));
#2332 = CARTESIAN_POINT('',(-7.070312057896,-0.932912885354));
#2333 = CARTESIAN_POINT('',(-6.847659397229,-0.932971518531));
#2334 = CARTESIAN_POINT('',(-6.623514232893,-0.933069874828));
#2335 = CARTESIAN_POINT('',(-6.399291093296,-0.933122204257));
#2336 = CARTESIAN_POINT('',(-6.175962247197,-0.933040435237));
#2337 = CARTESIAN_POINT('',(-5.952888922342,-0.932764638111));
#2338 = CARTESIAN_POINT('',(-5.727654854837,-0.932105213701));
#2339 = ( GEOMETRIC_REPRESENTATION_CONTEXT(2) 
PARAMETRIC_REPRESENTATION_CONTEXT() REPRESENTATION_CONTEXT('2D SPACE',''
  ) );
#2340 = PCURVE('',#2341,#2621);
#2341 = ( BOUNDED_SURFACE() B_SPLINE_SURFACE(2,14,(
    (#2342,#2343,#2344,#2345,#2346,#2347,#2348,#2349,#2350,#2351,#2352
      ,#2353,#2354,#2355,#2356,#2357,#2358,#2359,#2360,#2361,#2362,#2363
      ,#2364,#2365,#2366,#2367,#2368,#2369,#2370,#2371,#2372,#2373,#2374
      ,#2375,#2376,#2377,#2378,#2379,#2380,#2381,#2382,#2383,#2384,#2385
      ,#2386,#2387,#2388,#2389,#2390,#2391,#2392,#2393,#2394,#2395,#2396
      ,#2397,#2398,#2399,#2400,#2401,#2402,#2403,#2404,#2405,#2406,#2407
      ,#2408,#2409,#2410,#2411,#2412,#2413,#2414,#2415,#2416,#2417,#2418
      ,#2419,#2420,#2421,#2422,#2423,#2424,#2425,#2426,#2427,#2428,#2429
      ,#2430,#2431,#2432,#2433,#2434)
    ,(#2435,#2436,#2437,#2438,#2439,#2440,#2441,#2442,#2443,#2444,#2445
      ,#2446,#2447,#2448,#2449,#2450,#2451,#2452,#2453,#2454,#2455,#2456
      ,#2457,#2458,#2459,#2460,#2461,#2462,#2463,#2464,#2465,#2466,#2467
      ,#2468,#2469,#2470,#2471,#2472,#2473,#2474,#2475,#2476,#2477,#2478
      ,#2479,#2480,#2481,#2482,#2483,#2484,#2485,#2486,#2487,#2488,#2489
      ,#2490,#2491,#2492,#2493,#2494,#2495,#2496,#2497,#2498,#2499,#2500
      ,#2501,#2502,#2503,#2504,#2505,#2506,#2507,#2508,#2509,#2510,#2511
      ,#2512,#2513,#2514,#2515,#2516,#2517,#2518,#2519,#2520,#2521,#2522
      ,#2523,#2524,#2525,#2526,#2527)
    ,(#2528,#2529,#2530,#2531,#2532,#2533,#2534,#2535,#2536,#2537,#2538
      ,#2539,#2540,#2541,#2542,#2543,#2544,#2545,#2546,#2547,#2548,#2549
      ,#2550,#2551,#2552,#2553,#2554,#2555,#2556,#2557,#2558,#2559,#2560
      ,#2561,#2562,#2563,#2564,#2565,#2566,#2567,#2568,#2569,#2570,#2571
      ,#2572,#2573,#2574,#2575,#2576,#2577,#2578,#2579,#2580,#2581,#2582
      ,#2583,#2584,#2585,#2586,#2587,#2588,#2589,#2590,#2591,#2592,#2593
      ,#2594,#2595,#2596,#2597,#2598,#2599,#2600,#2601,#2602,#2603,#2604
      ,#2605,#2606,#2607,#2608,#2609,#2610,#2611,#2612,#2613,#2614,#2615
      ,#2616,#2617,#2618,#2619,#2620
)),.UNSPECIFIED.,.F.,.F.,.F.) B_SPLINE_SURFACE_WITH_KNOTS((3,3),(15,13,
    13,13,13,13,13,15),(0.,14.563634263782),(-1.686799709209E-14,
    0.227556785372,0.455113570743,0.910227141486,1.820454282973,
    3.640908565946,7.281817131891,14.563634263782),.UNSPECIFIED.) 
GEOMETRIC_REPRESENTATION_ITEM() RATIONAL_B_SPLINE_SURFACE((
    (1.,1.,1.,1.000000000001,0.999999999998,1.000000000004
      ,0.999999999995,1.000000000006,0.999999999995,1.000000000004
      ,0.999999999998,1.000000000001,1.,1.,1.,1.,0.999999999999
      ,1.000000000002,0.999999999996,1.000000000004,0.999999999996
      ,1.000000000003,0.999999999998,1.000000000001,1.,1.,1.,1.,1.,1.
      ,0.999999999999,1.000000000002,0.999999999998,1.000000000003
      ,0.999999999997,1.000000000003,0.999999999998,1.000000000001,1.,1.
      ,1.,0.999999999999,1.000000000002,0.999999999996,1.000000000006
      ,0.999999999993,1.000000000007,0.999999999994,1.000000000004
      ,0.999999999998,1.000000000001,1.,1.,1.,1.,1.,0.999999999999,1.,1.
      ,0.999999999999,1.000000000001,0.999999999999,1.,1.,1.,1.,1.
      ,1.000000000001,0.999999999997,1.000000000007,0.999999999987
      ,1.000000000017,0.999999999981,1.000000000017,0.999999999988
      ,1.000000000007,0.999999999997,1.000000000001,1.,1.,0.999999999999
      ,1.000000000003,0.999999999993,1.000000000011,0.999999999985
      ,1.000000000016,0.999999999986,1.00000000001,0.999999999994
      ,1.000000000003,0.999999999999,1.,1.)
    ,(0.965925826289,0.965925826289,0.965925826289,0.965925826288
      ,0.965925826291,0.965925826285,0.965925826294,0.965925826284
      ,0.965925826294,0.965925826286,0.965925826291,0.965925826289
      ,0.965925826289,0.965925826289,0.965925826289,0.96592582629
      ,0.965925826286,0.965925826295,0.96592582628,0.965925826301
      ,0.965925826277,0.9659258263,0.965925826282,0.965925826293
      ,0.965925826287,0.96592582629,0.965925826289,0.965925826289
      ,0.96592582629,0.965925826286,0.965925826295,0.965925826278
      ,0.965925826304,0.965925826272,0.965925826304,0.965925826278
      ,0.965925826296,0.965925826286,0.96592582629,0.965925826288
      ,0.965925826288,0.965925826286,0.965925826287,0.96592582628
      ,0.965925826286,0.965925826274,0.96592582628,0.965925826266
      ,0.965925826264,0.965925826248,0.965925826234,0.96592582621
      ,0.96592582618,0.96592582606,0.96592582573,0.965925825314
      ,0.965925824909,0.965925824534,0.965925824151,0.965925823622
      ,0.965925822783,0.965925821342,0.965925818992,0.965925815309
      ,0.965925809829,0.965925801999,0.965925769606,0.965925696273
      ,0.965925616715,0.965925538503,0.965925436244,0.965925256891
      ,0.965924924465,0.965924345654,0.965923414297,0.965922017078
      ,0.965920038103,0.96591736435,0.965913890544,0.965900791959
      ,0.965888173832,0.965874487533,0.965857040379,0.965841712385
      ,0.965841413148,0.965866738459,0.96591613592,0.965971133486
      ,0.965999180603,0.965962410382,0.965825140705,0.965546203457
      ,0.965034215397)
    ,(1.,1.,1.,1.000000000001,0.999999999998,1.000000000004
      ,0.999999999995,1.000000000006,0.999999999995,1.000000000004
      ,0.999999999998,1.000000000001,1.,1.,1.,1.,0.999999999999
      ,1.000000000002,0.999999999996,1.000000000004,0.999999999996
      ,1.000000000003,0.999999999998,1.000000000001,1.,1.,1.,1.,1.,1.
      ,0.999999999999,1.000000000002,0.999999999998,1.000000000003
      ,0.999999999997,1.000000000003,0.999999999998,1.000000000001,1.,1.
      ,1.,0.999999999999,1.000000000002,0.999999999996,1.000000000006
      ,0.999999999993,1.000000000007,0.999999999994,1.000000000004
      ,0.999999999998,1.000000000001,1.,1.,1.,1.,1.,0.999999999999,1.,1.
      ,0.999999999999,1.000000000001,0.999999999999,1.,1.,1.,1.,1.
      ,1.000000000001,0.999999999997,1.000000000007,0.999999999987
      ,1.000000000017,0.999999999981,1.000000000017,0.999999999988
      ,1.000000000007,0.999999999997,1.000000000001,1.,1.,0.999999999999
      ,1.000000000003,0.999999999993,1.000000000011,0.999999999985
      ,1.000000000016,0.999999999986,1.00000000001,0.999999999994
,1.000000000003,0.999999999999,1.,1.
  ))) REPRESENTATION_ITEM('') SURFACE() );
#2342 = CARTESIAN_POINT('',(2.,4.582575694956,0.933012701892));
#2343 = CARTESIAN_POINT('',(1.98514861708,4.589057369852,0.933012701892)
  );
#2344 = CARTESIAN_POINT('',(1.970333695713,4.595625975462,0.933012701892
    ));
#2345 = CARTESIAN_POINT('',(1.955555809218,4.602281289518,0.933012701892
    ));
#2346 = CARTESIAN_POINT('',(1.940815529175,4.60902308543,0.933012701891)
  );
#2347 = CARTESIAN_POINT('',(1.926113425481,4.615851132317,0.933012701894
    ));
#2348 = CARTESIAN_POINT('',(1.911450066129,4.622765195004,0.93301270189)
  );
#2349 = CARTESIAN_POINT('',(1.896826017472,4.629765034093,0.933012701894
    ));
#2350 = CARTESIAN_POINT('',(1.88224184378,4.63685040588,0.933012701891)
  );
#2351 = CARTESIAN_POINT('',(1.86769810767,4.644021062538,0.933012701893)
  );
#2352 = CARTESIAN_POINT('',(1.853195369619,4.651276751935,0.933012701892
    ));
#2353 = CARTESIAN_POINT('',(1.838734188306,4.658617217858,0.933012701892
    ));
#2354 = CARTESIAN_POINT('',(1.824315120304,4.666042199867,0.933012701892
    ));
#2355 = CARTESIAN_POINT('',(1.809938720218,4.673551433432,0.933012701892
    ));
#2356 = CARTESIAN_POINT('',(1.781272360902,4.688737866345,0.933012701892
    ));
#2357 = CARTESIAN_POINT('',(1.766982425838,4.696415109947,0.933012701892
    ));
#2358 = CARTESIAN_POINT('',(1.752736275977,4.704176089776,0.933012701892
    ));
#2359 = CARTESIAN_POINT('',(1.738534451966,4.712020514952,0.933012701892
    ));
#2360 = CARTESIAN_POINT('',(1.72437749437,4.719948094512,0.933012701892)
  );
#2361 = CARTESIAN_POINT('',(1.710265943896,4.727958537636,0.933012701892
    ));
#2362 = CARTESIAN_POINT('',(1.696200341046,4.736051553303,0.933012701893
    ));
#2363 = CARTESIAN_POINT('',(1.682181226572,4.744226850723,0.933012701892
    ));
#2364 = CARTESIAN_POINT('',(1.668209140969,4.752484138886,0.933012701892
    ));
#2365 = CARTESIAN_POINT('',(1.654284624955,4.760823126957,0.933012701892
    ));
#2366 = CARTESIAN_POINT('',(1.640408219084,4.769243523986,0.933012701892
    ));
#2367 = CARTESIAN_POINT('',(1.626580464011,4.777745039085,0.933012701892
    ));
#2368 = CARTESIAN_POINT('',(1.612801900341,4.786327381337,0.933012701892
    ));
#2369 = CARTESIAN_POINT('',(1.571615405412,4.812316016841,0.933012701892
    ));
#2370 = CARTESIAN_POINT('',(1.544357031999,4.829964392043,0.933012701892
    ));
#2371 = CARTESIAN_POINT('',(1.517301946951,4.847932555701,0.933012701892
    ));
#2372 = CARTESIAN_POINT('',(1.49045414875,4.866217678035,0.933012701892)
  );
#2373 = CARTESIAN_POINT('',(1.463817635898,4.884816929348,0.933012701893
    ));
#2374 = CARTESIAN_POINT('',(1.437396406862,4.90372747979,0.933012701892)
  );
#2375 = CARTESIAN_POINT('',(1.411194460164,4.922946499745,0.933012701893
    ));
#2376 = CARTESIAN_POINT('',(1.385215794248,4.942471159294,0.933012701892
    ));
#2377 = CARTESIAN_POINT('',(1.359464407654,4.962298628851,0.933012701893
    ));
#2378 = CARTESIAN_POINT('',(1.333944298821,4.982426078521,0.933012701892
    ));
#2379 = CARTESIAN_POINT('',(1.308659466278,5.002850678651,0.933012701892
    ));
#2380 = CARTESIAN_POINT('',(1.283613908489,5.023569599428,0.933012701892
    ));
#2381 = CARTESIAN_POINT('',(1.258811623954,5.044580011127,0.933012701892
    ));
#2382 = CARTESIAN_POINT('',(1.185146585566,5.1084772297,0.933012701891)
  );
#2383 = CARTESIAN_POINT('',(1.137023498633,5.152227819492,0.93301270189)
  );
#2384 = CARTESIAN_POINT('',(1.089917608566,5.197105413792,0.933012701888
    ));
#2385 = CARTESIAN_POINT('',(1.043858310757,5.243083854217,0.933012701886
    ));
#2386 = CARTESIAN_POINT('',(0.998874137751,5.290136263568,0.933012701885
    ));
#2387 = CARTESIAN_POINT('',(0.954992759299,5.33823504582,0.933012701881)
  );
#2388 = CARTESIAN_POINT('',(0.912240982286,5.387351886148,0.933012701878
    ));
#2389 = CARTESIAN_POINT('',(0.870644750815,5.437457750885,0.933012701872
    ));
#2390 = CARTESIAN_POINT('',(0.830229146121,5.488522887576,0.933012701864
    ));
#2391 = CARTESIAN_POINT('',(0.791018386649,5.54051682492,0.933012701851)
  );
#2392 = CARTESIAN_POINT('',(0.753035827992,5.59340837282,0.933012701835)
  );
#2393 = CARTESIAN_POINT('',(0.716303962935,5.64716562235,0.933012701812)
  );
#2394 = CARTESIAN_POINT('',(0.680844421425,5.701755945771,0.93301270178)
  );
#2395 = CARTESIAN_POINT('',(0.578345068923,5.86792609804,0.933012701658)
  );
#2396 = CARTESIAN_POINT('',(0.515180578651,5.981917494433,0.933012701319
    ));
#2397 = CARTESIAN_POINT('',(0.457352354214,6.098844983764,0.933012700894
    ));
#2398 = CARTESIAN_POINT('',(0.405011300814,6.218429178085,0.933012700479
    ));
#2399 = CARTESIAN_POINT('',(0.358291374547,6.340386503499,0.933012700098
    ));
#2400 = CARTESIAN_POINT('',(0.317309582145,6.464429200056,0.9330126997)
  );
#2401 = CARTESIAN_POINT('',(0.282165981383,6.59026532192,0.933012699167)
  );
#2402 = CARTESIAN_POINT('',(0.252943680549,6.717598737135,0.933012698298
    ));
#2403 = CARTESIAN_POINT('',(0.229708839028,6.846129127908,0.933012696831
    ));
#2404 = CARTESIAN_POINT('',(0.212510666751,6.975551990317,0.93301269442)
  );
#2405 = CARTESIAN_POINT('',(0.20138142464,7.105558634566,0.933012690653)
  );
#2406 = CARTESIAN_POINT('',(0.196336424302,7.235836184797,0.933012685041
    ));
#2407 = CARTESIAN_POINT('',(0.197374028207,7.366067579207,0.933012677026
    ));
#2408 = CARTESIAN_POINT('',(0.218678892391,7.755659551548,0.933012643865
    ));
#2409 = CARTESIAN_POINT('',(0.257088795454,8.014006248334,0.933012568772
    ));
#2410 = CARTESIAN_POINT('',(0.319607554995,8.268431205275,0.933012487324
    ));
#2411 = CARTESIAN_POINT('',(0.405797532905,8.516454561157,0.933012407253
    ));
#2412 = CARTESIAN_POINT('',(0.514910369378,8.755681017009,0.933012302613
    ));
#2413 = CARTESIAN_POINT('',(0.645916095685,8.983823804724,0.933012118994
    ));
#2414 = CARTESIAN_POINT('',(0.797532246699,9.198728655353,0.933011778738
    ));
#2415 = CARTESIAN_POINT('',(0.968252973731,9.398397767767,0.933011186151
    ));
#2416 = CARTESIAN_POINT('',(1.156378157052,9.581013776989,0.933010232725
    ));
#2417 = CARTESIAN_POINT('',(1.360042518666,9.744963722749,0.933008802347
    ));
#2418 = CARTESIAN_POINT('',(1.577244734936,9.888863017948,0.933006776521
    ));
#2419 = CARTESIAN_POINT('',(1.805876549259,10.011579417108,
    0.933004039575));
#2420 = CARTESIAN_POINT('',(2.043751884747,10.112256984884,
    0.933000483887));
#2421 = CARTESIAN_POINT('',(2.778404101183,10.346506223782,
    0.932987077499));
#2422 = CARTESIAN_POINT('',(3.296249010955,10.412193242625,
    0.932974164505));
#2423 = CARTESIAN_POINT('',(3.824803376096,10.381654238324,
    0.932960156069));
#2424 = CARTESIAN_POINT('',(4.345144783784,10.254277031277,0.93294230965
    ));
#2425 = CARTESIAN_POINT('',(4.839764757705,10.031601688129,
    0.932926649773));
#2426 = CARTESIAN_POINT('',(5.291049285164,9.717594340242,0.932926347808
    ));
#2427 = CARTESIAN_POINT('',(5.680351929272,9.320248523164,0.932952212144
    ));
#2428 = CARTESIAN_POINT('',(5.989350967215,8.852963135306,0.93300270437)
  );
#2429 = CARTESIAN_POINT('',(6.203092561613,8.334641839751,0.933059040035
    ));
#2430 = CARTESIAN_POINT('',(6.312932757009,7.788072326093,0.933087923007
    ));
#2431 = CARTESIAN_POINT('',(6.317502098146,7.236875319303,0.933050300492
    ));
#2432 = CARTESIAN_POINT('',(6.220827893594,6.702162556029,0.932909211284
    ));
#2433 = CARTESIAN_POINT('',(6.028860592235,6.201010161776,0.93262333288)
  );
#2434 = CARTESIAN_POINT('',(5.748862407208,5.749938938752,0.932105213701
    ));
#2435 = CARTESIAN_POINT('',(2.,4.582575694956,1.));
#2436 = CARTESIAN_POINT('',(1.98514861708,4.589057369851,1.));
#2437 = CARTESIAN_POINT('',(1.970333695715,4.595625975465,1.));
#2438 = CARTESIAN_POINT('',(1.955555809213,4.602281289509,1.));
#2439 = CARTESIAN_POINT('',(1.940815529186,4.609023085448,0.999999999999
    ));
#2440 = CARTESIAN_POINT('',(1.926113425462,4.615851132285,1.000000000002
    ));
#2441 = CARTESIAN_POINT('',(1.911450066154,4.622765195048,0.999999999998
    ));
#2442 = CARTESIAN_POINT('',(1.896826017443,4.629765034042,1.000000000002
    ));
#2443 = CARTESIAN_POINT('',(1.882241843806,4.636850405928,0.999999999998
    ));
#2444 = CARTESIAN_POINT('',(1.86769810765,4.644021062502,1.000000000001)
  );
#2445 = CARTESIAN_POINT('',(1.853195369631,4.651276751957,1.));
#2446 = CARTESIAN_POINT('',(1.8387341883,4.658617217848,1.));
#2447 = CARTESIAN_POINT('',(1.824315120306,4.666042199871,1.));
#2448 = CARTESIAN_POINT('',(1.809938720218,4.673551433432,1.));
#2449 = CARTESIAN_POINT('',(1.781272360902,4.688737866345,1.));
#2450 = CARTESIAN_POINT('',(1.766982425838,4.696415109947,1.));
#2451 = CARTESIAN_POINT('',(1.752736275978,4.704176089773,1.));
#2452 = CARTESIAN_POINT('',(1.738534451965,4.712020514959,1.));
#2453 = CARTESIAN_POINT('',(1.724377494371,4.719948094501,1.));
#2454 = CARTESIAN_POINT('',(1.710265943894,4.727958537653,1.));
#2455 = CARTESIAN_POINT('',(1.696200341048,4.736051553283,1.));
#2456 = CARTESIAN_POINT('',(1.68218122657,4.744226850741,1.));
#2457 = CARTESIAN_POINT('',(1.668209140971,4.752484138872,1.));
#2458 = CARTESIAN_POINT('',(1.654284624953,4.760823126966,1.));
#2459 = CARTESIAN_POINT('',(1.640408219085,4.769243523982,1.));
#2460 = CARTESIAN_POINT('',(1.626580464011,4.777745039086,1.));
#2461 = CARTESIAN_POINT('',(1.612801900341,4.786327381337,1.));
#2462 = CARTESIAN_POINT('',(1.571615405411,4.81231601684,1.));
#2463 = CARTESIAN_POINT('',(1.544357032001,4.829964392045,1.));
#2464 = CARTESIAN_POINT('',(1.517301946945,4.847932555695,1.));
#2465 = CARTESIAN_POINT('',(1.490454148763,4.866217678049,1.));
#2466 = CARTESIAN_POINT('',(1.463817635876,4.884816929324,1.));
#2467 = CARTESIAN_POINT('',(1.437396406894,4.903727479824,1.));
#2468 = CARTESIAN_POINT('',(1.411194460126,4.922946499705,1.));
#2469 = CARTESIAN_POINT('',(1.385215794284,4.942471159332,1.));
#2470 = CARTESIAN_POINT('',(1.359464407625,4.962298628822,1.));
#2471 = CARTESIAN_POINT('',(1.33394429884,4.982426078539,1.));
#2472 = CARTESIAN_POINT('',(1.308659466269,5.002850678642,1.));
#2473 = CARTESIAN_POINT('',(1.283613908492,5.023569599431,1.));
#2474 = CARTESIAN_POINT('',(1.258811623953,5.044580011127,1.));
#2475 = CARTESIAN_POINT('',(1.185146585566,5.108477229701,1.));
#2476 = CARTESIAN_POINT('',(1.137023498632,5.152227819491,1.));
#2477 = CARTESIAN_POINT('',(1.089917608571,5.197105413791,1.));
#2478 = CARTESIAN_POINT('',(1.043858310752,5.243083854215,1.));
#2479 = CARTESIAN_POINT('',(0.998874137761,5.290136263565,1.));
#2480 = CARTESIAN_POINT('',(0.954992759289,5.338235045822,1.));
#2481 = CARTESIAN_POINT('',(0.912240982295,5.387351886145,1.));
#2482 = CARTESIAN_POINT('',(0.870644750806,5.437457750891,1.));
#2483 = CARTESIAN_POINT('',(0.830229146123,5.488522887577,1.));
#2484 = CARTESIAN_POINT('',(0.791018386644,5.540516824926,1.));
#2485 = CARTESIAN_POINT('',(0.75303582799,5.593408372824,1.000000000001)
  );
#2486 = CARTESIAN_POINT('',(0.716303962932,5.647165622354,1.000000000001
    ));
#2487 = CARTESIAN_POINT('',(0.680844421424,5.701755945774,1.000000000001
    ));
#2488 = CARTESIAN_POINT('',(0.578345068917,5.867926098049,1.000000000003
    ));
#2489 = CARTESIAN_POINT('',(0.515180578637,5.981917493767,1.000000000006
    ));
#2490 = CARTESIAN_POINT('',(0.457352354152,6.098844982386,1.000000000011
    ));
#2491 = CARTESIAN_POINT('',(0.405011300682,6.218429176355,1.000000000016
    ));
#2492 = CARTESIAN_POINT('',(0.358291374336,6.340386501932,1.00000000002)
  );
#2493 = CARTESIAN_POINT('',(0.317309581916,6.464429199173,1.000000000025
    ));
#2494 = CARTESIAN_POINT('',(0.282165981168,6.590265322072,1.000000000031
    ));
#2495 = CARTESIAN_POINT('',(0.252943680437,6.717598738472,1.000000000041
    ));
#2496 = CARTESIAN_POINT('',(0.229708839026,6.84612913029,1.000000000057)
  );
#2497 = CARTESIAN_POINT('',(0.212510666874,6.975551993369,1.000000000084
    ));
#2498 = CARTESIAN_POINT('',(0.201381424823,7.105558637713,1.000000000127
    ));
#2499 = CARTESIAN_POINT('',(0.196336424471,7.235836187387,1.00000000019)
  );
#2500 = CARTESIAN_POINT('',(0.197374028286,7.366067580659,1.000000000281
    ));
#2501 = CARTESIAN_POINT('',(0.218678892708,7.755659557354,1.000000000655
    ));
#2502 = CARTESIAN_POINT('',(0.257088767513,8.014006116268,1.000000001502
    ));
#2503 = CARTESIAN_POINT('',(0.319607495219,8.268431014713,1.000000002421
    ));
#2504 = CARTESIAN_POINT('',(0.405797471492,8.516454458447,1.000000003326
    ));
#2505 = CARTESIAN_POINT('',(0.514910363329,8.755681122098,1.000000004508
    ));
#2506 = CARTESIAN_POINT('',(0.645916215998,8.983824168977,1.000000006583
    ));
#2507 = CARTESIAN_POINT('',(0.797532564961,9.19872925745,1.000000010425)
  );
#2508 = CARTESIAN_POINT('',(0.968253551197,9.398398533554,1.000000017115
    ));
#2509 = CARTESIAN_POINT('',(1.156379033242,9.581014609936,1.000000027879
    ));
#2510 = CARTESIAN_POINT('',(1.360043695451,9.744964531935,1.00000004403)
  );
#2511 = CARTESIAN_POINT('',(1.577246146622,9.888863733609,1.000000066907
    ));
#2512 = CARTESIAN_POINT('',(1.805878008588,10.011579985393,
    1.000000097822));
#2513 = CARTESIAN_POINT('',(2.04375299169,10.112257337841,1.000000137998
    ));
#2514 = CARTESIAN_POINT('',(2.778408529015,10.346507635629,
    1.000000289537));
#2515 = CARTESIAN_POINT('',(3.296257136252,10.412189373039,
    1.000000435424));
#2516 = CARTESIAN_POINT('',(3.824829277227,10.381665027956,
    1.000000594202));
#2517 = CARTESIAN_POINT('',(4.345180055751,10.254267796896,
    1.000000796368));
#2518 = CARTESIAN_POINT('',(4.839779395633,10.031570883409,
    1.000000974637));
#2519 = CARTESIAN_POINT('',(5.291019900787,9.717589679567,1.000000978449
    ));
#2520 = CARTESIAN_POINT('',(5.680286860152,9.320312660436,1.000000683299
    ));
#2521 = CARTESIAN_POINT('',(5.989291156325,8.853080511003,1.000000108727
    ));
#2522 = CARTESIAN_POINT('',(6.20308276762,8.334735979503,0.999999474024)
  );
#2523 = CARTESIAN_POINT('',(6.312975454158,7.78805397837,0.999999157608)
  );
#2524 = CARTESIAN_POINT('',(6.317530649917,7.23670673243,0.999999584412)
  );
#2525 = CARTESIAN_POINT('',(6.220753767172,6.701894480181,1.000001145239
    ));
#2526 = CARTESIAN_POINT('',(6.028712121113,6.200770977903,1.000004352913
    ));
#2527 = CARTESIAN_POINT('',(5.748862407208,5.749938938752,1.000010564078
    ));
#2528 = CARTESIAN_POINT('',(2.013397459622,4.613273131374,1.058012701892
    ));
#2529 = CARTESIAN_POINT('',(1.9984465913,4.619798225258,1.058012701892)
  );
#2530 = CARTESIAN_POINT('',(1.985745965365,4.625442928487,1.058012701892
    ));
#2531 = CARTESIAN_POINT('',(1.963556871358,4.635330461953,1.058012701893
    ));
#2532 = CARTESIAN_POINT('',(1.968801712971,4.633346590208,1.058012701891
    ));
#2533 = CARTESIAN_POINT('',(1.916459299081,4.656597620776,1.058012701895
    ));
#2534 = CARTESIAN_POINT('',(1.956477649556,4.639640885193,1.058012701889
    ));
#2535 = CARTESIAN_POINT('',(1.881585017396,4.672937197757,1.058012701895
    ));
#2536 = CARTESIAN_POINT('',(1.918840808565,4.657389712034,1.05801270189)
  );
#2537 = CARTESIAN_POINT('',(1.870634410259,4.679242767703,1.058012701893
    ));
#2538 = CARTESIAN_POINT('',(1.872874489055,4.679180952439,1.058012701892
    ));
#2539 = CARTESIAN_POINT('',(1.852753588965,4.688980032813,1.058012701892
    ));
#2540 = CARTESIAN_POINT('',(1.839827077318,4.695740971717,1.058012701892
    ));
#2541 = CARTESIAN_POINT('',(1.825458128956,4.70323316643,1.058012701892)
  );
#2542 = CARTESIAN_POINT('',(1.797111817033,4.718250049436,1.058012701892
    ));
#2543 = CARTESIAN_POINT('',(1.782981422898,4.725841579939,1.058012701892
    ));
#2544 = CARTESIAN_POINT('',(1.768894325179,4.733515911765,1.058012701892
    ));
#2545 = CARTESIAN_POINT('',(1.754851058475,4.741272757269,1.058012701892
    ));
#2546 = CARTESIAN_POINT('',(1.740852157367,4.749111828737,1.058012701892
    ));
#2547 = CARTESIAN_POINT('',(1.726898156467,4.757032838579,1.058012701892
    ));
#2548 = CARTESIAN_POINT('',(1.712989590341,4.765035499022,1.058012701892
    ));
#2549 = CARTESIAN_POINT('',(1.699126993611,4.773119522516,1.058012701892
    ));
#2550 = CARTESIAN_POINT('',(1.685310900841,4.781284621283,1.058012701892
    ));
#2551 = CARTESIAN_POINT('',(1.671541846648,4.789530507743,1.058012701892
    ));
#2552 = CARTESIAN_POINT('',(1.657820365606,4.797856894169,1.058012701892
    ));
#2553 = CARTESIAN_POINT('',(1.64414699232,4.806263492927,1.058012701892)
  );
#2554 = CARTESIAN_POINT('',(1.630522261376,4.814750016334,1.058012701892
    ));
#2555 = CARTESIAN_POINT('',(1.589795599355,4.840448497515,1.058012701892
    ));
#2556 = CARTESIAN_POINT('',(1.562841556833,4.857899834245,1.058012701892
    ));
#2557 = CARTESIAN_POINT('',(1.536088533749,4.875667388636,1.058012701892
    ));
#2558 = CARTESIAN_POINT('',(1.509540483988,4.893748362353,1.058012701893
    ));
#2559 = CARTESIAN_POINT('',(1.483201361572,4.912139957181,1.058012701891
    ));
#2560 = CARTESIAN_POINT('',(1.457075120268,4.930839374684,1.058012701893
    ));
#2561 = CARTESIAN_POINT('',(1.431165714239,4.949843816765,1.058012701891
    ));
#2562 = CARTESIAN_POINT('',(1.405477097131,4.969150484887,1.058012701894
    ));
#2563 = CARTESIAN_POINT('',(1.380013223162,4.988756581,1.058012701891));
#2564 = CARTESIAN_POINT('',(1.354778046011,5.008659306596,1.058012701893
    ));
#2565 = CARTESIAN_POINT('',(1.329775519788,5.028855863529,1.058012701892
    ));
#2566 = CARTESIAN_POINT('',(1.305009598315,5.049343453415,1.058012701893
    ));
#2567 = CARTESIAN_POINT('',(1.280484235571,5.070119277999,1.058012701893
    ));
#2568 = CARTESIAN_POINT('',(1.207641685262,5.133303060912,1.058012701893
    ));
#2569 = CARTESIAN_POINT('',(1.160055911086,5.176565151966,1.058012701894
    ));
#2570 = CARTESIAN_POINT('',(1.113475983998,5.220941655132,1.058012701895
    ));
#2571 = CARTESIAN_POINT('',(1.067930971737,5.266406702445,1.058012701896
    ));
#2572 = CARTESIAN_POINT('',(1.02344908868,5.312933715044,1.058012701897)
  );
#2573 = CARTESIAN_POINT('',(0.98005769591,5.360495403022,1.058012701899)
  );
#2574 = CARTESIAN_POINT('',(0.937783301116,5.409063765667,1.058012701901
    ));
#2575 = CARTESIAN_POINT('',(0.896651558727,5.458610091154,1.058012701905
    ));
#2576 = CARTESIAN_POINT('',(0.856687269752,5.509104956871,1.05801270191)
  );
#2577 = CARTESIAN_POINT('',(0.817914381948,5.560518229128,1.058012701918
    ));
#2578 = CARTESIAN_POINT('',(0.780355989666,5.612819063376,1.058012701929
    ));
#2579 = CARTESIAN_POINT('',(0.744034333973,5.665975904069,1.058012701943
    ));
#2580 = CARTESIAN_POINT('',(0.70897080257,5.719956484735,1.058012701963)
  );
#2581 = CARTESIAN_POINT('',(0.607616184374,5.88427051438,1.058012702041)
  );
#2582 = CARTESIAN_POINT('',(0.54515714824,5.996988501127,1.058012702256)
  );
#2583 = CARTESIAN_POINT('',(0.487974810035,6.112609631101,1.058012702525
    ));
#2584 = CARTESIAN_POINT('',(0.436218388498,6.230857604435,1.058012702789
    ));
#2585 = CARTESIAN_POINT('',(0.390020332715,6.35145197857,1.05801270303)
  );
#2586 = CARTESIAN_POINT('',(0.349496321708,6.474108168096,1.058012703283
    ));
#2587 = CARTESIAN_POINT('',(0.314745265112,6.598537445004,1.05801270362)
  );
#2588 = CARTESIAN_POINT('',(0.285849302233,6.724446938345,1.058012704172
    ));
#2589 = CARTESIAN_POINT('',(0.262873803162,6.851539634624,1.058012705102
    ));
#2590 = CARTESIAN_POINT('',(0.245867367652,6.979514377412,1.058012706632
    ));
#2591 = CARTESIAN_POINT('',(0.234861826082,7.108065867672,1.058012709021
    ));
#2592 = CARTESIAN_POINT('',(0.229872238757,7.236884663525,1.05801271258)
  );
#2593 = CARTESIAN_POINT('',(0.230896896333,7.365657180393,1.058012717664
    ));
#2594 = CARTESIAN_POINT('',(0.251958166151,7.750882711988,1.058012738697
    ));
#2595 = CARTESIAN_POINT('',(0.28993273463,8.006331845296,1.05801278634)
  );
#2596 = CARTESIAN_POINT('',(0.351744071388,8.257899494804,1.058012838007
    ));
#2597 = CARTESIAN_POINT('',(0.43695823787,8.503132764924,1.058012888787)
  );
#2598 = CARTESIAN_POINT('',(0.544833384987,8.739663107972,1.058012955142
    ));
#2599 = CARTESIAN_POINT('',(0.674348827069,8.965229971717,1.05801307159)
  );
#2600 = CARTESIAN_POINT('',(0.824234116603,9.177704446856,1.058013287397
    ));
#2601 = CARTESIAN_POINT('',(0.992998117728,9.375112914439,1.058013663261
    ));
#2602 = CARTESIAN_POINT('',(1.178958081401,9.555660693549,1.058014268002
    ));
#2603 = CARTESIAN_POINT('',(1.380268718644,9.717755688515,1.058015175247
    ));
#2604 = CARTESIAN_POINT('',(1.594951275673,9.860032036719,1.058016460118
    ));
#2605 = CARTESIAN_POINT('',(1.820922607459,9.981373755818,1.058018195921
    ));
#2606 = CARTESIAN_POINT('',(2.056024252388,10.080938391427,
    1.058020450828));
#2607 = CARTESIAN_POINT('',(2.782106014073,10.312665210675,
    1.058028952059));
#2608 = CARTESIAN_POINT('',(3.293900644516,10.377757392839,
    1.058037140244));
#2609 = CARTESIAN_POINT('',(3.816320028608,10.347790004292,
    1.058046020974));
#2610 = CARTESIAN_POINT('',(4.33068300187,10.222163791817,1.058057331181
    ));
#2611 = CARTESIAN_POINT('',(4.819775551845,10.002374684651,
    1.058067243432));
#2612 = CARTESIAN_POINT('',(5.266276876017,9.69224296213,1.058067430973)
  );
#2613 = CARTESIAN_POINT('',(5.651754486108,9.299506983992,1.058051067292
    ));
#2614 = CARTESIAN_POINT('',(5.957972410281,8.837250575214,1.058019096552
    ));
#2615 = CARTESIAN_POINT('',(6.169933462526,8.324083426578,1.057983343869
    ));
#2616 = CARTESIAN_POINT('',(6.27886226646,7.782587958294,1.057964903313)
  );
#2617 = CARTESIAN_POINT('',(6.283230238035,7.236283981166,1.057988746633
    ));
#2618 = CARTESIAN_POINT('',(6.186927052381,6.706244191292,1.058078637174
    ));
#2619 = CARTESIAN_POINT('',(5.995795237801,6.209519041233,1.058260211099
    ));
#2620 = CARTESIAN_POINT('',(5.716965461605,5.762698847222,1.058584502026
    ));
#2621 = DEFINITIONAL_REPRESENTATION('',(#2622),#2626);
#2622 = LINE('',#2623,#2624);
#2623 = CARTESIAN_POINT('',(0.,0.));
#2624 = VECTOR('',#2625,1.);
#2625 = DIRECTION('',(0.,1.));
#2626 = ( GEOMETRIC_REPRESENTATION_CONTEXT(2) 
PARAMETRIC_REPRESENTATION_CONTEXT() REPRESENTATION_CONTEXT('2D SPACE',''
  ) );
#2627 = ORIENTED_EDGE('',*,*,#1943,.F.);
#2628 = ORIENTED_EDGE('',*,*,#2629,.F.);
#2629 = EDGE_CURVE('',#959,#1944,#2630,.T.);
#2630 = SURFACE_CURVE('',#2631,(#2636,#2643),.PCURVE_S1.);
#2631 = CIRCLE('',#2632,3.);
#2632 = AXIS2_PLACEMENT_3D('',#2633,#2634,#2635);
#2633 = CARTESIAN_POINT('',(3.2,7.332121111929,0.25));
#2634 = DIRECTION('',(-0.,0.,1.));
#2635 = DIRECTION('',(0.848555606019,-0.529106211922,0.));
#2636 = PCURVE('',#976,#2637);
#2637 = DEFINITIONAL_REPRESENTATION('',(#2638),#2642);
#2638 = LINE('',#2639,#2640);
#2639 = CARTESIAN_POINT('',(-5.725638393406,-0.25));
#2640 = VECTOR('',#2641,1.);
#2641 = DIRECTION('',(-1.,0.));
#2642 = ( GEOMETRIC_REPRESENTATION_CONTEXT(2) 
PARAMETRIC_REPRESENTATION_CONTEXT() REPRESENTATION_CONTEXT('2D SPACE',''
  ) );
#2643 = PCURVE('',#1608,#2644);
#2644 = DEFINITIONAL_REPRESENTATION('',(#2645),#2649);
#2645 = LINE('',#2646,#2647);
#2646 = CARTESIAN_POINT('',(0.,6.28318530718));
#2647 = VECTOR('',#2648,1.);
#2648 = DIRECTION('',(1.,0.));
#2649 = ( GEOMETRIC_REPRESENTATION_CONTEXT(2) 
PARAMETRIC_REPRESENTATION_CONTEXT() REPRESENTATION_CONTEXT('2D SPACE',''
  ) );
#2650 = ADVANCED_FACE('',(#2651),#1070,.T.);
#2651 = FACE_BOUND('',#2652,.T.);
#2652 = EDGE_LOOP('',(#2653,#2654,#2655,#2677));
#2653 = ORIENTED_EDGE('',*,*,#1133,.F.);
#2654 = ORIENTED_EDGE('',*,*,#1563,.T.);
#2655 = ORIENTED_EDGE('',*,*,#2656,.T.);
#2656 = EDGE_CURVE('',#1564,#959,#2657,.T.);
#2657 = SURFACE_CURVE('',#2658,(#2663,#2670),.PCURVE_S1.);
#2658 = CIRCLE('',#2659,0.25);
#2659 = AXIS2_PLACEMENT_3D('',#2660,#2661,#2662);
#2660 = CARTESIAN_POINT('',(5.533527916551,5.877079029144,0.25));
#2661 = DIRECTION('',(-0.529106211922,-0.848555606019,-0.));
#2662 = DIRECTION('',(-0.848555606019,0.529106211922,0.));
#2663 = PCURVE('',#1070,#2664);
#2664 = DEFINITIONAL_REPRESENTATION('',(#2665),#2669);
#2665 = LINE('',#2666,#2667);
#2666 = CARTESIAN_POINT('',(1.179137296233,0.));
#2667 = VECTOR('',#2668,1.);
#2668 = DIRECTION('',(0.,1.));
#2669 = ( GEOMETRIC_REPRESENTATION_CONTEXT(2) 
PARAMETRIC_REPRESENTATION_CONTEXT() REPRESENTATION_CONTEXT('2D SPACE',''
  ) );
#2670 = PCURVE('',#1608,#2671);
#2671 = DEFINITIONAL_REPRESENTATION('',(#2672),#2676);
#2672 = LINE('',#2673,#2674);
#2673 = CARTESIAN_POINT('',(0.,3.14159265359));
#2674 = VECTOR('',#2675,1.);
#2675 = DIRECTION('',(0.,1.));
#2676 = ( GEOMETRIC_REPRESENTATION_CONTEXT(2) 
PARAMETRIC_REPRESENTATION_CONTEXT() REPRESENTATION_CONTEXT('2D SPACE',''
  ) );
#2677 = ORIENTED_EDGE('',*,*,#1055,.F.);
#2678 = ADVANCED_FACE('',(#2679),#1016,.T.);
#2679 = FACE_BOUND('',#2680,.T.);
#2680 = EDGE_LOOP('',(#2681,#2703,#2740,#2741));
#2681 = ORIENTED_EDGE('',*,*,#2682,.T.);
#2682 = EDGE_CURVE('',#961,#2683,#2685,.T.);
#2683 = VERTEX_POINT('',#2684);
#2684 = CARTESIAN_POINT('',(5.713828216444,5.757592727975,1.058531287697
    ));
#2685 = SURFACE_CURVE('',#2686,(#2690,#2696),.PCURVE_S1.);
#2686 = ( BOUNDED_CURVE() B_SPLINE_CURVE(2,(#2687,#2688,#2689),
.UNSPECIFIED.,.F.,.F.) B_SPLINE_CURVE_WITH_KNOTS((3,3),(0.,
5.926326529725E-03),.PIECEWISE_BEZIER_KNOTS.) CURVE() 
GEOMETRIC_REPRESENTATION_ITEM() RATIONAL_B_SPLINE_CURVE((1.,
0.965078631534,1.)) REPRESENTATION_ITEM('') );
#2687 = CARTESIAN_POINT('',(5.745666818056,5.744802476164,0.932125110453
    ));
#2688 = CARTESIAN_POINT('',(5.745666818056,5.744802476164,0.999984961583
    ));
#2689 = CARTESIAN_POINT('',(5.713828216444,5.757592727975,1.058531287697
    ));
#2690 = PCURVE('',#1016,#2691);
#2691 = DEFINITIONAL_REPRESENTATION('',(#2692),#2695);
#2692 = B_SPLINE_CURVE_WITH_KNOTS('',1,(#2693,#2694),.UNSPECIFIED.,.F.,
  .F.,(2,2),(0.,5.926326529725E-03),.PIECEWISE_BEZIER_KNOTS.);
#2693 = CARTESIAN_POINT('',(0.,14.569560590312));
#2694 = CARTESIAN_POINT('',(2.365530299109,14.569560590312));
#2695 = ( GEOMETRIC_REPRESENTATION_CONTEXT(2) 
PARAMETRIC_REPRESENTATION_CONTEXT() REPRESENTATION_CONTEXT('2D SPACE',''
  ) );
#2696 = PCURVE('',#2198,#2697);
#2697 = DEFINITIONAL_REPRESENTATION('',(#2698),#2702);
#2698 = LINE('',#2699,#2700);
#2699 = CARTESIAN_POINT('',(0.,14.569560590312));
#2700 = VECTOR('',#2701,1.);
#2701 = DIRECTION('',(1.,0.));
#2702 = ( GEOMETRIC_REPRESENTATION_CONTEXT(2) 
PARAMETRIC_REPRESENTATION_CONTEXT() REPRESENTATION_CONTEXT('2D SPACE',''
  ) );
#2703 = ORIENTED_EDGE('',*,*,#2704,.T.);
#2704 = EDGE_CURVE('',#2683,#1160,#2705,.T.);
#2705 = SURFACE_CURVE('',#2706,(#2717,#2724),.PCURVE_S1.);
#2706 = ( BOUNDED_CURVE() B_SPLINE_CURVE(9,(#2707,#2708,#2709,#2710,
    #2711,#2712,#2713,#2714,#2715,#2716),.UNSPECIFIED.,.F.,.F.) 
B_SPLINE_CURVE_WITH_KNOTS((10,10),(14.569560590312,16.935090889421),
.PIECEWISE_BEZIER_KNOTS.) CURVE() GEOMETRIC_REPRESENTATION_ITEM() 
RATIONAL_B_SPLINE_CURVE((1.,1.,1.,1.,1.,1.,1.,1.,1.,1.)) 
REPRESENTATION_ITEM('') );
#2707 = CARTESIAN_POINT('',(5.713828216444,5.757592727975,1.058531287697
    ));
#2708 = CARTESIAN_POINT('',(5.5744306676,5.53127248926,1.057357550473));
#2709 = CARTESIAN_POINT('',(5.468882774289,5.288992785186,1.058563266173
    ));
#2710 = CARTESIAN_POINT('',(5.388761762472,5.007776435458,1.057802401283
    ));
#2711 = CARTESIAN_POINT('',(5.374472944177,4.754093859651,1.058098143817
    ));
#2712 = CARTESIAN_POINT('',(5.376567528514,4.486103182653,1.057922370183
    ));
#2713 = CARTESIAN_POINT('',(5.418945812005,4.227005965265,1.057980113348
    ));
#2714 = CARTESIAN_POINT('',(5.510781406495,3.959503194277,1.05829234052)
  );
#2715 = CARTESIAN_POINT('',(5.633231478747,3.722163066044,1.057646338441
    ));
#2716 = CARTESIAN_POINT('',(5.786887990712,3.505987812803,1.05830954931)
  );
#2717 = PCURVE('',#1016,#2718);
#2718 = DEFINITIONAL_REPRESENTATION('',(#2719),#2723);
#2719 = LINE('',#2720,#2721);
#2720 = CARTESIAN_POINT('',(2.365530299109,0.));
#2721 = VECTOR('',#2722,1.);
#2722 = DIRECTION('',(0.,1.));
#2723 = ( GEOMETRIC_REPRESENTATION_CONTEXT(2) 
PARAMETRIC_REPRESENTATION_CONTEXT() REPRESENTATION_CONTEXT('2D SPACE',''
  ) );
#2724 = PCURVE('',#1197,#2725);
#2725 = DEFINITIONAL_REPRESENTATION('',(#2726),#2739);
#2726 = B_SPLINE_CURVE_WITH_KNOTS('',11,(#2727,#2728,#2729,#2730,#2731,
    #2732,#2733,#2734,#2735,#2736,#2737,#2738),.UNSPECIFIED.,.F.,.F.,(12
    ,12),(14.569560590312,16.935090889421),.PIECEWISE_BEZIER_KNOTS.);
#2727 = CARTESIAN_POINT('',(2.946598068803E-03,5.853128769684E-02));
#2728 = CARTESIAN_POINT('',(0.109878059671,5.757095724107E-02));
#2729 = CARTESIAN_POINT('',(0.215501675365,5.816806513946E-02));
#2730 = CARTESIAN_POINT('',(0.327234773784,5.811017222079E-02));
#2731 = CARTESIAN_POINT('',(0.434205463253,5.799843345453E-02));
#2732 = CARTESIAN_POINT('',(0.537267806701,5.799604706558E-02));
#2733 = CARTESIAN_POINT('',(0.642901244838,5.798142393647E-02));
#2734 = CARTESIAN_POINT('',(0.746612486823,5.799154320068E-02));
#2735 = CARTESIAN_POINT('',(0.854172068309,5.809848501671E-02));
#2736 = CARTESIAN_POINT('',(0.963765489637,5.80811390088E-02));
#2737 = CARTESIAN_POINT('',(1.070222354888,5.776692223559E-02));
#2738 = CARTESIAN_POINT('',(1.176925569406,5.830954930999E-02));
#2739 = ( GEOMETRIC_REPRESENTATION_CONTEXT(2) 
PARAMETRIC_REPRESENTATION_CONTEXT() REPRESENTATION_CONTEXT('2D SPACE',''
  ) );
#2740 = ORIENTED_EDGE('',*,*,#1159,.F.);
#2741 = ORIENTED_EDGE('',*,*,#988,.F.);
#2742 = ADVANCED_FACE('',(#2743),#1197,.F.);
#2743 = FACE_BOUND('',#2744,.F.);
#2744 = EDGE_LOOP('',(#2745,#2775,#2798,#2799,#2800,#2823));
#2745 = ORIENTED_EDGE('',*,*,#2746,.F.);
#2746 = EDGE_CURVE('',#2747,#2749,#2751,.T.);
#2747 = VERTEX_POINT('',#2748);
#2748 = CARTESIAN_POINT('',(5.716965461605,5.762698847222,1.058584502026
    ));
#2749 = VERTEX_POINT('',#2750);
#2750 = CARTESIAN_POINT('',(5.316992236443,6.012097138311,1.875));
#2751 = SURFACE_CURVE('',#2752,(#2756,#2763),.PCURVE_S1.);
#2752 = LINE('',#2753,#2754);
#2753 = CARTESIAN_POINT('',(5.745666818056,5.744802476164,1.));
#2754 = VECTOR('',#2755,1.);
#2755 = DIRECTION('',(-0.424277803009,0.264553105961,0.866025403784));
#2756 = PCURVE('',#1197,#2757);
#2757 = DEFINITIONAL_REPRESENTATION('',(#2758),#2762);
#2758 = LINE('',#2759,#2760);
#2759 = CARTESIAN_POINT('',(0.,0.));
#2760 = VECTOR('',#2761,1.);
#2761 = DIRECTION('',(0.,1.));
#2762 = ( GEOMETRIC_REPRESENTATION_CONTEXT(2) 
PARAMETRIC_REPRESENTATION_CONTEXT() REPRESENTATION_CONTEXT('2D SPACE',''
  ) );
#2763 = PCURVE('',#2764,#2769);
#2764 = CONICAL_SURFACE('',#2765,3.,0.523598775598);
#2765 = AXIS2_PLACEMENT_3D('',#2766,#2767,#2768);
#2766 = CARTESIAN_POINT('',(3.2,7.332121111929,1.));
#2767 = DIRECTION('',(-0.,-0.,-1.));
#2768 = DIRECTION('',(-0.4,-0.916515138991,0.));
#2769 = DEFINITIONAL_REPRESENTATION('',(#2770),#2774);
#2770 = LINE('',#2771,#2772);
#2771 = CARTESIAN_POINT('',(4.858419048091,-0.));
#2772 = VECTOR('',#2773,1.);
#2773 = DIRECTION('',(0.,-1.));
#2774 = ( GEOMETRIC_REPRESENTATION_CONTEXT(2) 
PARAMETRIC_REPRESENTATION_CONTEXT() REPRESENTATION_CONTEXT('2D SPACE',''
  ) );
#2775 = ORIENTED_EDGE('',*,*,#2776,.T.);
#2776 = EDGE_CURVE('',#2747,#2683,#2777,.T.);
#2777 = SURFACE_CURVE('',#2778,(#2783,#2791),.PCURVE_S1.);
#2778 = ( BOUNDED_CURVE() B_SPLINE_CURVE(3,(#2779,#2780,#2781,#2782),
.UNSPECIFIED.,.F.,.F.) B_SPLINE_CURVE_WITH_KNOTS((4,4),(14.563634263782,
14.569560590312),.PIECEWISE_BEZIER_KNOTS.) CURVE() 
GEOMETRIC_REPRESENTATION_ITEM() RATIONAL_B_SPLINE_CURVE((1.,1.,1.,1.)) 
REPRESENTATION_ITEM('') );
#2779 = CARTESIAN_POINT('',(5.716965461605,5.762698847222,1.058584502026
    ));
#2780 = CARTESIAN_POINT('',(5.715921657149,5.760995758751,1.058557848246
    ));
#2781 = CARTESIAN_POINT('',(5.714875908024,5.759293717772,1.058540109334
    ));
#2782 = CARTESIAN_POINT('',(5.713828216444,5.757592727975,1.058531287697
    ));
#2783 = PCURVE('',#1197,#2784);
#2784 = DEFINITIONAL_REPRESENTATION('',(#2785),#2790);
#2785 = B_SPLINE_CURVE_WITH_KNOTS('',3,(#2786,#2787,#2788,#2789),
  .UNSPECIFIED.,.F.,.F.,(4,4),(14.563634263782,14.569560590312),
  .PIECEWISE_BEZIER_KNOTS.);
#2786 = CARTESIAN_POINT('',(-2.315476001323E-15,5.85845020258E-02));
#2787 = CARTESIAN_POINT('',(9.821149267948E-04,5.855784824567E-02));
#2788 = CARTESIAN_POINT('',(1.964321023931E-03,5.854010933406E-02));
#2789 = CARTESIAN_POINT('',(2.946598068807E-03,5.853128769684E-02));
#2790 = ( GEOMETRIC_REPRESENTATION_CONTEXT(2) 
PARAMETRIC_REPRESENTATION_CONTEXT() REPRESENTATION_CONTEXT('2D SPACE',''
  ) );
#2791 = PCURVE('',#2198,#2792);
#2792 = DEFINITIONAL_REPRESENTATION('',(#2793),#2797);
#2793 = LINE('',#2794,#2795);
#2794 = CARTESIAN_POINT('',(5.926326529725E-03,0.));
#2795 = VECTOR('',#2796,1.);
#2796 = DIRECTION('',(0.,1.));
#2797 = ( GEOMETRIC_REPRESENTATION_CONTEXT(2) 
PARAMETRIC_REPRESENTATION_CONTEXT() REPRESENTATION_CONTEXT('2D SPACE',''
  ) );
#2798 = ORIENTED_EDGE('',*,*,#2704,.T.);
#2799 = ORIENTED_EDGE('',*,*,#1181,.T.);
#2800 = ORIENTED_EDGE('',*,*,#2801,.T.);
#2801 = EDGE_CURVE('',#1182,#2802,#2804,.T.);
#2802 = VERTEX_POINT('',#2803);
#2803 = CARTESIAN_POINT('',(5.406182324898,3.22775071604,1.875));
#2804 = SURFACE_CURVE('',#2805,(#2809,#2816),.PCURVE_S1.);
#2805 = LINE('',#2806,#2807);
#2806 = CARTESIAN_POINT('',(5.8168713108,3.521932445915,1.));
#2807 = VECTOR('',#2808,1.);
#2808 = DIRECTION('',(-0.406476679823,-0.291164401601,0.866025403784));
#2809 = PCURVE('',#1197,#2810);
#2810 = DEFINITIONAL_REPRESENTATION('',(#2811),#2815);
#2811 = LINE('',#2812,#2813);
#2812 = CARTESIAN_POINT('',(1.179137296233,0.));
#2813 = VECTOR('',#2814,1.);
#2814 = DIRECTION('',(0.,1.));
#2815 = ( GEOMETRIC_REPRESENTATION_CONTEXT(2) 
PARAMETRIC_REPRESENTATION_CONTEXT() REPRESENTATION_CONTEXT('2D SPACE',''
  ) );
#2816 = PCURVE('',#1286,#2817);
#2817 = DEFINITIONAL_REPRESENTATION('',(#2818),#2822);
#2818 = LINE('',#2819,#2820);
#2819 = CARTESIAN_POINT('',(0.,-0.));
#2820 = VECTOR('',#2821,1.);
#2821 = DIRECTION('',(0.,-1.));
#2822 = ( GEOMETRIC_REPRESENTATION_CONTEXT(2) 
PARAMETRIC_REPRESENTATION_CONTEXT() REPRESENTATION_CONTEXT('2D SPACE',''
  ) );
#2823 = ORIENTED_EDGE('',*,*,#2824,.F.);
#2824 = EDGE_CURVE('',#2749,#2802,#2825,.T.);
#2825 = SURFACE_CURVE('',#2826,(#2831,#2838),.PCURVE_S1.);
#2826 = CIRCLE('',#2827,2.505181485541);
#2827 = AXIS2_PLACEMENT_3D('',#2828,#2829,#2830);
#2828 = CARTESIAN_POINT('',(7.442778030093,4.68659005232,1.875));
#2829 = DIRECTION('',(0.,0.,1.));
#2830 = DIRECTION('',(-0.848555606019,0.529106211922,0.));
#2831 = PCURVE('',#1197,#2832);
#2832 = DEFINITIONAL_REPRESENTATION('',(#2833),#2837);
#2833 = LINE('',#2834,#2835);
#2834 = CARTESIAN_POINT('',(0.,0.875));
#2835 = VECTOR('',#2836,1.);
#2836 = DIRECTION('',(1.,0.));
#2837 = ( GEOMETRIC_REPRESENTATION_CONTEXT(2) 
PARAMETRIC_REPRESENTATION_CONTEXT() REPRESENTATION_CONTEXT('2D SPACE',''
  ) );
#2838 = PCURVE('',#2839,#2844);
#2839 = TOROIDAL_SURFACE('',#2840,2.721687836487,0.25);
#2840 = AXIS2_PLACEMENT_3D('',#2841,#2842,#2843);
#2841 = CARTESIAN_POINT('',(7.442778030093,4.68659005232,1.75));
#2842 = DIRECTION('',(0.,0.,1.));
#2843 = DIRECTION('',(-0.848555606019,0.529106211922,0.));
#2844 = DEFINITIONAL_REPRESENTATION('',(#2845),#2849);
#2845 = LINE('',#2846,#2847);
#2846 = CARTESIAN_POINT('',(0.,2.617993877991));
#2847 = VECTOR('',#2848,1.);
#2848 = DIRECTION('',(1.,0.));
#2849 = ( GEOMETRIC_REPRESENTATION_CONTEXT(2) 
PARAMETRIC_REPRESENTATION_CONTEXT() REPRESENTATION_CONTEXT('2D SPACE',''
  ) );
#2850 = ADVANCED_FACE('',(#2851),#1286,.T.);
#2851 = FACE_BOUND('',#2852,.F.);
#2852 = EDGE_LOOP('',(#2853,#2854,#2855,#2878));
#2853 = ORIENTED_EDGE('',*,*,#2801,.F.);
#2854 = ORIENTED_EDGE('',*,*,#1262,.T.);
#2855 = ORIENTED_EDGE('',*,*,#2856,.T.);
#2856 = EDGE_CURVE('',#1263,#2857,#2859,.T.);
#2857 = VERTEX_POINT('',#2858);
#2858 = CARTESIAN_POINT('',(4.440892098501E-16,-7.294818514459,1.875));
#2859 = SURFACE_CURVE('',#2860,(#2864,#2871),.PCURVE_S1.);
#2860 = LINE('',#2861,#2862);
#2861 = CARTESIAN_POINT('',(-1.33226762955E-15,-7.8,1.));
#2862 = VECTOR('',#2863,1.);
#2863 = DIRECTION('',(8.326672684689E-17,0.5,0.866025403784));
#2864 = PCURVE('',#1286,#2865);
#2865 = DEFINITIONAL_REPRESENTATION('',(#2866),#2870);
#2866 = LINE('',#2867,#2868);
#2867 = CARTESIAN_POINT('',(2.192386709254,-0.));
#2868 = VECTOR('',#2869,1.);
#2869 = DIRECTION('',(0.,-1.));
#2870 = ( GEOMETRIC_REPRESENTATION_CONTEXT(2) 
PARAMETRIC_REPRESENTATION_CONTEXT() REPRESENTATION_CONTEXT('2D SPACE',''
  ) );
#2871 = PCURVE('',#1363,#2872);
#2872 = DEFINITIONAL_REPRESENTATION('',(#2873),#2877);
#2873 = LINE('',#2874,#2875);
#2874 = CARTESIAN_POINT('',(0.,-0.));
#2875 = VECTOR('',#2876,1.);
#2876 = DIRECTION('',(0.,-1.));
#2877 = ( GEOMETRIC_REPRESENTATION_CONTEXT(2) 
PARAMETRIC_REPRESENTATION_CONTEXT() REPRESENTATION_CONTEXT('2D SPACE',''
  ) );
#2878 = ORIENTED_EDGE('',*,*,#2879,.F.);
#2879 = EDGE_CURVE('',#2802,#2857,#2880,.T.);
#2880 = SURFACE_CURVE('',#2881,(#2886,#2893),.PCURVE_S1.);
#2881 = CIRCLE('',#2882,6.650052257915);
#2882 = AXIS2_PLACEMENT_3D('',#2883,#2884,#2885);
#2883 = CARTESIAN_POINT('',(0.,-0.644766256544,1.875));
#2884 = DIRECTION('',(0.,0.,-1.));
#2885 = DIRECTION('',(0.812953359647,0.582328803202,0.));
#2886 = PCURVE('',#1286,#2887);
#2887 = DEFINITIONAL_REPRESENTATION('',(#2888),#2892);
#2888 = LINE('',#2889,#2890);
#2889 = CARTESIAN_POINT('',(0.,-0.875));
#2890 = VECTOR('',#2891,1.);
#2891 = DIRECTION('',(1.,-0.));
#2892 = ( GEOMETRIC_REPRESENTATION_CONTEXT(2) 
PARAMETRIC_REPRESENTATION_CONTEXT() REPRESENTATION_CONTEXT('2D SPACE',''
  ) );
#2893 = PCURVE('',#2894,#2899);
#2894 = TOROIDAL_SURFACE('',#2895,6.433545906969,0.25);
#2895 = AXIS2_PLACEMENT_3D('',#2896,#2897,#2898);
#2896 = CARTESIAN_POINT('',(0.,-0.644766256544,1.75));
#2897 = DIRECTION('',(-0.,-0.,-1.));
#2898 = DIRECTION('',(0.812953359647,0.582328803202,0.));
#2899 = DEFINITIONAL_REPRESENTATION('',(#2900),#2904);
#2900 = LINE('',#2901,#2902);
#2901 = CARTESIAN_POINT('',(0.,5.759586531581));
#2902 = VECTOR('',#2903,1.);
#2903 = DIRECTION('',(1.,0.));
#2904 = ( GEOMETRIC_REPRESENTATION_CONTEXT(2) 
PARAMETRIC_REPRESENTATION_CONTEXT() REPRESENTATION_CONTEXT('2D SPACE',''
  ) );
#2905 = ADVANCED_FACE('',(#2906),#1363,.T.);
#2906 = FACE_BOUND('',#2907,.F.);
#2907 = EDGE_LOOP('',(#2908,#2909,#2910,#2911));
#2908 = ORIENTED_EDGE('',*,*,#2856,.F.);
#2909 = ORIENTED_EDGE('',*,*,#1339,.T.);
#2910 = ORIENTED_EDGE('',*,*,#1649,.T.);
#2911 = ORIENTED_EDGE('',*,*,#2912,.F.);
#2912 = EDGE_CURVE('',#2857,#1650,#2913,.T.);
#2913 = SURFACE_CURVE('',#2914,(#2919,#2926),.PCURVE_S1.);
#2914 = CIRCLE('',#2915,6.650052257915);
#2915 = AXIS2_PLACEMENT_3D('',#2916,#2917,#2918);
#2916 = CARTESIAN_POINT('',(0.,-0.644766256544,1.875));
#2917 = DIRECTION('',(-0.,0.,-1.));
#2918 = DIRECTION('',(-2.449293598295E-16,-1.,0.));
#2919 = PCURVE('',#1363,#2920);
#2920 = DEFINITIONAL_REPRESENTATION('',(#2921),#2925);
#2921 = LINE('',#2922,#2923);
#2922 = CARTESIAN_POINT('',(6.123233995737E-17,-0.875));
#2923 = VECTOR('',#2924,1.);
#2924 = DIRECTION('',(1.,-0.));
#2925 = ( GEOMETRIC_REPRESENTATION_CONTEXT(2) 
PARAMETRIC_REPRESENTATION_CONTEXT() REPRESENTATION_CONTEXT('2D SPACE',''
  ) );
#2926 = PCURVE('',#2927,#2932);
#2927 = TOROIDAL_SURFACE('',#2928,6.433545906969,0.25);
#2928 = AXIS2_PLACEMENT_3D('',#2929,#2930,#2931);
#2929 = CARTESIAN_POINT('',(0.,-0.644766256544,1.75));
#2930 = DIRECTION('',(-0.,-0.,-1.));
#2931 = DIRECTION('',(-2.449293598295E-16,-1.,0.));
#2932 = DEFINITIONAL_REPRESENTATION('',(#2933),#2937);
#2933 = LINE('',#2934,#2935);
#2934 = CARTESIAN_POINT('',(0.,5.759586531581));
#2935 = VECTOR('',#2936,1.);
#2936 = DIRECTION('',(1.,0.));
#2937 = ( GEOMETRIC_REPRESENTATION_CONTEXT(2) 
PARAMETRIC_REPRESENTATION_CONTEXT() REPRESENTATION_CONTEXT('2D SPACE',''
  ) );
#2938 = ADVANCED_FACE('',(#2939),#1458,.T.);
#2939 = FACE_BOUND('',#2940,.T.);
#2940 = EDGE_LOOP('',(#2941,#2963,#2964,#2965));
#2941 = ORIENTED_EDGE('',*,*,#2942,.F.);
#2942 = EDGE_CURVE('',#1592,#1944,#2943,.T.);
#2943 = SURFACE_CURVE('',#2944,(#2949,#2956),.PCURVE_S1.);
#2944 = CIRCLE('',#2945,0.25);
#2945 = AXIS2_PLACEMENT_3D('',#2946,#2947,#2948);
#2946 = CARTESIAN_POINT('',(2.1,4.811704479704,0.25));
#2947 = DIRECTION('',(-0.916515138991,0.4,0.));
#2948 = DIRECTION('',(-0.4,-0.916515138991,0.));
#2949 = PCURVE('',#1458,#2950);
#2950 = DEFINITIONAL_REPRESENTATION('',(#2951),#2955);
#2951 = LINE('',#2952,#2953);
#2952 = CARTESIAN_POINT('',(8.881784197001E-16,-3.14159265359));
#2953 = VECTOR('',#2954,1.);
#2954 = DIRECTION('',(0.,1.));
#2955 = ( GEOMETRIC_REPRESENTATION_CONTEXT(2) 
PARAMETRIC_REPRESENTATION_CONTEXT() REPRESENTATION_CONTEXT('2D SPACE',''
  ) );
#2956 = PCURVE('',#1608,#2957);
#2957 = DEFINITIONAL_REPRESENTATION('',(#2958),#2962);
#2958 = LINE('',#2959,#2960);
#2959 = CARTESIAN_POINT('',(4.858419048091,0.));
#2960 = VECTOR('',#2961,1.);
#2961 = DIRECTION('',(0.,1.));
#2962 = ( GEOMETRIC_REPRESENTATION_CONTEXT(2) 
PARAMETRIC_REPRESENTATION_CONTEXT() REPRESENTATION_CONTEXT('2D SPACE',''
  ) );
#2963 = ORIENTED_EDGE('',*,*,#1620,.T.);
#2964 = ORIENTED_EDGE('',*,*,#1441,.T.);
#2965 = ORIENTED_EDGE('',*,*,#1966,.F.);
#2966 = ADVANCED_FACE('',(#2967),#1514,.T.);
#2967 = FACE_BOUND('',#2968,.F.);
#2968 = EDGE_LOOP('',(#2969,#2993,#2994,#2995));
#2969 = ORIENTED_EDGE('',*,*,#2970,.F.);
#2970 = EDGE_CURVE('',#1498,#2971,#2973,.T.);
#2971 = VERTEX_POINT('',#2972);
#2972 = CARTESIAN_POINT('',(-2.2,7.332121111929,0.25));
#2973 = SEAM_CURVE('',#2974,(#2979,#2986),.PCURVE_S1.);
#2974 = CIRCLE('',#2975,0.25);
#2975 = AXIS2_PLACEMENT_3D('',#2976,#2977,#2978);
#2976 = CARTESIAN_POINT('',(-1.95,7.332121111929,0.25));
#2977 = DIRECTION('',(-8.881784197001E-16,1.,0.));
#2978 = DIRECTION('',(1.,8.881784197001E-16,0.));
#2979 = PCURVE('',#1514,#2980);
#2980 = DEFINITIONAL_REPRESENTATION('',(#2981),#2985);
#2981 = LINE('',#2982,#2983);
#2982 = CARTESIAN_POINT('',(-0.,0.));
#2983 = VECTOR('',#2984,1.);
#2984 = DIRECTION('',(-0.,1.));
#2985 = ( GEOMETRIC_REPRESENTATION_CONTEXT(2) 
PARAMETRIC_REPRESENTATION_CONTEXT() REPRESENTATION_CONTEXT('2D SPACE',''
  ) );
#2986 = PCURVE('',#1514,#2987);
#2987 = DEFINITIONAL_REPRESENTATION('',(#2988),#2992);
#2988 = LINE('',#2989,#2990);
#2989 = CARTESIAN_POINT('',(-6.28318530718,0.));
#2990 = VECTOR('',#2991,1.);
#2991 = DIRECTION('',(-0.,1.));
#2992 = ( GEOMETRIC_REPRESENTATION_CONTEXT(2) 
PARAMETRIC_REPRESENTATION_CONTEXT() REPRESENTATION_CONTEXT('2D SPACE',''
  ) );
#2993 = ORIENTED_EDGE('',*,*,#1497,.F.);
#2994 = ORIENTED_EDGE('',*,*,#2970,.T.);
#2995 = ORIENTED_EDGE('',*,*,#2996,.T.);
#2996 = EDGE_CURVE('',#2971,#2971,#2997,.T.);
#2997 = SURFACE_CURVE('',#2998,(#3003,#3010),.PCURVE_S1.);
#2998 = CIRCLE('',#2999,1.);
#2999 = AXIS2_PLACEMENT_3D('',#3000,#3001,#3002);
#3000 = CARTESIAN_POINT('',(-3.2,7.332121111929,0.25));
#3001 = DIRECTION('',(0.,-0.,1.));
#3002 = DIRECTION('',(1.,8.881784197001E-16,0.));
#3003 = PCURVE('',#1514,#3004);
#3004 = DEFINITIONAL_REPRESENTATION('',(#3005),#3009);
#3005 = LINE('',#3006,#3007);
#3006 = CARTESIAN_POINT('',(-0.,3.14159265359));
#3007 = VECTOR('',#3008,1.);
#3008 = DIRECTION('',(-1.,0.));
#3009 = ( GEOMETRIC_REPRESENTATION_CONTEXT(2) 
PARAMETRIC_REPRESENTATION_CONTEXT() REPRESENTATION_CONTEXT('2D SPACE',''
  ) );
#3010 = PCURVE('',#3011,#3016);
#3011 = CYLINDRICAL_SURFACE('',#3012,1.);
#3012 = AXIS2_PLACEMENT_3D('',#3013,#3014,#3015);
#3013 = CARTESIAN_POINT('',(-3.2,7.332121111929,0.));
#3014 = DIRECTION('',(-0.,-0.,-1.));
#3015 = DIRECTION('',(1.,0.,0.));
#3016 = DEFINITIONAL_REPRESENTATION('',(#3017),#3021);
#3017 = LINE('',#3018,#3019);
#3018 = CARTESIAN_POINT('',(-0.,-0.25));
#3019 = VECTOR('',#3020,1.);
#3020 = DIRECTION('',(-1.,0.));
#3021 = ( GEOMETRIC_REPRESENTATION_CONTEXT(2) 
PARAMETRIC_REPRESENTATION_CONTEXT() REPRESENTATION_CONTEXT('2D SPACE',''
  ) );
#3022 = ADVANCED_FACE('',(#3023),#1545,.T.);
#3023 = FACE_BOUND('',#3024,.F.);
#3024 = EDGE_LOOP('',(#3025,#3049,#3050,#3051));
#3025 = ORIENTED_EDGE('',*,*,#3026,.F.);
#3026 = EDGE_CURVE('',#1529,#3027,#3029,.T.);
#3027 = VERTEX_POINT('',#3028);
#3028 = CARTESIAN_POINT('',(4.2,7.332121111929,0.25));
#3029 = SEAM_CURVE('',#3030,(#3035,#3042),.PCURVE_S1.);
#3030 = CIRCLE('',#3031,0.25);
#3031 = AXIS2_PLACEMENT_3D('',#3032,#3033,#3034);
#3032 = CARTESIAN_POINT('',(4.45,7.332121111929,0.25));
#3033 = DIRECTION('',(-8.881784197001E-16,1.,0.));
#3034 = DIRECTION('',(1.,8.881784197001E-16,0.));
#3035 = PCURVE('',#1545,#3036);
#3036 = DEFINITIONAL_REPRESENTATION('',(#3037),#3041);
#3037 = LINE('',#3038,#3039);
#3038 = CARTESIAN_POINT('',(-0.,0.));
#3039 = VECTOR('',#3040,1.);
#3040 = DIRECTION('',(-0.,1.));
#3041 = ( GEOMETRIC_REPRESENTATION_CONTEXT(2) 
PARAMETRIC_REPRESENTATION_CONTEXT() REPRESENTATION_CONTEXT('2D SPACE',''
  ) );
#3042 = PCURVE('',#1545,#3043);
#3043 = DEFINITIONAL_REPRESENTATION('',(#3044),#3048);
#3044 = LINE('',#3045,#3046);
#3045 = CARTESIAN_POINT('',(-6.28318530718,0.));
#3046 = VECTOR('',#3047,1.);
#3047 = DIRECTION('',(-0.,1.));
#3048 = ( GEOMETRIC_REPRESENTATION_CONTEXT(2) 
PARAMETRIC_REPRESENTATION_CONTEXT() REPRESENTATION_CONTEXT('2D SPACE',''
  ) );
#3049 = ORIENTED_EDGE('',*,*,#1528,.F.);
#3050 = ORIENTED_EDGE('',*,*,#3026,.T.);
#3051 = ORIENTED_EDGE('',*,*,#3052,.T.);
#3052 = EDGE_CURVE('',#3027,#3027,#3053,.T.);
#3053 = SURFACE_CURVE('',#3054,(#3059,#3066),.PCURVE_S1.);
#3054 = CIRCLE('',#3055,1.);
#3055 = AXIS2_PLACEMENT_3D('',#3056,#3057,#3058);
#3056 = CARTESIAN_POINT('',(3.2,7.332121111929,0.25));
#3057 = DIRECTION('',(0.,-0.,1.));
#3058 = DIRECTION('',(1.,8.881784197001E-16,0.));
#3059 = PCURVE('',#1545,#3060);
#3060 = DEFINITIONAL_REPRESENTATION('',(#3061),#3065);
#3061 = LINE('',#3062,#3063);
#3062 = CARTESIAN_POINT('',(-0.,3.14159265359));
#3063 = VECTOR('',#3064,1.);
#3064 = DIRECTION('',(-1.,0.));
#3065 = ( GEOMETRIC_REPRESENTATION_CONTEXT(2) 
PARAMETRIC_REPRESENTATION_CONTEXT() REPRESENTATION_CONTEXT('2D SPACE',''
  ) );
#3066 = PCURVE('',#3067,#3072);
#3067 = CYLINDRICAL_SURFACE('',#3068,1.);
#3068 = AXIS2_PLACEMENT_3D('',#3069,#3070,#3071);
#3069 = CARTESIAN_POINT('',(3.2,7.332121111929,0.));
#3070 = DIRECTION('',(-0.,-0.,-1.));
#3071 = DIRECTION('',(1.,0.,0.));
#3072 = DEFINITIONAL_REPRESENTATION('',(#3073),#3077);
#3073 = LINE('',#3074,#3075);
#3074 = CARTESIAN_POINT('',(-0.,-0.25));
#3075 = VECTOR('',#3076,1.);
#3076 = DIRECTION('',(-1.,0.));
#3077 = ( GEOMETRIC_REPRESENTATION_CONTEXT(2) 
PARAMETRIC_REPRESENTATION_CONTEXT() REPRESENTATION_CONTEXT('2D SPACE',''
  ) );
#3078 = ADVANCED_FACE('',(#3079),#1608,.T.);
#3079 = FACE_BOUND('',#3080,.T.);
#3080 = EDGE_LOOP('',(#3081,#3082,#3083,#3084));
#3081 = ORIENTED_EDGE('',*,*,#2656,.F.);
#3082 = ORIENTED_EDGE('',*,*,#1591,.T.);
#3083 = ORIENTED_EDGE('',*,*,#2942,.T.);
#3084 = ORIENTED_EDGE('',*,*,#2629,.F.);
#3085 = ADVANCED_FACE('',(#3086),#1742,.T.);
#3086 = FACE_BOUND('',#3087,.T.);
#3087 = EDGE_LOOP('',(#3088,#3112,#3141,#3168));
#3088 = ORIENTED_EDGE('',*,*,#3089,.F.);
#3089 = EDGE_CURVE('',#3090,#1650,#3092,.T.);
#3090 = VERTEX_POINT('',#3091);
#3091 = CARTESIAN_POINT('',(-5.230172759512,3.101672831808,2.));
#3092 = SURFACE_CURVE('',#3093,(#3098,#3105),.PCURVE_S1.);
#3093 = CIRCLE('',#3094,0.25);
#3094 = AXIS2_PLACEMENT_3D('',#3095,#3096,#3097);
#3095 = CARTESIAN_POINT('',(-5.230172759512,3.101672831808,1.75));
#3096 = DIRECTION('',(-0.582328803202,-0.812953359647,-0.));
#3097 = DIRECTION('',(-0.812953359647,0.582328803202,0.));
#3098 = PCURVE('',#1742,#3099);
#3099 = DEFINITIONAL_REPRESENTATION('',(#3100),#3104);
#3100 = LINE('',#3101,#3102);
#3101 = CARTESIAN_POINT('',(0.,-3.14159265359));
#3102 = VECTOR('',#3103,1.);
#3103 = DIRECTION('',(0.,1.));
#3104 = ( GEOMETRIC_REPRESENTATION_CONTEXT(2) 
PARAMETRIC_REPRESENTATION_CONTEXT() REPRESENTATION_CONTEXT('2D SPACE',''
  ) );
#3105 = PCURVE('',#2927,#3106);
#3106 = DEFINITIONAL_REPRESENTATION('',(#3107),#3111);
#3107 = LINE('',#3108,#3109);
#3108 = CARTESIAN_POINT('',(2.192386709254,0.));
#3109 = VECTOR('',#3110,1.);
#3110 = DIRECTION('',(0.,1.));
#3111 = ( GEOMETRIC_REPRESENTATION_CONTEXT(2) 
PARAMETRIC_REPRESENTATION_CONTEXT() REPRESENTATION_CONTEXT('2D SPACE',''
  ) );
#3112 = ORIENTED_EDGE('',*,*,#3113,.T.);
#3113 = EDGE_CURVE('',#3090,#3114,#3116,.T.);
#3114 = VERTEX_POINT('',#3115);
#3115 = CARTESIAN_POINT('',(-5.133274558609,6.126651993518,2.));
#3116 = SURFACE_CURVE('',#3117,(#3122,#3129),.PCURVE_S1.);
#3117 = CIRCLE('',#3118,2.721687836487);
#3118 = AXIS2_PLACEMENT_3D('',#3119,#3120,#3121);
#3119 = CARTESIAN_POINT('',(-7.442778030093,4.68659005232,2.));
#3120 = DIRECTION('',(-0.,0.,1.));
#3121 = DIRECTION('',(0.812953359647,-0.582328803202,0.));
#3122 = PCURVE('',#1742,#3123);
#3123 = DEFINITIONAL_REPRESENTATION('',(#3124),#3128);
#3124 = LINE('',#3125,#3126);
#3125 = CARTESIAN_POINT('',(0.,1.570796326795));
#3126 = VECTOR('',#3127,1.);
#3127 = DIRECTION('',(1.,0.));
#3128 = ( GEOMETRIC_REPRESENTATION_CONTEXT(2) 
PARAMETRIC_REPRESENTATION_CONTEXT() REPRESENTATION_CONTEXT('2D SPACE',''
  ) );
#3129 = PCURVE('',#3130,#3135);
#3130 = PLANE('',#3131);
#3131 = AXIS2_PLACEMENT_3D('',#3132,#3133,#3134);
#3132 = CARTESIAN_POINT('',(-4.32407252062E-16,2.038583401103,2.));
#3133 = DIRECTION('',(0.,0.,1.));
#3134 = DIRECTION('',(1.,0.,0.));
#3135 = DEFINITIONAL_REPRESENTATION('',(#3136),#3140);
#3136 = CIRCLE('',#3137,2.721687836487);
#3137 = AXIS2_PLACEMENT_2D('',#3138,#3139);
#3138 = CARTESIAN_POINT('',(-7.442778030093,2.648006651217));
#3139 = DIRECTION('',(0.812953359647,-0.582328803202));
#3140 = ( GEOMETRIC_REPRESENTATION_CONTEXT(2) 
PARAMETRIC_REPRESENTATION_CONTEXT() REPRESENTATION_CONTEXT('2D SPACE',''
  ) );
#3141 = ORIENTED_EDGE('',*,*,#3142,.T.);
#3142 = EDGE_CURVE('',#3114,#1700,#3143,.T.);
#3143 = SURFACE_CURVE('',#3144,(#3149,#3156),.PCURVE_S1.);
#3144 = CIRCLE('',#3145,0.25);
#3145 = AXIS2_PLACEMENT_3D('',#3146,#3147,#3148);
#3146 = CARTESIAN_POINT('',(-5.133274558609,6.126651993518,1.75));
#3147 = DIRECTION('',(0.529106211922,-0.848555606019,0.));
#3148 = DIRECTION('',(0.848555606019,0.529106211922,0.));
#3149 = PCURVE('',#1742,#3150);
#3150 = DEFINITIONAL_REPRESENTATION('',(#3151),#3155);
#3151 = LINE('',#3152,#3153);
#3152 = CARTESIAN_POINT('',(1.179137296233,0.));
#3153 = VECTOR('',#3154,1.);
#3154 = DIRECTION('',(0.,1.));
#3155 = ( GEOMETRIC_REPRESENTATION_CONTEXT(2) 
PARAMETRIC_REPRESENTATION_CONTEXT() REPRESENTATION_CONTEXT('2D SPACE',''
  ) );
#3156 = PCURVE('',#3157,#3162);
#3157 = TOROIDAL_SURFACE('',#3158,2.278312163513,0.25);
#3158 = AXIS2_PLACEMENT_3D('',#3159,#3160,#3161);
#3159 = CARTESIAN_POINT('',(-3.2,7.332121111929,1.75));
#3160 = DIRECTION('',(-0.,-0.,-1.));
#3161 = DIRECTION('',(-0.848555606019,-0.529106211922,0.));
#3162 = DEFINITIONAL_REPRESENTATION('',(#3163),#3167);
#3163 = LINE('',#3164,#3165);
#3164 = CARTESIAN_POINT('',(0.,3.14159265359));
#3165 = VECTOR('',#3166,1.);
#3166 = DIRECTION('',(0.,1.));
#3167 = ( GEOMETRIC_REPRESENTATION_CONTEXT(2) 
PARAMETRIC_REPRESENTATION_CONTEXT() REPRESENTATION_CONTEXT('2D SPACE',''
  ) );
#3168 = ORIENTED_EDGE('',*,*,#1727,.F.);
#3169 = ADVANCED_FACE('',(#3170),#1715,.T.);
#3170 = FACE_BOUND('',#3171,.F.);
#3171 = EDGE_LOOP('',(#3172,#3173,#3174,#3197));
#3172 = ORIENTED_EDGE('',*,*,#1699,.F.);
#3173 = ORIENTED_EDGE('',*,*,#2068,.T.);
#3174 = ORIENTED_EDGE('',*,*,#3175,.T.);
#3175 = EDGE_CURVE('',#1992,#3176,#3178,.T.);
#3176 = VERTEX_POINT('',#3177);
#3177 = CARTESIAN_POINT('',(-2.202072594216,5.045582174392,1.875));
#3178 = SURFACE_CURVE('',#3179,(#3183,#3190),.PCURVE_S1.);
#3179 = LINE('',#3180,#3181);
#3180 = CARTESIAN_POINT('',(-2.,4.582575694956,1.));
#3181 = VECTOR('',#3182,1.);
#3182 = DIRECTION('',(-0.2,0.458257569496,0.866025403784));
#3183 = PCURVE('',#1715,#3184);
#3184 = DEFINITIONAL_REPRESENTATION('',(#3185),#3189);
#3185 = LINE('',#3186,#3187);
#3186 = CARTESIAN_POINT('',(4.858419048091,-0.));
#3187 = VECTOR('',#3188,1.);
#3188 = DIRECTION('',(0.,-1.));
#3189 = ( GEOMETRIC_REPRESENTATION_CONTEXT(2) 
PARAMETRIC_REPRESENTATION_CONTEXT() REPRESENTATION_CONTEXT('2D SPACE',''
  ) );
#3190 = PCURVE('',#2030,#3191);
#3191 = DEFINITIONAL_REPRESENTATION('',(#3192),#3196);
#3192 = LINE('',#3193,#3194);
#3193 = CARTESIAN_POINT('',(0.,0.));
#3194 = VECTOR('',#3195,1.);
#3195 = DIRECTION('',(0.,1.));
#3196 = ( GEOMETRIC_REPRESENTATION_CONTEXT(2) 
PARAMETRIC_REPRESENTATION_CONTEXT() REPRESENTATION_CONTEXT('2D SPACE',''
  ) );
#3197 = ORIENTED_EDGE('',*,*,#3198,.F.);
#3198 = EDGE_CURVE('',#1700,#3176,#3199,.T.);
#3199 = SURFACE_CURVE('',#3200,(#3205,#3212),.PCURVE_S1.);
#3200 = CIRCLE('',#3201,2.494818514459);
#3201 = AXIS2_PLACEMENT_3D('',#3202,#3203,#3204);
#3202 = CARTESIAN_POINT('',(-3.2,7.332121111929,1.875));
#3203 = DIRECTION('',(-0.,0.,-1.));
#3204 = DIRECTION('',(-0.848555606019,-0.529106211922,0.));
#3205 = PCURVE('',#1715,#3206);
#3206 = DEFINITIONAL_REPRESENTATION('',(#3207),#3211);
#3207 = LINE('',#3208,#3209);
#3208 = CARTESIAN_POINT('',(-1.7763568394E-15,-0.875));
#3209 = VECTOR('',#3210,1.);
#3210 = DIRECTION('',(1.,-0.));
#3211 = ( GEOMETRIC_REPRESENTATION_CONTEXT(2) 
PARAMETRIC_REPRESENTATION_CONTEXT() REPRESENTATION_CONTEXT('2D SPACE',''
  ) );
#3212 = PCURVE('',#3157,#3213);
#3213 = DEFINITIONAL_REPRESENTATION('',(#3214),#3218);
#3214 = LINE('',#3215,#3216);
#3215 = CARTESIAN_POINT('',(0.,5.759586531581));
#3216 = VECTOR('',#3217,1.);
#3217 = DIRECTION('',(1.,0.));
#3218 = ( GEOMETRIC_REPRESENTATION_CONTEXT(2) 
PARAMETRIC_REPRESENTATION_CONTEXT() REPRESENTATION_CONTEXT('2D SPACE',''
  ) );
#3219 = ADVANCED_FACE('',(#3220),#1851,.T.);
#3220 = FACE_BOUND('',#3221,.T.);
#3221 = EDGE_LOOP('',(#3222,#3223,#3342,#3362));
#3222 = ORIENTED_EDGE('',*,*,#2043,.T.);
#3223 = ORIENTED_EDGE('',*,*,#3224,.T.);
#3224 = EDGE_CURVE('',#2014,#3225,#3227,.T.);
#3225 = VERTEX_POINT('',#3226);
#3226 = CARTESIAN_POINT('',(2.013397459622,4.613273131374,1.058012701892
    ));
#3227 = SURFACE_CURVE('',#3228,(#3257,#3264),.PCURVE_S1.);
#3228 = ( BOUNDED_CURVE() B_SPLINE_CURVE(14,(#3229,#3230,#3231,#3232,
    #3233,#3234,#3235,#3236,#3237,#3238,#3239,#3240,#3241,#3242,#3243,
    #3244,#3245,#3246,#3247,#3248,#3249,#3250,#3251,#3252,#3253,#3254,
#3255,#3256),.UNSPECIFIED.,.F.,.F.) B_SPLINE_CURVE_WITH_KNOTS((15,13,15)
,(65.339767323637,78.940833796929,92.54190027022),.UNSPECIFIED.) CURVE()
 GEOMETRIC_REPRESENTATION_ITEM() RATIONAL_B_SPLINE_CURVE((1.,1.,
    1.000000000001,0.999999999997,1.000000000007,0.999999999988,
    1.000000000017,0.999999999982,1.000000000016,0.999999999988,
    1.000000000007,0.999999999997,1.000000000001,1.,1.,0.999999999998,
    1.000000000005,0.999999999989,1.000000000017,0.999999999978,
    1.000000000023,0.99999999998,1.000000000015,0.999999999991,
1.000000000004,0.999999999999,1.,1.)) REPRESENTATION_ITEM('') );
#3229 = CARTESIAN_POINT('',(-2.038505424429,4.606307532323,
    1.064464888476));
#3230 = CARTESIAN_POINT('',(-3.279592811742,4.053770366799,
    1.059240856727));
#3231 = CARTESIAN_POINT('',(-4.148943251583,3.238192424615,
    1.057600849059));
#3232 = CARTESIAN_POINT('',(-4.887822043265,2.272188453516,1.05737260126
    ));
#3233 = CARTESIAN_POINT('',(-5.310131152902,1.141614618632,
    1.056753772635));
#3234 = CARTESIAN_POINT('',(-5.49573763913,-0.156472760608,1.05959049987
    ));
#3235 = CARTESIAN_POINT('',(-5.376055976472,-1.192552213935,
    1.056983273212));
#3236 = CARTESIAN_POINT('',(-4.931478044654,-2.725923540755,
    1.062539912903));
#3237 = CARTESIAN_POINT('',(-4.023251978166,-3.150498262822,
    1.058516857752));
#3238 = CARTESIAN_POINT('',(-3.650359645645,-3.903183206798,
    1.058779365594));
#3239 = CARTESIAN_POINT('',(-2.868404633195,-4.320202800707,
    1.058177803691));
#3240 = CARTESIAN_POINT('',(-2.209762050012,-4.704339461038,
    1.058019674453));
#3241 = CARTESIAN_POINT('',(-1.423857778444,-4.957262240278,
    1.057994251492));
#3242 = CARTESIAN_POINT('',(-0.593086994409,-5.071807974795,
    1.058003841803));
#3243 = CARTESIAN_POINT('',(1.123803981601,-4.981191382823,
    1.058040775466));
#3244 = CARTESIAN_POINT('',(2.008874882105,-4.776131598184,
    1.058067160749));
#3245 = CARTESIAN_POINT('',(2.889149036494,-4.392199668032,
    1.058058821123));
#3246 = CARTESIAN_POINT('',(3.718216704729,-3.814938265384,
    1.058028915255));
#3247 = CARTESIAN_POINT('',(4.431672870028,-3.049386626277,1.05800909074
    ));
#3248 = CARTESIAN_POINT('',(4.971220364758,-2.129631658652,
    1.058008617514));
#3249 = CARTESIAN_POINT('',(5.300196536125,-1.109933669297,
    1.058014690902));
#3250 = CARTESIAN_POINT('',(5.404190054902,-4.828001923625E-02,
    1.058014921071));
#3251 = CARTESIAN_POINT('',(5.283839924431,1.003787635038,1.058011097891
    ));
#3252 = CARTESIAN_POINT('',(4.948973688569,2.00016145331,1.058011399649)
  );
#3253 = CARTESIAN_POINT('',(4.418514185705,2.894844058791,1.058014531188
    ));
#3254 = CARTESIAN_POINT('',(3.723631875187,3.644743540507,1.058012060402
    ));
#3255 = CARTESIAN_POINT('',(2.907010689144,4.223268344106,1.058012701892
    ));
#3256 = CARTESIAN_POINT('',(2.013397459622,4.613273131374,1.058012701892
    ));
#3257 = PCURVE('',#1851,#3258);
#3258 = DEFINITIONAL_REPRESENTATION('',(#3259),#3263);
#3259 = LINE('',#3260,#3261);
#3260 = CARTESIAN_POINT('',(27.202132946583,0.));
#3261 = VECTOR('',#3262,1.);
#3262 = DIRECTION('',(0.,1.));
#3263 = ( GEOMETRIC_REPRESENTATION_CONTEXT(2) 
PARAMETRIC_REPRESENTATION_CONTEXT() REPRESENTATION_CONTEXT('2D SPACE',''
  ) );
#3264 = PCURVE('',#2030,#3265);
#3265 = DEFINITIONAL_REPRESENTATION('',(#3266),#3341);
#3266 = B_SPLINE_CURVE_WITH_KNOTS('',10,(#3267,#3268,#3269,#3270,#3271,
    #3272,#3273,#3274,#3275,#3276,#3277,#3278,#3279,#3280,#3281,#3282,
    #3283,#3284,#3285,#3286,#3287,#3288,#3289,#3290,#3291,#3292,#3293,
    #3294,#3295,#3296,#3297,#3298,#3299,#3300,#3301,#3302,#3303,#3304,
    #3305,#3306,#3307,#3308,#3309,#3310,#3311,#3312,#3313,#3314,#3315,
    #3316,#3317,#3318,#3319,#3320,#3321,#3322,#3323,#3324,#3325,#3326,
    #3327,#3328,#3329,#3330,#3331,#3332,#3333,#3334,#3335,#3336,#3337,
    #3338,#3339,#3340),.UNSPECIFIED.,.F.,.F.,(11,9,9,9,9,9,9,9,11),(
    65.339767323637,68.74003394196,72.140300560283,75.540567178606,
    77.240700487767,78.940833796929,82.341100415252,85.741367033575,
    92.54190027022),.UNSPECIFIED.);
#3267 = CARTESIAN_POINT('',(5.121513115604E-03,6.446488847571E-02));
#3268 = CARTESIAN_POINT('',(9.951551210354E-02,6.263647736351E-02));
#3269 = CARTESIAN_POINT('',(0.188078080774,6.126097491663E-02));
#3270 = CARTESIAN_POINT('',(0.273689551595,6.02353788214E-02));
#3271 = CARTESIAN_POINT('',(0.357145336477,5.946499335746E-02));
#3272 = CARTESIAN_POINT('',(0.439477864961,5.889751736812E-02));
#3273 = CARTESIAN_POINT('',(0.520701333056,5.849733029702E-02));
#3274 = CARTESIAN_POINT('',(0.601372134619,5.823128689347E-02));
#3275 = CARTESIAN_POINT('',(0.681472895173,5.8076428559E-02));
#3276 = CARTESIAN_POINT('',(0.761110256251,5.801015500055E-02));
#3277 = CARTESIAN_POINT('',(0.919383239543,5.801547274546E-02));
#3278 = CARTESIAN_POINT('',(0.998021053724,5.808707903157E-02));
#3279 = CARTESIAN_POINT('',(1.076131894613,5.820760807294E-02));
#3280 = CARTESIAN_POINT('',(1.153622357027,5.83594579261E-02));
#3281 = CARTESIAN_POINT('',(1.230331760906,5.852545438656E-02));
#3282 = CARTESIAN_POINT('',(1.306045284477,5.868881336861E-02));
#3283 = CARTESIAN_POINT('',(1.38051895375,5.883433747865E-02));
#3284 = CARTESIAN_POINT('',(1.453513046043,5.895012361986E-02));
#3285 = CARTESIAN_POINT('',(1.524830465169,5.902905846617E-02));
#3286 = CARTESIAN_POINT('',(1.663882826779,5.910969881997E-02));
#3287 = CARTESIAN_POINT('',(1.731616455094,5.91113662472E-02));
#3288 = CARTESIAN_POINT('',(1.79744224986,5.907253554688E-02));
#3289 = CARTESIAN_POINT('',(1.861312456211,5.899620402792E-02));
#3290 = CARTESIAN_POINT('',(1.923286174666,5.889079578637E-02));
#3291 = CARTESIAN_POINT('',(1.983533502824,5.876831456102E-02));
#3292 = CARTESIAN_POINT('',(2.042314634119,5.864132935066E-02));
#3293 = CARTESIAN_POINT('',(2.099944058291,5.852005680099E-02));
#3294 = CARTESIAN_POINT('',(2.156750008131,5.841080436785E-02));
#3295 = CARTESIAN_POINT('',(2.241183941653,5.827015521239E-02));
#3296 = CARTESIAN_POINT('',(2.269199397766,5.822713604526E-02));
#3297 = CARTESIAN_POINT('',(2.297124754459,5.818841275787E-02));
#3298 = CARTESIAN_POINT('',(2.324997506899,5.815420145644E-02));
#3299 = CARTESIAN_POINT('',(2.352853294542,5.812453506764E-02));
#3300 = CARTESIAN_POINT('',(2.380725639209,5.809929604758E-02));
#3301 = CARTESIAN_POINT('',(2.408645683197,5.807824909134E-02));
#3302 = CARTESIAN_POINT('',(2.436641927342,5.806107384184E-02));
#3303 = CARTESIAN_POINT('',(2.46473996913,5.80473975993E-02));
#3304 = CARTESIAN_POINT('',(2.521184512419,5.802625846132E-02));
#3305 = CARTESIAN_POINT('',(2.549531306288,5.801879585267E-02));
#3306 = CARTESIAN_POINT('',(2.578024952325,5.801403823493E-02));
#3307 = CARTESIAN_POINT('',(2.606687639434,5.801156870319E-02));
#3308 = CARTESIAN_POINT('',(2.635534796356,5.801095553072E-02));
#3309 = CARTESIAN_POINT('',(2.664575518147,5.801176872505E-02));
#3310 = CARTESIAN_POINT('',(2.693816444653,5.80136068148E-02));
#3311 = CARTESIAN_POINT('',(2.72326549715,5.801612764477E-02));
#3312 = CARTESIAN_POINT('',(2.752931879655,5.801907697154E-02));
#3313 = CARTESIAN_POINT('',(2.842592493586,5.802877196032E-02));
#3314 = CARTESIAN_POINT('',(2.903245037455,5.803623669946E-02));
#3315 = CARTESIAN_POINT('',(2.964793965533,5.804268095469E-02));
#3316 = CARTESIAN_POINT('',(3.027206437209,5.804712076018E-02));
#3317 = CARTESIAN_POINT('',(3.090467416334,5.804932773121E-02));
#3318 = CARTESIAN_POINT('',(3.154508116566,5.804951538695E-02));
#3319 = CARTESIAN_POINT('',(3.219243607618,5.804810768658E-02));
#3320 = CARTESIAN_POINT('',(3.28461648521,5.804558860298E-02));
#3321 = CARTESIAN_POINT('',(3.350534886832,5.804240009066E-02));
#3322 = CARTESIAN_POINT('',(3.483320991809,5.80354153253E-02));
#3323 = CARTESIAN_POINT('',(3.550188044883,5.803161447921E-02));
#3324 = CARTESIAN_POINT('',(3.617453200024,5.802788573693E-02));
#3325 = CARTESIAN_POINT('',(3.6850437704,5.802449958202E-02));
#3326 = CARTESIAN_POINT('',(3.752892760761,5.802161538664E-02));
#3327 = CARTESIAN_POINT('',(3.820940635356,5.80192901206E-02));
#3328 = CARTESIAN_POINT('',(3.889136373812,5.801749679567E-02));
#3329 = CARTESIAN_POINT('',(3.957437815072,5.801615264728E-02));
#3330 = CARTESIAN_POINT('',(4.025811289283,5.801515705136E-02));
#3331 = CARTESIAN_POINT('',(4.231069034597,5.80130034318E-02));
#3332 = CARTESIAN_POINT('',(4.368090023592,5.801266524742E-02));
#3333 = CARTESIAN_POINT('',(4.50509036939,5.801273204609E-02));
#3334 = CARTESIAN_POINT('',(4.641963873395,5.801268112586E-02));
#3335 = CARTESIAN_POINT('',(4.778754948694,5.801244013649E-02));
#3336 = CARTESIAN_POINT('',(4.915463070528,5.801275943233E-02));
#3337 = CARTESIAN_POINT('',(5.052051650897,5.80131407324E-02));
#3338 = CARTESIAN_POINT('',(5.188477129773,5.801238014696E-02));
#3339 = CARTESIAN_POINT('',(5.324558242866,5.801270189223E-02));
#3340 = CARTESIAN_POINT('',(5.460151615045,5.801270189222E-02));
#3341 = ( GEOMETRIC_REPRESENTATION_CONTEXT(2) 
PARAMETRIC_REPRESENTATION_CONTEXT() REPRESENTATION_CONTEXT('2D SPACE',''
  ) );
#3342 = ORIENTED_EDGE('',*,*,#3343,.F.);
#3343 = EDGE_CURVE('',#1785,#3225,#3344,.T.);
#3344 = SURFACE_CURVE('',#3345,(#3349,#3355),.PCURVE_S1.);
#3345 = ( BOUNDED_CURVE() B_SPLINE_CURVE(2,(#3346,#3347,#3348),
.UNSPECIFIED.,.F.,.F.) B_SPLINE_CURVE_WITH_KNOTS((3,3),(0.,
14.563634263782),.PIECEWISE_BEZIER_KNOTS.) CURVE() 
GEOMETRIC_REPRESENTATION_ITEM() RATIONAL_B_SPLINE_CURVE((1.,
0.965925826289,1.)) REPRESENTATION_ITEM('') );
#3346 = CARTESIAN_POINT('',(2.,4.582575694956,0.933012701892));
#3347 = CARTESIAN_POINT('',(2.,4.582575694956,1.));
#3348 = CARTESIAN_POINT('',(2.013397459622,4.613273131374,1.058012701892
    ));
#3349 = PCURVE('',#1851,#3350);
#3350 = DEFINITIONAL_REPRESENTATION('',(#3351),#3354);
#3351 = B_SPLINE_CURVE_WITH_KNOTS('',1,(#3352,#3353),.UNSPECIFIED.,.F.,
  .F.,(2,2),(0.,14.563634263782),.PIECEWISE_BEZIER_KNOTS.);
#3352 = CARTESIAN_POINT('',(0.,92.54190027022));
#3353 = CARTESIAN_POINT('',(27.202132946583,92.54190027022));
#3354 = ( GEOMETRIC_REPRESENTATION_CONTEXT(2) 
PARAMETRIC_REPRESENTATION_CONTEXT() REPRESENTATION_CONTEXT('2D SPACE',''
  ) );
#3355 = PCURVE('',#2341,#3356);
#3356 = DEFINITIONAL_REPRESENTATION('',(#3357),#3361);
#3357 = LINE('',#3358,#3359);
#3358 = CARTESIAN_POINT('',(0.,-1.686799709209E-14));
#3359 = VECTOR('',#3360,1.);
#3360 = DIRECTION('',(1.,0.));
#3361 = ( GEOMETRIC_REPRESENTATION_CONTEXT(2) 
PARAMETRIC_REPRESENTATION_CONTEXT() REPRESENTATION_CONTEXT('2D SPACE',''
  ) );
#3362 = ORIENTED_EDGE('',*,*,#1784,.F.);
#3363 = ADVANCED_FACE('',(#3364),#2030,.F.);
#3364 = FACE_BOUND('',#3365,.F.);
#3365 = EDGE_LOOP('',(#3366,#3367,#3368,#3369,#3392));
#3366 = ORIENTED_EDGE('',*,*,#3175,.F.);
#3367 = ORIENTED_EDGE('',*,*,#2013,.T.);
#3368 = ORIENTED_EDGE('',*,*,#3224,.T.);
#3369 = ORIENTED_EDGE('',*,*,#3370,.T.);
#3370 = EDGE_CURVE('',#3225,#3371,#3373,.T.);
#3371 = VERTEX_POINT('',#3372);
#3372 = CARTESIAN_POINT('',(2.202072594216,5.045582174392,1.875));
#3373 = SURFACE_CURVE('',#3374,(#3378,#3385),.PCURVE_S1.);
#3374 = LINE('',#3375,#3376);
#3375 = CARTESIAN_POINT('',(2.,4.582575694956,1.));
#3376 = VECTOR('',#3377,1.);
#3377 = DIRECTION('',(0.2,0.458257569496,0.866025403784));
#3378 = PCURVE('',#2030,#3379);
#3379 = DEFINITIONAL_REPRESENTATION('',(#3380),#3384);
#3380 = LINE('',#3381,#3382);
#3381 = CARTESIAN_POINT('',(5.460151615045,0.));
#3382 = VECTOR('',#3383,1.);
#3383 = DIRECTION('',(0.,1.));
#3384 = ( GEOMETRIC_REPRESENTATION_CONTEXT(2) 
PARAMETRIC_REPRESENTATION_CONTEXT() REPRESENTATION_CONTEXT('2D SPACE',''
  ) );
#3385 = PCURVE('',#2764,#3386);
#3386 = DEFINITIONAL_REPRESENTATION('',(#3387),#3391);
#3387 = LINE('',#3388,#3389);
#3388 = CARTESIAN_POINT('',(0.,-0.));
#3389 = VECTOR('',#3390,1.);
#3390 = DIRECTION('',(0.,-1.));
#3391 = ( GEOMETRIC_REPRESENTATION_CONTEXT(2) 
PARAMETRIC_REPRESENTATION_CONTEXT() REPRESENTATION_CONTEXT('2D SPACE',''
  ) );
#3392 = ORIENTED_EDGE('',*,*,#3393,.F.);
#3393 = EDGE_CURVE('',#3176,#3371,#3394,.T.);
#3394 = SURFACE_CURVE('',#3395,(#3400,#3407),.PCURVE_S1.);
#3395 = CIRCLE('',#3396,5.505181485541);
#3396 = AXIS2_PLACEMENT_3D('',#3397,#3398,#3399);
#3397 = CARTESIAN_POINT('',(0.,0.,1.875));
#3398 = DIRECTION('',(0.,0.,1.));
#3399 = DIRECTION('',(-0.4,0.916515138991,0.));
#3400 = PCURVE('',#2030,#3401);
#3401 = DEFINITIONAL_REPRESENTATION('',(#3402),#3406);
#3402 = LINE('',#3403,#3404);
#3403 = CARTESIAN_POINT('',(0.,0.875));
#3404 = VECTOR('',#3405,1.);
#3405 = DIRECTION('',(1.,0.));
#3406 = ( GEOMETRIC_REPRESENTATION_CONTEXT(2) 
PARAMETRIC_REPRESENTATION_CONTEXT() REPRESENTATION_CONTEXT('2D SPACE',''
  ) );
#3407 = PCURVE('',#3408,#3413);
#3408 = TOROIDAL_SURFACE('',#3409,5.721687836487,0.25);
#3409 = AXIS2_PLACEMENT_3D('',#3410,#3411,#3412);
#3410 = CARTESIAN_POINT('',(0.,0.,1.75));
#3411 = DIRECTION('',(0.,0.,1.));
#3412 = DIRECTION('',(-0.4,0.916515138991,0.));
#3413 = DEFINITIONAL_REPRESENTATION('',(#3414),#3418);
#3414 = LINE('',#3415,#3416);
#3415 = CARTESIAN_POINT('',(0.,2.617993877991));
#3416 = VECTOR('',#3417,1.);
#3417 = DIRECTION('',(1.,0.));
#3418 = ( GEOMETRIC_REPRESENTATION_CONTEXT(2) 
PARAMETRIC_REPRESENTATION_CONTEXT() REPRESENTATION_CONTEXT('2D SPACE',''
  ) );
#3419 = ADVANCED_FACE('',(#3420),#2198,.T.);
#3420 = FACE_BOUND('',#3421,.T.);
#3421 = EDGE_LOOP('',(#3422,#3442,#3443,#3444));
#3422 = ORIENTED_EDGE('',*,*,#3423,.T.);
#3423 = EDGE_CURVE('',#2181,#2747,#3424,.T.);
#3424 = SURFACE_CURVE('',#3425,(#3429,#3435),.PCURVE_S1.);
#3425 = ( BOUNDED_CURVE() B_SPLINE_CURVE(2,(#3426,#3427,#3428),
.UNSPECIFIED.,.F.,.F.) B_SPLINE_CURVE_WITH_KNOTS((3,3),(0.,
14.563634263782),.PIECEWISE_BEZIER_KNOTS.) CURVE() 
GEOMETRIC_REPRESENTATION_ITEM() RATIONAL_B_SPLINE_CURVE((1.,
0.965034215397,1.)) REPRESENTATION_ITEM('') );
#3426 = CARTESIAN_POINT('',(5.748862407208,5.749938938752,0.932105213701
    ));
#3427 = CARTESIAN_POINT('',(5.748862407208,5.749938938752,1.000010564078
    ));
#3428 = CARTESIAN_POINT('',(5.716965461605,5.762698847222,1.058584502026
    ));
#3429 = PCURVE('',#2198,#3430);
#3430 = DEFINITIONAL_REPRESENTATION('',(#3431),#3434);
#3431 = B_SPLINE_CURVE_WITH_KNOTS('',1,(#3432,#3433),.UNSPECIFIED.,.F.,
  .F.,(2,2),(0.,14.563634263782),.PIECEWISE_BEZIER_KNOTS.);
#3432 = CARTESIAN_POINT('',(0.,14.563634263782));
#3433 = CARTESIAN_POINT('',(5.926326529725E-03,14.563634263782));
#3434 = ( GEOMETRIC_REPRESENTATION_CONTEXT(2) 
PARAMETRIC_REPRESENTATION_CONTEXT() REPRESENTATION_CONTEXT('2D SPACE',''
  ) );
#3435 = PCURVE('',#2341,#3436);
#3436 = DEFINITIONAL_REPRESENTATION('',(#3437),#3441);
#3437 = LINE('',#3438,#3439);
#3438 = CARTESIAN_POINT('',(0.,14.563634263782));
#3439 = VECTOR('',#3440,1.);
#3440 = DIRECTION('',(1.,0.));
#3441 = ( GEOMETRIC_REPRESENTATION_CONTEXT(2) 
PARAMETRIC_REPRESENTATION_CONTEXT() REPRESENTATION_CONTEXT('2D SPACE',''
  ) );
#3442 = ORIENTED_EDGE('',*,*,#2776,.T.);
#3443 = ORIENTED_EDGE('',*,*,#2682,.F.);
#3444 = ORIENTED_EDGE('',*,*,#2180,.F.);
#3445 = ADVANCED_FACE('',(#3446),#2341,.T.);
#3446 = FACE_BOUND('',#3447,.T.);
#3447 = EDGE_LOOP('',(#3448,#3449,#3649,#3650));
#3448 = ORIENTED_EDGE('',*,*,#3343,.T.);
#3449 = ORIENTED_EDGE('',*,*,#3450,.T.);
#3450 = EDGE_CURVE('',#3225,#2747,#3451,.T.);
#3451 = SURFACE_CURVE('',#3452,(#3546,#3553),.PCURVE_S1.);
#3452 = ( BOUNDED_CURVE() B_SPLINE_CURVE(14,(#3453,#3454,#3455,#3456,
    #3457,#3458,#3459,#3460,#3461,#3462,#3463,#3464,#3465,#3466,#3467,
    #3468,#3469,#3470,#3471,#3472,#3473,#3474,#3475,#3476,#3477,#3478,
    #3479,#3480,#3481,#3482,#3483,#3484,#3485,#3486,#3487,#3488,#3489,
    #3490,#3491,#3492,#3493,#3494,#3495,#3496,#3497,#3498,#3499,#3500,
    #3501,#3502,#3503,#3504,#3505,#3506,#3507,#3508,#3509,#3510,#3511,
    #3512,#3513,#3514,#3515,#3516,#3517,#3518,#3519,#3520,#3521,#3522,
    #3523,#3524,#3525,#3526,#3527,#3528,#3529,#3530,#3531,#3532,#3533,
    #3534,#3535,#3536,#3537,#3538,#3539,#3540,#3541,#3542,#3543,#3544,
#3545),.UNSPECIFIED.,.F.,.F.) B_SPLINE_CURVE_WITH_KNOTS((15,13,13,13,13,
    13,13,15),(-1.686799709209E-14,0.227556785372,0.455113570743,
    0.910227141486,1.820454282973,3.640908565946,7.281817131891,
14.563634263782),.UNSPECIFIED.) CURVE() GEOMETRIC_REPRESENTATION_ITEM() 
RATIONAL_B_SPLINE_CURVE((1.,1.,1.,1.000000000001,0.999999999998,
    1.000000000004,0.999999999995,1.000000000006,0.999999999995,
    1.000000000004,0.999999999998,1.000000000001,1.,1.,1.,1.,
    0.999999999999,1.000000000002,0.999999999996,1.000000000004,
    0.999999999996,1.000000000003,0.999999999998,1.000000000001,1.,1.,1.
    ,1.,1.,1.,0.999999999999,1.000000000002,0.999999999998,
    1.000000000003,0.999999999997,1.000000000003,0.999999999998,
    1.000000000001,1.,1.,1.,0.999999999999,1.000000000002,0.999999999996
    ,1.000000000006,0.999999999993,1.000000000007,0.999999999994,
    1.000000000004,0.999999999998,1.000000000001,1.,1.,1.,1.,1.,
    0.999999999999,1.,1.,0.999999999999,1.000000000001,0.999999999999,1.
    ,1.,1.,1.,1.,1.000000000001,0.999999999997,1.000000000007,
    0.999999999987,1.000000000017,0.999999999981,1.000000000017,
    0.999999999988,1.000000000007,0.999999999997,1.000000000001,1.,1.,
    0.999999999999,1.000000000003,0.999999999993,1.000000000011,
    0.999999999985,1.000000000016,0.999999999986,1.00000000001,
    0.999999999994,1.000000000003,0.999999999999,1.,1.)) 
REPRESENTATION_ITEM('') );
#3453 = CARTESIAN_POINT('',(2.013397459622,4.613273131374,1.058012701892
    ));
#3454 = CARTESIAN_POINT('',(1.9984465913,4.619798225258,1.058012701892)
  );
#3455 = CARTESIAN_POINT('',(1.985745965365,4.625442928487,1.058012701892
    ));
#3456 = CARTESIAN_POINT('',(1.963556871358,4.635330461953,1.058012701893
    ));
#3457 = CARTESIAN_POINT('',(1.968801712971,4.633346590208,1.058012701891
    ));
#3458 = CARTESIAN_POINT('',(1.916459299081,4.656597620776,1.058012701895
    ));
#3459 = CARTESIAN_POINT('',(1.956477649556,4.639640885193,1.058012701889
    ));
#3460 = CARTESIAN_POINT('',(1.881585017396,4.672937197757,1.058012701895
    ));
#3461 = CARTESIAN_POINT('',(1.918840808565,4.657389712034,1.05801270189)
  );
#3462 = CARTESIAN_POINT('',(1.870634410259,4.679242767703,1.058012701893
    ));
#3463 = CARTESIAN_POINT('',(1.872874489055,4.679180952439,1.058012701892
    ));
#3464 = CARTESIAN_POINT('',(1.852753588965,4.688980032813,1.058012701892
    ));
#3465 = CARTESIAN_POINT('',(1.839827077318,4.695740971717,1.058012701892
    ));
#3466 = CARTESIAN_POINT('',(1.825458128956,4.70323316643,1.058012701892)
  );
#3467 = CARTESIAN_POINT('',(1.797111817033,4.718250049436,1.058012701892
    ));
#3468 = CARTESIAN_POINT('',(1.782981422898,4.725841579939,1.058012701892
    ));
#3469 = CARTESIAN_POINT('',(1.768894325179,4.733515911765,1.058012701892
    ));
#3470 = CARTESIAN_POINT('',(1.754851058475,4.741272757269,1.058012701892
    ));
#3471 = CARTESIAN_POINT('',(1.740852157367,4.749111828737,1.058012701892
    ));
#3472 = CARTESIAN_POINT('',(1.726898156467,4.757032838579,1.058012701892
    ));
#3473 = CARTESIAN_POINT('',(1.712989590341,4.765035499022,1.058012701892
    ));
#3474 = CARTESIAN_POINT('',(1.699126993611,4.773119522516,1.058012701892
    ));
#3475 = CARTESIAN_POINT('',(1.685310900841,4.781284621283,1.058012701892
    ));
#3476 = CARTESIAN_POINT('',(1.671541846648,4.789530507743,1.058012701892
    ));
#3477 = CARTESIAN_POINT('',(1.657820365606,4.797856894169,1.058012701892
    ));
#3478 = CARTESIAN_POINT('',(1.64414699232,4.806263492927,1.058012701892)
  );
#3479 = CARTESIAN_POINT('',(1.630522261376,4.814750016334,1.058012701892
    ));
#3480 = CARTESIAN_POINT('',(1.589795599355,4.840448497515,1.058012701892
    ));
#3481 = CARTESIAN_POINT('',(1.562841556833,4.857899834245,1.058012701892
    ));
#3482 = CARTESIAN_POINT('',(1.536088533749,4.875667388636,1.058012701892
    ));
#3483 = CARTESIAN_POINT('',(1.509540483988,4.893748362353,1.058012701893
    ));
#3484 = CARTESIAN_POINT('',(1.483201361572,4.912139957181,1.058012701891
    ));
#3485 = CARTESIAN_POINT('',(1.457075120268,4.930839374684,1.058012701893
    ));
#3486 = CARTESIAN_POINT('',(1.431165714239,4.949843816765,1.058012701891
    ));
#3487 = CARTESIAN_POINT('',(1.405477097131,4.969150484887,1.058012701894
    ));
#3488 = CARTESIAN_POINT('',(1.380013223162,4.988756581,1.058012701891));
#3489 = CARTESIAN_POINT('',(1.354778046011,5.008659306596,1.058012701893
    ));
#3490 = CARTESIAN_POINT('',(1.329775519788,5.028855863529,1.058012701892
    ));
#3491 = CARTESIAN_POINT('',(1.305009598315,5.049343453415,1.058012701893
    ));
#3492 = CARTESIAN_POINT('',(1.280484235571,5.070119277999,1.058012701893
    ));
#3493 = CARTESIAN_POINT('',(1.207641685262,5.133303060912,1.058012701893
    ));
#3494 = CARTESIAN_POINT('',(1.160055911086,5.176565151966,1.058012701894
    ));
#3495 = CARTESIAN_POINT('',(1.113475983998,5.220941655132,1.058012701895
    ));
#3496 = CARTESIAN_POINT('',(1.067930971737,5.266406702445,1.058012701896
    ));
#3497 = CARTESIAN_POINT('',(1.02344908868,5.312933715044,1.058012701897)
  );
#3498 = CARTESIAN_POINT('',(0.98005769591,5.360495403022,1.058012701899)
  );
#3499 = CARTESIAN_POINT('',(0.937783301116,5.409063765667,1.058012701901
    ));
#3500 = CARTESIAN_POINT('',(0.896651558727,5.458610091154,1.058012701905
    ));
#3501 = CARTESIAN_POINT('',(0.856687269752,5.509104956871,1.05801270191)
  );
#3502 = CARTESIAN_POINT('',(0.817914381948,5.560518229128,1.058012701918
    ));
#3503 = CARTESIAN_POINT('',(0.780355989666,5.612819063376,1.058012701929
    ));
#3504 = CARTESIAN_POINT('',(0.744034333973,5.665975904069,1.058012701943
    ));
#3505 = CARTESIAN_POINT('',(0.70897080257,5.719956484735,1.058012701963)
  );
#3506 = CARTESIAN_POINT('',(0.607616184374,5.88427051438,1.058012702041)
  );
#3507 = CARTESIAN_POINT('',(0.54515714824,5.996988501127,1.058012702256)
  );
#3508 = CARTESIAN_POINT('',(0.487974810035,6.112609631101,1.058012702525
    ));
#3509 = CARTESIAN_POINT('',(0.436218388498,6.230857604435,1.058012702789
    ));
#3510 = CARTESIAN_POINT('',(0.390020332715,6.35145197857,1.05801270303)
  );
#3511 = CARTESIAN_POINT('',(0.349496321708,6.474108168096,1.058012703283
    ));
#3512 = CARTESIAN_POINT('',(0.314745265112,6.598537445004,1.05801270362)
  );
#3513 = CARTESIAN_POINT('',(0.285849302233,6.724446938345,1.058012704172
    ));
#3514 = CARTESIAN_POINT('',(0.262873803162,6.851539634624,1.058012705102
    ));
#3515 = CARTESIAN_POINT('',(0.245867367652,6.979514377412,1.058012706632
    ));
#3516 = CARTESIAN_POINT('',(0.234861826082,7.108065867672,1.058012709021
    ));
#3517 = CARTESIAN_POINT('',(0.229872238757,7.236884663525,1.05801271258)
  );
#3518 = CARTESIAN_POINT('',(0.230896896333,7.365657180393,1.058012717664
    ));
#3519 = CARTESIAN_POINT('',(0.251958166151,7.750882711988,1.058012738697
    ));
#3520 = CARTESIAN_POINT('',(0.28993273463,8.006331845296,1.05801278634)
  );
#3521 = CARTESIAN_POINT('',(0.351744071388,8.257899494804,1.058012838007
    ));
#3522 = CARTESIAN_POINT('',(0.43695823787,8.503132764924,1.058012888787)
  );
#3523 = CARTESIAN_POINT('',(0.544833384987,8.739663107972,1.058012955142
    ));
#3524 = CARTESIAN_POINT('',(0.674348827069,8.965229971717,1.05801307159)
  );
#3525 = CARTESIAN_POINT('',(0.824234116603,9.177704446856,1.058013287397
    ));
#3526 = CARTESIAN_POINT('',(0.992998117728,9.375112914439,1.058013663261
    ));
#3527 = CARTESIAN_POINT('',(1.178958081401,9.555660693549,1.058014268002
    ));
#3528 = CARTESIAN_POINT('',(1.380268718644,9.717755688515,1.058015175247
    ));
#3529 = CARTESIAN_POINT('',(1.594951275673,9.860032036719,1.058016460118
    ));
#3530 = CARTESIAN_POINT('',(1.820922607459,9.981373755818,1.058018195921
    ));
#3531 = CARTESIAN_POINT('',(2.056024252388,10.080938391427,
    1.058020450828));
#3532 = CARTESIAN_POINT('',(2.782106014073,10.312665210675,
    1.058028952059));
#3533 = CARTESIAN_POINT('',(3.293900644516,10.377757392839,
    1.058037140244));
#3534 = CARTESIAN_POINT('',(3.816320028608,10.347790004292,
    1.058046020974));
#3535 = CARTESIAN_POINT('',(4.33068300187,10.222163791817,1.058057331181
    ));
#3536 = CARTESIAN_POINT('',(4.819775551845,10.002374684651,
    1.058067243432));
#3537 = CARTESIAN_POINT('',(5.266276876017,9.69224296213,1.058067430973)
  );
#3538 = CARTESIAN_POINT('',(5.651754486108,9.299506983992,1.058051067292
    ));
#3539 = CARTESIAN_POINT('',(5.957972410281,8.837250575214,1.058019096552
    ));
#3540 = CARTESIAN_POINT('',(6.169933462526,8.324083426578,1.057983343869
    ));
#3541 = CARTESIAN_POINT('',(6.27886226646,7.782587958294,1.057964903313)
  );
#3542 = CARTESIAN_POINT('',(6.283230238035,7.236283981166,1.057988746633
    ));
#3543 = CARTESIAN_POINT('',(6.186927052381,6.706244191292,1.058078637174
    ));
#3544 = CARTESIAN_POINT('',(5.995795237801,6.209519041233,1.058260211099
    ));
#3545 = CARTESIAN_POINT('',(5.716965461605,5.762698847222,1.058584502026
    ));
#3546 = PCURVE('',#2341,#3547);
#3547 = DEFINITIONAL_REPRESENTATION('',(#3548),#3552);
#3548 = LINE('',#3549,#3550);
#3549 = CARTESIAN_POINT('',(14.563634263782,0.));
#3550 = VECTOR('',#3551,1.);
#3551 = DIRECTION('',(0.,1.));
#3552 = ( GEOMETRIC_REPRESENTATION_CONTEXT(2) 
PARAMETRIC_REPRESENTATION_CONTEXT() REPRESENTATION_CONTEXT('2D SPACE',''
  ) );
#3553 = PCURVE('',#2764,#3554);
#3554 = DEFINITIONAL_REPRESENTATION('',(#3555),#3648);
#3555 = B_SPLINE_CURVE_WITH_KNOTS('',11,(#3556,#3557,#3558,#3559,#3560,
    #3561,#3562,#3563,#3564,#3565,#3566,#3567,#3568,#3569,#3570,#3571,
    #3572,#3573,#3574,#3575,#3576,#3577,#3578,#3579,#3580,#3581,#3582,
    #3583,#3584,#3585,#3586,#3587,#3588,#3589,#3590,#3591,#3592,#3593,
    #3594,#3595,#3596,#3597,#3598,#3599,#3600,#3601,#3602,#3603,#3604,
    #3605,#3606,#3607,#3608,#3609,#3610,#3611,#3612,#3613,#3614,#3615,
    #3616,#3617,#3618,#3619,#3620,#3621,#3622,#3623,#3624,#3625,#3626,
    #3627,#3628,#3629,#3630,#3631,#3632,#3633,#3634,#3635,#3636,#3637,
    #3638,#3639,#3640,#3641,#3642,#3643,#3644,#3645,#3646,#3647),
  .UNSPECIFIED.,.F.,.F.,(12,10,10,10,10,10,10,10,10,12),(
    -1.686799709209E-14,0.113778392686,0.227556785372,0.455113570743,
    0.910227141486,1.820454282973,3.640908565946,7.281817131891,
    10.922725697837,14.563634263782),.UNSPECIFIED.);
#3556 = CARTESIAN_POINT('',(-8.673617379884E-15,-5.801270189222E-02));
#3557 = CARTESIAN_POINT('',(3.499345678685E-03,-5.801270189222E-02));
#3558 = CARTESIAN_POINT('',(6.664649971572E-03,-5.80127018922E-02));
#3559 = CARTESIAN_POINT('',(1.066047733743E-02,-5.801270189231E-02));
#3560 = CARTESIAN_POINT('',(1.341403566756E-02,-5.801270189208E-02));
#3561 = CARTESIAN_POINT('',(1.739161647875E-02,-5.801270189233E-02));
#3562 = CARTESIAN_POINT('',(2.053038815475E-02,-5.801270189215E-02));
#3563 = CARTESIAN_POINT('',(2.411314249628E-02,-5.801270189228E-02));
#3564 = CARTESIAN_POINT('',(2.748616949266E-02,-5.801270189219E-02));
#3565 = CARTESIAN_POINT('',(3.094196131931E-02,-5.801270189222E-02));
#3566 = CARTESIAN_POINT('',(3.438040848907E-02,-5.801270189221E-02));
#3567 = CARTESIAN_POINT('',(4.125998272146E-02,-5.801270189222E-02));
#3568 = CARTESIAN_POINT('',(4.46944818165E-02,-5.801270189222E-02));
#3569 = CARTESIAN_POINT('',(4.815675937182E-02,-5.801270189223E-02));
#3570 = CARTESIAN_POINT('',(5.152572445772E-02,-5.801270189221E-02));
#3571 = CARTESIAN_POINT('',(5.506242058789E-02,-5.801270189224E-02));
#3572 = CARTESIAN_POINT('',(5.847573352251E-02,-5.801270189222E-02));
#3573 = CARTESIAN_POINT('',(6.182715643973E-02,-5.80127018922E-02));
#3574 = CARTESIAN_POINT('',(6.539015690737E-02,-5.80127018922E-02));
#3575 = CARTESIAN_POINT('',(6.876146278088E-02,-5.801270189224E-02));
#3576 = CARTESIAN_POINT('',(7.221756145804E-02,-5.801270189222E-02));
#3577 = CARTESIAN_POINT('',(8.253954850892E-02,-5.801270189222E-02));
#3578 = CARTESIAN_POINT('',(8.942149179188E-02,-5.801270189221E-02));
#3579 = CARTESIAN_POINT('',(9.630404096478E-02,-5.801270189225E-02));
#3580 = CARTESIAN_POINT('',(0.103187183335,-5.801270189217E-02));
#3581 = CARTESIAN_POINT('',(0.11007090621,-5.801270189229E-02));
#3582 = CARTESIAN_POINT('',(0.116955196897,-5.801270189216E-02));
#3583 = CARTESIAN_POINT('',(0.123840042704,-5.801270189227E-02));
#3584 = CARTESIAN_POINT('',(0.130725430938,-5.80127018922E-02));
#3585 = CARTESIAN_POINT('',(0.137611348907,-5.801270189223E-02));
#3586 = CARTESIAN_POINT('',(0.144497783919,-5.801270189222E-02));
#3587 = CARTESIAN_POINT('',(0.165158602001,-5.801270189221E-02));
#3588 = CARTESIAN_POINT('',(0.178934482568,-5.801270189219E-02));
#3589 = CARTESIAN_POINT('',(0.19271228171,-5.801270189219E-02));
#3590 = CARTESIAN_POINT('',(0.206491916156,-5.801270189217E-02));
#3591 = CARTESIAN_POINT('',(0.220273302635,-5.801270189219E-02));
#3592 = CARTESIAN_POINT('',(0.234056357876,-5.80127018922E-02));
#3593 = CARTESIAN_POINT('',(0.247840998609,-5.801270189224E-02));
#3594 = CARTESIAN_POINT('',(0.261627141563,-5.801270189232E-02));
#3595 = CARTESIAN_POINT('',(0.275414703467,-5.801270189242E-02));
#3596 = CARTESIAN_POINT('',(0.289203601051,-5.801270189256E-02));
#3597 = CARTESIAN_POINT('',(0.330574051026,-5.801270189312E-02));
#3598 = CARTESIAN_POINT('',(0.358159466172,-5.801270189416E-02));
#3599 = CARTESIAN_POINT('',(0.385749369152,-5.801270189548E-02));
#3600 = CARTESIAN_POINT('',(0.413343189606,-5.801270189708E-02));
#3601 = CARTESIAN_POINT('',(0.440940414138,-5.801270189925E-02));
#3602 = CARTESIAN_POINT('',(0.468540586322,-5.801270190274E-02));
#3603 = CARTESIAN_POINT('',(0.496143306694,-5.801270190856E-02));
#3604 = CARTESIAN_POINT('',(0.523748232761,-5.801270191815E-02));
#3605 = CARTESIAN_POINT('',(0.551355078994,-5.801270193328E-02));
#3606 = CARTESIAN_POINT('',(0.578963616831,-5.801270195608E-02));
#3607 = CARTESIAN_POINT('',(0.661793790367,-5.801270205499E-02));
#3608 = CARTESIAN_POINT('',(0.717018409448,-5.801270239039E-02));
#3609 = CARTESIAN_POINT('',(0.772253728654,-5.801270275738E-02));
#3610 = CARTESIAN_POINT('',(0.827481058346,-5.801270305907E-02));
#3611 = CARTESIAN_POINT('',(0.882696165583,-5.801270333848E-02));
#3612 = CARTESIAN_POINT('',(0.937906826943,-5.801270377958E-02));
#3613 = CARTESIAN_POINT('',(0.993119005961,-5.801270470613E-02));
#3614 = CARTESIAN_POINT('',(1.048329577625,-5.801270658338E-02));
#3615 = CARTESIAN_POINT('',(1.10353102973,-5.801271001661E-02));
#3616 = CARTESIAN_POINT('',(1.158721078456,-5.801271575191E-02));
#3617 = CARTESIAN_POINT('',(1.324250771897,-5.801274252239E-02));
#3618 = CARTESIAN_POINT('',(1.434541519378,-5.801281600755E-02));
#3619 = CARTESIAN_POINT('',(1.544793483157,-5.801287979423E-02));
#3620 = CARTESIAN_POINT('',(1.65484086408,-5.80129435595E-02));
#3621 = CARTESIAN_POINT('',(1.764839645112,-5.801307737107E-02));
#3622 = CARTESIAN_POINT('',(1.874695029595,-5.801339721216E-02));
#3623 = CARTESIAN_POINT('',(1.984327006766,-5.801405167068E-02));
#3624 = CARTESIAN_POINT('',(2.09379379444,-5.801520644158E-02));
#3625 = CARTESIAN_POINT('',(2.203039259961,-5.801702904006E-02));
#3626 = CARTESIAN_POINT('',(2.312142277252,-5.801967797681E-02));
#3627 = CARTESIAN_POINT('',(2.530138476565,-5.802689116727E-02));
#3628 = CARTESIAN_POINT('',(2.639029663772,-5.803152829944E-02));
#3629 = CARTESIAN_POINT('',(2.747880026501,-5.803674107017E-02));
#3630 = CARTESIAN_POINT('',(2.856758486279,-5.804263766315E-02));
#3631 = CARTESIAN_POINT('',(2.965755662252,-5.80488334315E-02));
#3632 = CARTESIAN_POINT('',(3.074976902774,-5.805422231013E-02));
#3633 = CARTESIAN_POINT('',(3.184520733055,-5.805730588102E-02));
#3634 = CARTESIAN_POINT('',(3.294453967288,-5.805681041752E-02));
#3635 = CARTESIAN_POINT('',(3.404794733784,-5.805232223574E-02));
#3636 = CARTESIAN_POINT('',(3.515514661575,-5.804467167933E-02));
#3637 = CARTESIAN_POINT('',(3.737628292323,-5.802692045121E-02));
#3638 = CARTESIAN_POINT('',(3.849020646488,-5.80168294504E-02));
#3639 = CARTESIAN_POINT('',(3.960704505632,-5.800753336227E-02));
#3640 = CARTESIAN_POINT('',(4.072602890073,-5.800223628405E-02));
#3641 = CARTESIAN_POINT('',(4.184637126635,-5.800551280132E-02));
#3642 = CARTESIAN_POINT('',(4.296728771725,-5.802315265792E-02));
#3643 = CARTESIAN_POINT('',(4.40881262858,-5.806176944889E-02));
#3644 = CARTESIAN_POINT('',(4.520875085582,-5.812843665459E-02));
#3645 = CARTESIAN_POINT('',(4.633005803579,-5.823078158425E-02));
#3646 = CARTESIAN_POINT('',(4.745424583647,-5.837813507248E-02));
#3647 = CARTESIAN_POINT('',(4.858419048091,-5.85845020258E-02));
#3648 = ( GEOMETRIC_REPRESENTATION_CONTEXT(2) 
PARAMETRIC_REPRESENTATION_CONTEXT() REPRESENTATION_CONTEXT('2D SPACE',''
  ) );
#3649 = ORIENTED_EDGE('',*,*,#3423,.F.);
#3650 = ORIENTED_EDGE('',*,*,#2218,.F.);
#3651 = ADVANCED_FACE('',(#3652),#2764,.T.);
#3652 = FACE_BOUND('',#3653,.F.);
#3653 = EDGE_LOOP('',(#3654,#3655,#3656,#3657));
#3654 = ORIENTED_EDGE('',*,*,#3370,.F.);
#3655 = ORIENTED_EDGE('',*,*,#3450,.T.);
#3656 = ORIENTED_EDGE('',*,*,#2746,.T.);
#3657 = ORIENTED_EDGE('',*,*,#3658,.F.);
#3658 = EDGE_CURVE('',#3371,#2749,#3659,.T.);
#3659 = SURFACE_CURVE('',#3660,(#3665,#3672),.PCURVE_S1.);
#3660 = CIRCLE('',#3661,2.494818514459);
#3661 = AXIS2_PLACEMENT_3D('',#3662,#3663,#3664);
#3662 = CARTESIAN_POINT('',(3.2,7.332121111929,1.875));
#3663 = DIRECTION('',(-0.,0.,-1.));
#3664 = DIRECTION('',(-0.4,-0.916515138991,0.));
#3665 = PCURVE('',#2764,#3666);
#3666 = DEFINITIONAL_REPRESENTATION('',(#3667),#3671);
#3667 = LINE('',#3668,#3669);
#3668 = CARTESIAN_POINT('',(5.340138458284E-16,-0.875));
#3669 = VECTOR('',#3670,1.);
#3670 = DIRECTION('',(1.,-0.));
#3671 = ( GEOMETRIC_REPRESENTATION_CONTEXT(2) 
PARAMETRIC_REPRESENTATION_CONTEXT() REPRESENTATION_CONTEXT('2D SPACE',''
  ) );
#3672 = PCURVE('',#3673,#3678);
#3673 = TOROIDAL_SURFACE('',#3674,2.278312163513,0.25);
#3674 = AXIS2_PLACEMENT_3D('',#3675,#3676,#3677);
#3675 = CARTESIAN_POINT('',(3.2,7.332121111929,1.75));
#3676 = DIRECTION('',(-0.,-0.,-1.));
#3677 = DIRECTION('',(-0.4,-0.916515138991,0.));
#3678 = DEFINITIONAL_REPRESENTATION('',(#3679),#3683);
#3679 = LINE('',#3680,#3681);
#3680 = CARTESIAN_POINT('',(0.,5.759586531581));
#3681 = VECTOR('',#3682,1.);
#3682 = DIRECTION('',(1.,0.));
#3683 = ( GEOMETRIC_REPRESENTATION_CONTEXT(2) 
PARAMETRIC_REPRESENTATION_CONTEXT() REPRESENTATION_CONTEXT('2D SPACE',''
  ) );
#3684 = ADVANCED_FACE('',(#3685),#2839,.T.);
#3685 = FACE_BOUND('',#3686,.T.);
#3686 = EDGE_LOOP('',(#3687,#3711,#3735,#3757));
#3687 = ORIENTED_EDGE('',*,*,#3688,.F.);
#3688 = EDGE_CURVE('',#3689,#2749,#3691,.T.);
#3689 = VERTEX_POINT('',#3690);
#3690 = CARTESIAN_POINT('',(5.133274558609,6.126651993518,2.));
#3691 = SURFACE_CURVE('',#3692,(#3697,#3704),.PCURVE_S1.);
#3692 = CIRCLE('',#3693,0.25);
#3693 = AXIS2_PLACEMENT_3D('',#3694,#3695,#3696);
#3694 = CARTESIAN_POINT('',(5.133274558609,6.126651993518,1.75));
#3695 = DIRECTION('',(0.529106211922,0.848555606019,0.));
#3696 = DIRECTION('',(0.848555606019,-0.529106211922,0.));
#3697 = PCURVE('',#2839,#3698);
#3698 = DEFINITIONAL_REPRESENTATION('',(#3699),#3703);
#3699 = LINE('',#3700,#3701);
#3700 = CARTESIAN_POINT('',(0.,-3.14159265359));
#3701 = VECTOR('',#3702,1.);
#3702 = DIRECTION('',(0.,1.));
#3703 = ( GEOMETRIC_REPRESENTATION_CONTEXT(2) 
PARAMETRIC_REPRESENTATION_CONTEXT() REPRESENTATION_CONTEXT('2D SPACE',''
  ) );
#3704 = PCURVE('',#3673,#3705);
#3705 = DEFINITIONAL_REPRESENTATION('',(#3706),#3710);
#3706 = LINE('',#3707,#3708);
#3707 = CARTESIAN_POINT('',(4.858419048091,0.));
#3708 = VECTOR('',#3709,1.);
#3709 = DIRECTION('',(0.,1.));
#3710 = ( GEOMETRIC_REPRESENTATION_CONTEXT(2) 
PARAMETRIC_REPRESENTATION_CONTEXT() REPRESENTATION_CONTEXT('2D SPACE',''
  ) );
#3711 = ORIENTED_EDGE('',*,*,#3712,.T.);
#3712 = EDGE_CURVE('',#3689,#3713,#3715,.T.);
#3713 = VERTEX_POINT('',#3714);
#3714 = CARTESIAN_POINT('',(5.230172759512,3.101672831808,2.));
#3715 = SURFACE_CURVE('',#3716,(#3721,#3728),.PCURVE_S1.);
#3716 = CIRCLE('',#3717,2.721687836487);
#3717 = AXIS2_PLACEMENT_3D('',#3718,#3719,#3720);
#3718 = CARTESIAN_POINT('',(7.442778030093,4.68659005232,2.));
#3719 = DIRECTION('',(0.,0.,1.));
#3720 = DIRECTION('',(-0.848555606019,0.529106211922,0.));
#3721 = PCURVE('',#2839,#3722);
#3722 = DEFINITIONAL_REPRESENTATION('',(#3723),#3727);
#3723 = LINE('',#3724,#3725);
#3724 = CARTESIAN_POINT('',(0.,1.570796326795));
#3725 = VECTOR('',#3726,1.);
#3726 = DIRECTION('',(1.,0.));
#3727 = ( GEOMETRIC_REPRESENTATION_CONTEXT(2) 
PARAMETRIC_REPRESENTATION_CONTEXT() REPRESENTATION_CONTEXT('2D SPACE',''
  ) );
#3728 = PCURVE('',#3130,#3729);
#3729 = DEFINITIONAL_REPRESENTATION('',(#3730),#3734);
#3730 = CIRCLE('',#3731,2.721687836487);
#3731 = AXIS2_PLACEMENT_2D('',#3732,#3733);
#3732 = CARTESIAN_POINT('',(7.442778030093,2.648006651217));
#3733 = DIRECTION('',(-0.848555606019,0.529106211922));
#3734 = ( GEOMETRIC_REPRESENTATION_CONTEXT(2) 
PARAMETRIC_REPRESENTATION_CONTEXT() REPRESENTATION_CONTEXT('2D SPACE',''
  ) );
#3735 = ORIENTED_EDGE('',*,*,#3736,.T.);
#3736 = EDGE_CURVE('',#3713,#2802,#3737,.T.);
#3737 = SURFACE_CURVE('',#3738,(#3743,#3750),.PCURVE_S1.);
#3738 = CIRCLE('',#3739,0.25);
#3739 = AXIS2_PLACEMENT_3D('',#3740,#3741,#3742);
#3740 = CARTESIAN_POINT('',(5.230172759512,3.101672831808,1.75));
#3741 = DIRECTION('',(-0.582328803202,0.812953359647,0.));
#3742 = DIRECTION('',(-0.812953359647,-0.582328803202,0.));
#3743 = PCURVE('',#2839,#3744);
#3744 = DEFINITIONAL_REPRESENTATION('',(#3745),#3749);
#3745 = LINE('',#3746,#3747);
#3746 = CARTESIAN_POINT('',(1.179137296233,0.));
#3747 = VECTOR('',#3748,1.);
#3748 = DIRECTION('',(0.,1.));
#3749 = ( GEOMETRIC_REPRESENTATION_CONTEXT(2) 
PARAMETRIC_REPRESENTATION_CONTEXT() REPRESENTATION_CONTEXT('2D SPACE',''
  ) );
#3750 = PCURVE('',#2894,#3751);
#3751 = DEFINITIONAL_REPRESENTATION('',(#3752),#3756);
#3752 = LINE('',#3753,#3754);
#3753 = CARTESIAN_POINT('',(0.,3.14159265359));
#3754 = VECTOR('',#3755,1.);
#3755 = DIRECTION('',(0.,1.));
#3756 = ( GEOMETRIC_REPRESENTATION_CONTEXT(2) 
PARAMETRIC_REPRESENTATION_CONTEXT() REPRESENTATION_CONTEXT('2D SPACE',''
  ) );
#3757 = ORIENTED_EDGE('',*,*,#2824,.F.);
#3758 = ADVANCED_FACE('',(#3759),#2894,.T.);
#3759 = FACE_BOUND('',#3760,.T.);
#3760 = EDGE_LOOP('',(#3761,#3762,#3790,#3812));
#3761 = ORIENTED_EDGE('',*,*,#3736,.F.);
#3762 = ORIENTED_EDGE('',*,*,#3763,.T.);
#3763 = EDGE_CURVE('',#3713,#3764,#3766,.T.);
#3764 = VERTEX_POINT('',#3765);
#3765 = CARTESIAN_POINT('',(4.440892098501E-16,-7.078312163513,2.));
#3766 = SURFACE_CURVE('',#3767,(#3772,#3779),.PCURVE_S1.);
#3767 = CIRCLE('',#3768,6.433545906969);
#3768 = AXIS2_PLACEMENT_3D('',#3769,#3770,#3771);
#3769 = CARTESIAN_POINT('',(0.,-0.644766256544,2.));
#3770 = DIRECTION('',(0.,0.,-1.));
#3771 = DIRECTION('',(0.812953359647,0.582328803202,0.));
#3772 = PCURVE('',#2894,#3773);
#3773 = DEFINITIONAL_REPRESENTATION('',(#3774),#3778);
#3774 = LINE('',#3775,#3776);
#3775 = CARTESIAN_POINT('',(0.,4.712388980385));
#3776 = VECTOR('',#3777,1.);
#3777 = DIRECTION('',(1.,0.));
#3778 = ( GEOMETRIC_REPRESENTATION_CONTEXT(2) 
PARAMETRIC_REPRESENTATION_CONTEXT() REPRESENTATION_CONTEXT('2D SPACE',''
  ) );
#3779 = PCURVE('',#3130,#3780);
#3780 = DEFINITIONAL_REPRESENTATION('',(#3781),#3789);
#3781 = ( BOUNDED_CURVE() B_SPLINE_CURVE(2,(#3782,#3783,#3784,#3785,
#3786,#3787,#3788),.UNSPECIFIED.,.T.,.F.) B_SPLINE_CURVE_WITH_KNOTS((1,2
    ,2,2,2,1),(-2.094395102393,0.,2.094395102393,4.188790204786,
6.28318530718,8.377580409573),.UNSPECIFIED.) CURVE() 
GEOMETRIC_REPRESENTATION_ITEM() RATIONAL_B_SPLINE_CURVE((1.,0.5,1.,0.5,
1.,0.5,1.)) REPRESENTATION_ITEM('') );
#3782 = CARTESIAN_POINT('',(5.230172759512,1.063089430705));
#3783 = CARTESIAN_POINT('',(11.719195608,-7.995835521132));
#3784 = CARTESIAN_POINT('',(0.629425044489,-9.086031677742));
#3785 = CARTESIAN_POINT('',(-10.46034551902,-10.17622783435));
#3786 = CARTESIAN_POINT('',(-5.859597804,-2.710672590516E-02));
#3787 = CARTESIAN_POINT('',(-1.258850088977,10.122014382542));
#3788 = CARTESIAN_POINT('',(5.230172759512,1.063089430705));
#3789 = ( GEOMETRIC_REPRESENTATION_CONTEXT(2) 
PARAMETRIC_REPRESENTATION_CONTEXT() REPRESENTATION_CONTEXT('2D SPACE',''
  ) );
#3790 = ORIENTED_EDGE('',*,*,#3791,.T.);
#3791 = EDGE_CURVE('',#3764,#2857,#3792,.T.);
#3792 = SURFACE_CURVE('',#3793,(#3798,#3805),.PCURVE_S1.);
#3793 = CIRCLE('',#3794,0.25);
#3794 = AXIS2_PLACEMENT_3D('',#3795,#3796,#3797);
#3795 = CARTESIAN_POINT('',(0.,-7.078312163513,1.75));
#3796 = DIRECTION('',(1.,0.,0.));
#3797 = DIRECTION('',(0.,-1.,0.));
#3798 = PCURVE('',#2894,#3799);
#3799 = DEFINITIONAL_REPRESENTATION('',(#3800),#3804);
#3800 = LINE('',#3801,#3802);
#3801 = CARTESIAN_POINT('',(2.192386709254,0.));
#3802 = VECTOR('',#3803,1.);
#3803 = DIRECTION('',(0.,1.));
#3804 = ( GEOMETRIC_REPRESENTATION_CONTEXT(2) 
PARAMETRIC_REPRESENTATION_CONTEXT() REPRESENTATION_CONTEXT('2D SPACE',''
  ) );
#3805 = PCURVE('',#2927,#3806);
#3806 = DEFINITIONAL_REPRESENTATION('',(#3807),#3811);
#3807 = LINE('',#3808,#3809);
#3808 = CARTESIAN_POINT('',(-6.123233995737E-17,0.));
#3809 = VECTOR('',#3810,1.);
#3810 = DIRECTION('',(0.,1.));
#3811 = ( GEOMETRIC_REPRESENTATION_CONTEXT(2) 
PARAMETRIC_REPRESENTATION_CONTEXT() REPRESENTATION_CONTEXT('2D SPACE',''
  ) );
#3812 = ORIENTED_EDGE('',*,*,#2879,.F.);
#3813 = ADVANCED_FACE('',(#3814),#2927,.T.);
#3814 = FACE_BOUND('',#3815,.T.);
#3815 = EDGE_LOOP('',(#3816,#3817,#3843,#3844));
#3816 = ORIENTED_EDGE('',*,*,#3791,.F.);
#3817 = ORIENTED_EDGE('',*,*,#3818,.T.);
#3818 = EDGE_CURVE('',#3764,#3090,#3819,.T.);
#3819 = SURFACE_CURVE('',#3820,(#3825,#3832),.PCURVE_S1.);
#3820 = CIRCLE('',#3821,6.433545906969);
#3821 = AXIS2_PLACEMENT_3D('',#3822,#3823,#3824);
#3822 = CARTESIAN_POINT('',(0.,-0.644766256544,2.));
#3823 = DIRECTION('',(-0.,0.,-1.));
#3824 = DIRECTION('',(-2.449293598295E-16,-1.,0.));
#3825 = PCURVE('',#2927,#3826);
#3826 = DEFINITIONAL_REPRESENTATION('',(#3827),#3831);
#3827 = LINE('',#3828,#3829);
#3828 = CARTESIAN_POINT('',(0.,4.712388980385));
#3829 = VECTOR('',#3830,1.);
#3830 = DIRECTION('',(1.,0.));
#3831 = ( GEOMETRIC_REPRESENTATION_CONTEXT(2) 
PARAMETRIC_REPRESENTATION_CONTEXT() REPRESENTATION_CONTEXT('2D SPACE',''
  ) );
#3832 = PCURVE('',#3130,#3833);
#3833 = DEFINITIONAL_REPRESENTATION('',(#3834),#3842);
#3834 = ( BOUNDED_CURVE() B_SPLINE_CURVE(2,(#3835,#3836,#3837,#3838,
#3839,#3840,#3841),.UNSPECIFIED.,.T.,.F.) B_SPLINE_CURVE_WITH_KNOTS((1,2
    ,2,2,2,1),(-2.094395102393,0.,2.094395102393,4.188790204786,
6.28318530718,8.377580409573),.UNSPECIFIED.) CURVE() 
GEOMETRIC_REPRESENTATION_ITEM() RATIONAL_B_SPLINE_CURVE((1.,0.5,1.,0.5,
1.,0.5,1.)) REPRESENTATION_ITEM('') );
#3835 = CARTESIAN_POINT('',(-1.143357028365E-15,-9.116895564616));
#3836 = CARTESIAN_POINT('',(-11.14322838369,-9.116895564616));
#3837 = CARTESIAN_POINT('',(-5.571614191848,0.533423295837));
#3838 = CARTESIAN_POINT('',(2.008171532489E-15,10.18374215629));
#3839 = CARTESIAN_POINT('',(5.571614191848,0.533423295837));
#3840 = CARTESIAN_POINT('',(11.143228383697,-9.116895564616));
#3841 = CARTESIAN_POINT('',(-1.143357028365E-15,-9.116895564616));
#3842 = ( GEOMETRIC_REPRESENTATION_CONTEXT(2) 
PARAMETRIC_REPRESENTATION_CONTEXT() REPRESENTATION_CONTEXT('2D SPACE',''
  ) );
#3843 = ORIENTED_EDGE('',*,*,#3089,.T.);
#3844 = ORIENTED_EDGE('',*,*,#2912,.F.);
#3845 = ADVANCED_FACE('',(#3846),#3011,.F.);
#3846 = FACE_BOUND('',#3847,.T.);
#3847 = EDGE_LOOP('',(#3848,#3871,#3898,#3899));
#3848 = ORIENTED_EDGE('',*,*,#3849,.T.);
#3849 = EDGE_CURVE('',#2971,#3850,#3852,.T.);
#3850 = VERTEX_POINT('',#3851);
#3851 = CARTESIAN_POINT('',(-2.2,7.332121111929,1.75));
#3852 = SEAM_CURVE('',#3853,(#3857,#3864),.PCURVE_S1.);
#3853 = LINE('',#3854,#3855);
#3854 = CARTESIAN_POINT('',(-2.2,7.332121111929,0.));
#3855 = VECTOR('',#3856,1.);
#3856 = DIRECTION('',(0.,0.,1.));
#3857 = PCURVE('',#3011,#3858);
#3858 = DEFINITIONAL_REPRESENTATION('',(#3859),#3863);
#3859 = LINE('',#3860,#3861);
#3860 = CARTESIAN_POINT('',(-0.,0.));
#3861 = VECTOR('',#3862,1.);
#3862 = DIRECTION('',(-0.,-1.));
#3863 = ( GEOMETRIC_REPRESENTATION_CONTEXT(2) 
PARAMETRIC_REPRESENTATION_CONTEXT() REPRESENTATION_CONTEXT('2D SPACE',''
  ) );
#3864 = PCURVE('',#3011,#3865);
#3865 = DEFINITIONAL_REPRESENTATION('',(#3866),#3870);
#3866 = LINE('',#3867,#3868);
#3867 = CARTESIAN_POINT('',(-6.28318530718,0.));
#3868 = VECTOR('',#3869,1.);
#3869 = DIRECTION('',(-0.,-1.));
#3870 = ( GEOMETRIC_REPRESENTATION_CONTEXT(2) 
PARAMETRIC_REPRESENTATION_CONTEXT() REPRESENTATION_CONTEXT('2D SPACE',''
  ) );
#3871 = ORIENTED_EDGE('',*,*,#3872,.T.);
#3872 = EDGE_CURVE('',#3850,#3850,#3873,.T.);
#3873 = SURFACE_CURVE('',#3874,(#3879,#3886),.PCURVE_S1.);
#3874 = CIRCLE('',#3875,1.);
#3875 = AXIS2_PLACEMENT_3D('',#3876,#3877,#3878);
#3876 = CARTESIAN_POINT('',(-3.2,7.332121111929,1.75));
#3877 = DIRECTION('',(0.,-0.,1.));
#3878 = DIRECTION('',(1.,8.881784197001E-16,0.));
#3879 = PCURVE('',#3011,#3880);
#3880 = DEFINITIONAL_REPRESENTATION('',(#3881),#3885);
#3881 = LINE('',#3882,#3883);
#3882 = CARTESIAN_POINT('',(-0.,-1.75));
#3883 = VECTOR('',#3884,1.);
#3884 = DIRECTION('',(-1.,0.));
#3885 = ( GEOMETRIC_REPRESENTATION_CONTEXT(2) 
PARAMETRIC_REPRESENTATION_CONTEXT() REPRESENTATION_CONTEXT('2D SPACE',''
  ) );
#3886 = PCURVE('',#3887,#3892);
#3887 = TOROIDAL_SURFACE('',#3888,1.25,0.25);
#3888 = AXIS2_PLACEMENT_3D('',#3889,#3890,#3891);
#3889 = CARTESIAN_POINT('',(-3.2,7.332121111929,1.75));
#3890 = DIRECTION('',(0.,0.,1.));
#3891 = DIRECTION('',(1.,8.881784197001E-16,0.));
#3892 = DEFINITIONAL_REPRESENTATION('',(#3893),#3897);
#3893 = LINE('',#3894,#3895);
#3894 = CARTESIAN_POINT('',(0.,3.14159265359));
#3895 = VECTOR('',#3896,1.);
#3896 = DIRECTION('',(1.,0.));
#3897 = ( GEOMETRIC_REPRESENTATION_CONTEXT(2) 
PARAMETRIC_REPRESENTATION_CONTEXT() REPRESENTATION_CONTEXT('2D SPACE',''
  ) );
#3898 = ORIENTED_EDGE('',*,*,#3849,.F.);
#3899 = ORIENTED_EDGE('',*,*,#2996,.F.);
#3900 = ADVANCED_FACE('',(#3901),#3067,.F.);
#3901 = FACE_BOUND('',#3902,.T.);
#3902 = EDGE_LOOP('',(#3903,#3926,#3953,#3954));
#3903 = ORIENTED_EDGE('',*,*,#3904,.T.);
#3904 = EDGE_CURVE('',#3027,#3905,#3907,.T.);
#3905 = VERTEX_POINT('',#3906);
#3906 = CARTESIAN_POINT('',(4.2,7.332121111929,1.75));
#3907 = SEAM_CURVE('',#3908,(#3912,#3919),.PCURVE_S1.);
#3908 = LINE('',#3909,#3910);
#3909 = CARTESIAN_POINT('',(4.2,7.332121111929,0.));
#3910 = VECTOR('',#3911,1.);
#3911 = DIRECTION('',(0.,0.,1.));
#3912 = PCURVE('',#3067,#3913);
#3913 = DEFINITIONAL_REPRESENTATION('',(#3914),#3918);
#3914 = LINE('',#3915,#3916);
#3915 = CARTESIAN_POINT('',(-0.,0.));
#3916 = VECTOR('',#3917,1.);
#3917 = DIRECTION('',(-0.,-1.));
#3918 = ( GEOMETRIC_REPRESENTATION_CONTEXT(2) 
PARAMETRIC_REPRESENTATION_CONTEXT() REPRESENTATION_CONTEXT('2D SPACE',''
  ) );
#3919 = PCURVE('',#3067,#3920);
#3920 = DEFINITIONAL_REPRESENTATION('',(#3921),#3925);
#3921 = LINE('',#3922,#3923);
#3922 = CARTESIAN_POINT('',(-6.28318530718,0.));
#3923 = VECTOR('',#3924,1.);
#3924 = DIRECTION('',(-0.,-1.));
#3925 = ( GEOMETRIC_REPRESENTATION_CONTEXT(2) 
PARAMETRIC_REPRESENTATION_CONTEXT() REPRESENTATION_CONTEXT('2D SPACE',''
  ) );
#3926 = ORIENTED_EDGE('',*,*,#3927,.T.);
#3927 = EDGE_CURVE('',#3905,#3905,#3928,.T.);
#3928 = SURFACE_CURVE('',#3929,(#3934,#3941),.PCURVE_S1.);
#3929 = CIRCLE('',#3930,1.);
#3930 = AXIS2_PLACEMENT_3D('',#3931,#3932,#3933);
#3931 = CARTESIAN_POINT('',(3.2,7.332121111929,1.75));
#3932 = DIRECTION('',(0.,-0.,1.));
#3933 = DIRECTION('',(1.,8.881784197001E-16,0.));
#3934 = PCURVE('',#3067,#3935);
#3935 = DEFINITIONAL_REPRESENTATION('',(#3936),#3940);
#3936 = LINE('',#3937,#3938);
#3937 = CARTESIAN_POINT('',(-0.,-1.75));
#3938 = VECTOR('',#3939,1.);
#3939 = DIRECTION('',(-1.,0.));
#3940 = ( GEOMETRIC_REPRESENTATION_CONTEXT(2) 
PARAMETRIC_REPRESENTATION_CONTEXT() REPRESENTATION_CONTEXT('2D SPACE',''
  ) );
#3941 = PCURVE('',#3942,#3947);
#3942 = TOROIDAL_SURFACE('',#3943,1.25,0.25);
#3943 = AXIS2_PLACEMENT_3D('',#3944,#3945,#3946);
#3944 = CARTESIAN_POINT('',(3.2,7.332121111929,1.75));
#3945 = DIRECTION('',(0.,0.,1.));
#3946 = DIRECTION('',(1.,8.881784197001E-16,0.));
#3947 = DEFINITIONAL_REPRESENTATION('',(#3948),#3952);
#3948 = LINE('',#3949,#3950);
#3949 = CARTESIAN_POINT('',(0.,3.14159265359));
#3950 = VECTOR('',#3951,1.);
#3951 = DIRECTION('',(1.,0.));
#3952 = ( GEOMETRIC_REPRESENTATION_CONTEXT(2) 
PARAMETRIC_REPRESENTATION_CONTEXT() REPRESENTATION_CONTEXT('2D SPACE',''
  ) );
#3953 = ORIENTED_EDGE('',*,*,#3904,.F.);
#3954 = ORIENTED_EDGE('',*,*,#3052,.F.);
#3955 = ADVANCED_FACE('',(#3956,#3982,#4008),#3130,.T.);
#3956 = FACE_BOUND('',#3957,.T.);
#3957 = EDGE_LOOP('',(#3958));
#3958 = ORIENTED_EDGE('',*,*,#3959,.F.);
#3959 = EDGE_CURVE('',#3960,#3960,#3962,.T.);
#3960 = VERTEX_POINT('',#3961);
#3961 = CARTESIAN_POINT('',(-1.95,7.332121111929,2.));
#3962 = SURFACE_CURVE('',#3963,(#3968,#3975),.PCURVE_S1.);
#3963 = CIRCLE('',#3964,1.25);
#3964 = AXIS2_PLACEMENT_3D('',#3965,#3966,#3967);
#3965 = CARTESIAN_POINT('',(-3.2,7.332121111929,2.));
#3966 = DIRECTION('',(0.,-0.,1.));
#3967 = DIRECTION('',(1.,8.881784197001E-16,0.));
#3968 = PCURVE('',#3130,#3969);
#3969 = DEFINITIONAL_REPRESENTATION('',(#3970),#3974);
#3970 = CIRCLE('',#3971,1.25);
#3971 = AXIS2_PLACEMENT_2D('',#3972,#3973);
#3972 = CARTESIAN_POINT('',(-3.2,5.293537710826));
#3973 = DIRECTION('',(1.,8.881784197001E-16));
#3974 = ( GEOMETRIC_REPRESENTATION_CONTEXT(2) 
PARAMETRIC_REPRESENTATION_CONTEXT() REPRESENTATION_CONTEXT('2D SPACE',''
  ) );
#3975 = PCURVE('',#3887,#3976);
#3976 = DEFINITIONAL_REPRESENTATION('',(#3977),#3981);
#3977 = LINE('',#3978,#3979);
#3978 = CARTESIAN_POINT('',(0.,1.570796326795));
#3979 = VECTOR('',#3980,1.);
#3980 = DIRECTION('',(1.,0.));
#3981 = ( GEOMETRIC_REPRESENTATION_CONTEXT(2) 
PARAMETRIC_REPRESENTATION_CONTEXT() REPRESENTATION_CONTEXT('2D SPACE',''
  ) );
#3982 = FACE_BOUND('',#3983,.T.);
#3983 = EDGE_LOOP('',(#3984));
#3984 = ORIENTED_EDGE('',*,*,#3985,.F.);
#3985 = EDGE_CURVE('',#3986,#3986,#3988,.T.);
#3986 = VERTEX_POINT('',#3987);
#3987 = CARTESIAN_POINT('',(4.45,7.332121111929,2.));
#3988 = SURFACE_CURVE('',#3989,(#3994,#4001),.PCURVE_S1.);
#3989 = CIRCLE('',#3990,1.25);
#3990 = AXIS2_PLACEMENT_3D('',#3991,#3992,#3993);
#3991 = CARTESIAN_POINT('',(3.2,7.332121111929,2.));
#3992 = DIRECTION('',(0.,-0.,1.));
#3993 = DIRECTION('',(1.,8.881784197001E-16,0.));
#3994 = PCURVE('',#3130,#3995);
#3995 = DEFINITIONAL_REPRESENTATION('',(#3996),#4000);
#3996 = CIRCLE('',#3997,1.25);
#3997 = AXIS2_PLACEMENT_2D('',#3998,#3999);
#3998 = CARTESIAN_POINT('',(3.2,5.293537710826));
#3999 = DIRECTION('',(1.,8.881784197001E-16));
#4000 = ( GEOMETRIC_REPRESENTATION_CONTEXT(2) 
PARAMETRIC_REPRESENTATION_CONTEXT() REPRESENTATION_CONTEXT('2D SPACE',''
  ) );
#4001 = PCURVE('',#3942,#4002);
#4002 = DEFINITIONAL_REPRESENTATION('',(#4003),#4007);
#4003 = LINE('',#4004,#4005);
#4004 = CARTESIAN_POINT('',(0.,1.570796326795));
#4005 = VECTOR('',#4006,1.);
#4006 = DIRECTION('',(1.,0.));
#4007 = ( GEOMETRIC_REPRESENTATION_CONTEXT(2) 
PARAMETRIC_REPRESENTATION_CONTEXT() REPRESENTATION_CONTEXT('2D SPACE',''
  ) );
#4008 = FACE_BOUND('',#4009,.T.);
#4009 = EDGE_LOOP('',(#4010,#4036,#4062,#4063,#4064,#4065,#4066));
#4010 = ORIENTED_EDGE('',*,*,#4011,.F.);
#4011 = EDGE_CURVE('',#4012,#4014,#4016,.T.);
#4012 = VERTEX_POINT('',#4013);
#4013 = CARTESIAN_POINT('',(-2.288675134595,5.244013522722,2.));
#4014 = VERTEX_POINT('',#4015);
#4015 = CARTESIAN_POINT('',(2.288675134595,5.244013522722,2.));
#4016 = SURFACE_CURVE('',#4017,(#4022,#4029),.PCURVE_S1.);
#4017 = CIRCLE('',#4018,5.721687836487);
#4018 = AXIS2_PLACEMENT_3D('',#4019,#4020,#4021);
#4019 = CARTESIAN_POINT('',(0.,0.,2.));
#4020 = DIRECTION('',(0.,0.,1.));
#4021 = DIRECTION('',(-0.4,0.916515138991,0.));
#4022 = PCURVE('',#3130,#4023);
#4023 = DEFINITIONAL_REPRESENTATION('',(#4024),#4028);
#4024 = CIRCLE('',#4025,5.721687836487);
#4025 = AXIS2_PLACEMENT_2D('',#4026,#4027);
#4026 = CARTESIAN_POINT('',(4.32407252062E-16,-2.038583401103));
#4027 = DIRECTION('',(-0.4,0.916515138991));
#4028 = ( GEOMETRIC_REPRESENTATION_CONTEXT(2) 
PARAMETRIC_REPRESENTATION_CONTEXT() REPRESENTATION_CONTEXT('2D SPACE',''
  ) );
#4029 = PCURVE('',#3408,#4030);
#4030 = DEFINITIONAL_REPRESENTATION('',(#4031),#4035);
#4031 = LINE('',#4032,#4033);
#4032 = CARTESIAN_POINT('',(0.,1.570796326795));
#4033 = VECTOR('',#4034,1.);
#4034 = DIRECTION('',(1.,0.));
#4035 = ( GEOMETRIC_REPRESENTATION_CONTEXT(2) 
PARAMETRIC_REPRESENTATION_CONTEXT() REPRESENTATION_CONTEXT('2D SPACE',''
  ) );
#4036 = ORIENTED_EDGE('',*,*,#4037,.F.);
#4037 = EDGE_CURVE('',#3114,#4012,#4038,.T.);
#4038 = SURFACE_CURVE('',#4039,(#4044,#4055),.PCURVE_S1.);
#4039 = CIRCLE('',#4040,2.278312163513);
#4040 = AXIS2_PLACEMENT_3D('',#4041,#4042,#4043);
#4041 = CARTESIAN_POINT('',(-3.2,7.332121111929,2.));
#4042 = DIRECTION('',(-0.,0.,-1.));
#4043 = DIRECTION('',(-0.848555606019,-0.529106211922,0.));
#4044 = PCURVE('',#3130,#4045);
#4045 = DEFINITIONAL_REPRESENTATION('',(#4046),#4054);
#4046 = ( BOUNDED_CURVE() B_SPLINE_CURVE(2,(#4047,#4048,#4049,#4050,
#4051,#4052,#4053),.UNSPECIFIED.,.T.,.F.) B_SPLINE_CURVE_WITH_KNOTS((1,2
    ,2,2,2,1),(-2.094395102393,0.,2.094395102393,4.188790204786,
6.28318530718,8.377580409573),.UNSPECIFIED.) CURVE() 
GEOMETRIC_REPRESENTATION_ITEM() RATIONAL_B_SPLINE_CURVE((1.,0.5,1.,0.5,
1.,0.5,1.)) REPRESENTATION_ITEM('') );
#4047 = CARTESIAN_POINT('',(-5.133274558609,4.088068592415));
#4048 = CARTESIAN_POINT('',(-7.221208318654,7.436598352906));
#4049 = CARTESIAN_POINT('',(-3.277329600717,7.570537150278));
#4050 = CARTESIAN_POINT('',(0.666549117219,7.70447594765));
#4051 = CARTESIAN_POINT('',(-1.189395840673,4.222007389786));
#4052 = CARTESIAN_POINT('',(-3.045340798565,0.739538831923));
#4053 = CARTESIAN_POINT('',(-5.133274558609,4.088068592415));
#4054 = ( GEOMETRIC_REPRESENTATION_CONTEXT(2) 
PARAMETRIC_REPRESENTATION_CONTEXT() REPRESENTATION_CONTEXT('2D SPACE',''
  ) );
#4055 = PCURVE('',#3157,#4056);
#4056 = DEFINITIONAL_REPRESENTATION('',(#4057),#4061);
#4057 = LINE('',#4058,#4059);
#4058 = CARTESIAN_POINT('',(0.,4.712388980385));
#4059 = VECTOR('',#4060,1.);
#4060 = DIRECTION('',(1.,0.));
#4061 = ( GEOMETRIC_REPRESENTATION_CONTEXT(2) 
PARAMETRIC_REPRESENTATION_CONTEXT() REPRESENTATION_CONTEXT('2D SPACE',''
  ) );
#4062 = ORIENTED_EDGE('',*,*,#3113,.F.);
#4063 = ORIENTED_EDGE('',*,*,#3818,.F.);
#4064 = ORIENTED_EDGE('',*,*,#3763,.F.);
#4065 = ORIENTED_EDGE('',*,*,#3712,.F.);
#4066 = ORIENTED_EDGE('',*,*,#4067,.F.);
#4067 = EDGE_CURVE('',#4014,#3689,#4068,.T.);
#4068 = SURFACE_CURVE('',#4069,(#4074,#4085),.PCURVE_S1.);
#4069 = CIRCLE('',#4070,2.278312163513);
#4070 = AXIS2_PLACEMENT_3D('',#4071,#4072,#4073);
#4071 = CARTESIAN_POINT('',(3.2,7.332121111929,2.));
#4072 = DIRECTION('',(-0.,0.,-1.));
#4073 = DIRECTION('',(-0.4,-0.916515138991,0.));
#4074 = PCURVE('',#3130,#4075);
#4075 = DEFINITIONAL_REPRESENTATION('',(#4076),#4084);
#4076 = ( BOUNDED_CURVE() B_SPLINE_CURVE(2,(#4077,#4078,#4079,#4080,
#4081,#4082,#4083),.UNSPECIFIED.,.T.,.F.) B_SPLINE_CURVE_WITH_KNOTS((1,2
    ,2,2,2,1),(-2.094395102393,0.,2.094395102393,4.188790204786,
6.28318530718,8.377580409573),.UNSPECIFIED.) CURVE() 
GEOMETRIC_REPRESENTATION_ITEM() RATIONAL_B_SPLINE_CURVE((1.,0.5,1.,0.5,
1.,0.5,1.)) REPRESENTATION_ITEM('') );
#4077 = CARTESIAN_POINT('',(2.288675134595,3.205430121619));
#4078 = CARTESIAN_POINT('',(-1.328033301582,4.783891090702));
#4079 = CARTESIAN_POINT('',(1.847308214614,7.126821989971));
#4080 = CARTESIAN_POINT('',(5.02264973081,9.469752889241));
#4081 = CARTESIAN_POINT('',(5.464016650791,5.548361020889));
#4082 = CARTESIAN_POINT('',(5.905383570772,1.626969152536));
#4083 = CARTESIAN_POINT('',(2.288675134595,3.205430121619));
#4084 = ( GEOMETRIC_REPRESENTATION_CONTEXT(2) 
PARAMETRIC_REPRESENTATION_CONTEXT() REPRESENTATION_CONTEXT('2D SPACE',''
  ) );
#4085 = PCURVE('',#3673,#4086);
#4086 = DEFINITIONAL_REPRESENTATION('',(#4087),#4091);
#4087 = LINE('',#4088,#4089);
#4088 = CARTESIAN_POINT('',(0.,4.712388980385));
#4089 = VECTOR('',#4090,1.);
#4090 = DIRECTION('',(1.,0.));
#4091 = ( GEOMETRIC_REPRESENTATION_CONTEXT(2) 
PARAMETRIC_REPRESENTATION_CONTEXT() REPRESENTATION_CONTEXT('2D SPACE',''
  ) );
#4092 = ADVANCED_FACE('',(#4093),#3157,.T.);
#4093 = FACE_BOUND('',#4094,.T.);
#4094 = EDGE_LOOP('',(#4095,#4096,#4097,#4119));
#4095 = ORIENTED_EDGE('',*,*,#3142,.F.);
#4096 = ORIENTED_EDGE('',*,*,#4037,.T.);
#4097 = ORIENTED_EDGE('',*,*,#4098,.T.);
#4098 = EDGE_CURVE('',#4012,#3176,#4099,.T.);
#4099 = SURFACE_CURVE('',#4100,(#4105,#4112),.PCURVE_S1.);
#4100 = CIRCLE('',#4101,0.25);
#4101 = AXIS2_PLACEMENT_3D('',#4102,#4103,#4104);
#4102 = CARTESIAN_POINT('',(-2.288675134595,5.244013522722,1.75));
#4103 = DIRECTION('',(0.916515138991,0.4,-0.));
#4104 = DIRECTION('',(-0.4,0.916515138991,0.));
#4105 = PCURVE('',#3157,#4106);
#4106 = DEFINITIONAL_REPRESENTATION('',(#4107),#4111);
#4107 = LINE('',#4108,#4109);
#4108 = CARTESIAN_POINT('',(4.858419048091,3.14159265359));
#4109 = VECTOR('',#4110,1.);
#4110 = DIRECTION('',(0.,1.));
#4111 = ( GEOMETRIC_REPRESENTATION_CONTEXT(2) 
PARAMETRIC_REPRESENTATION_CONTEXT() REPRESENTATION_CONTEXT('2D SPACE',''
  ) );
#4112 = PCURVE('',#3408,#4113);
#4113 = DEFINITIONAL_REPRESENTATION('',(#4114),#4118);
#4114 = LINE('',#4115,#4116);
#4115 = CARTESIAN_POINT('',(0.,0.));
#4116 = VECTOR('',#4117,1.);
#4117 = DIRECTION('',(0.,1.));
#4118 = ( GEOMETRIC_REPRESENTATION_CONTEXT(2) 
PARAMETRIC_REPRESENTATION_CONTEXT() REPRESENTATION_CONTEXT('2D SPACE',''
  ) );
#4119 = ORIENTED_EDGE('',*,*,#3198,.F.);
#4120 = ADVANCED_FACE('',(#4121),#3408,.T.);
#4121 = FACE_BOUND('',#4122,.T.);
#4122 = EDGE_LOOP('',(#4123,#4124,#4125,#4147));
#4123 = ORIENTED_EDGE('',*,*,#4098,.F.);
#4124 = ORIENTED_EDGE('',*,*,#4011,.T.);
#4125 = ORIENTED_EDGE('',*,*,#4126,.T.);
#4126 = EDGE_CURVE('',#4014,#3371,#4127,.T.);
#4127 = SURFACE_CURVE('',#4128,(#4133,#4140),.PCURVE_S1.);
#4128 = CIRCLE('',#4129,0.25);
#4129 = AXIS2_PLACEMENT_3D('',#4130,#4131,#4132);
#4130 = CARTESIAN_POINT('',(2.288675134595,5.244013522722,1.75));
#4131 = DIRECTION('',(0.916515138991,-0.4,0.));
#4132 = DIRECTION('',(0.4,0.916515138991,0.));
#4133 = PCURVE('',#3408,#4134);
#4134 = DEFINITIONAL_REPRESENTATION('',(#4135),#4139);
#4135 = LINE('',#4136,#4137);
#4136 = CARTESIAN_POINT('',(5.460151615045,0.));
#4137 = VECTOR('',#4138,1.);
#4138 = DIRECTION('',(0.,1.));
#4139 = ( GEOMETRIC_REPRESENTATION_CONTEXT(2) 
PARAMETRIC_REPRESENTATION_CONTEXT() REPRESENTATION_CONTEXT('2D SPACE',''
  ) );
#4140 = PCURVE('',#3673,#4141);
#4141 = DEFINITIONAL_REPRESENTATION('',(#4142),#4146);
#4142 = LINE('',#4143,#4144);
#4143 = CARTESIAN_POINT('',(-5.340138458284E-16,3.14159265359));
#4144 = VECTOR('',#4145,1.);
#4145 = DIRECTION('',(0.,1.));
#4146 = ( GEOMETRIC_REPRESENTATION_CONTEXT(2) 
PARAMETRIC_REPRESENTATION_CONTEXT() REPRESENTATION_CONTEXT('2D SPACE',''
  ) );
#4147 = ORIENTED_EDGE('',*,*,#3393,.F.);
#4148 = ADVANCED_FACE('',(#4149),#3673,.T.);
#4149 = FACE_BOUND('',#4150,.T.);
#4150 = EDGE_LOOP('',(#4151,#4152,#4153,#4154));
#4151 = ORIENTED_EDGE('',*,*,#4126,.F.);
#4152 = ORIENTED_EDGE('',*,*,#4067,.T.);
#4153 = ORIENTED_EDGE('',*,*,#3688,.T.);
#4154 = ORIENTED_EDGE('',*,*,#3658,.F.);
#4155 = ADVANCED_FACE('',(#4156),#3887,.T.);
#4156 = FACE_BOUND('',#4157,.T.);
#4157 = EDGE_LOOP('',(#4158,#4180,#4181,#4182));
#4158 = ORIENTED_EDGE('',*,*,#4159,.F.);
#4159 = EDGE_CURVE('',#3960,#3850,#4160,.T.);
#4160 = SEAM_CURVE('',#4161,(#4166,#4173),.PCURVE_S1.);
#4161 = CIRCLE('',#4162,0.25);
#4162 = AXIS2_PLACEMENT_3D('',#4163,#4164,#4165);
#4163 = CARTESIAN_POINT('',(-1.95,7.332121111929,1.75));
#4164 = DIRECTION('',(8.881784197001E-16,-1.,0.));
#4165 = DIRECTION('',(1.,8.881784197001E-16,0.));
#4166 = PCURVE('',#3887,#4167);
#4167 = DEFINITIONAL_REPRESENTATION('',(#4168),#4172);
#4168 = LINE('',#4169,#4170);
#4169 = CARTESIAN_POINT('',(0.,0.));
#4170 = VECTOR('',#4171,1.);
#4171 = DIRECTION('',(0.,1.));
#4172 = ( GEOMETRIC_REPRESENTATION_CONTEXT(2) 
PARAMETRIC_REPRESENTATION_CONTEXT() REPRESENTATION_CONTEXT('2D SPACE',''
  ) );
#4173 = PCURVE('',#3887,#4174);
#4174 = DEFINITIONAL_REPRESENTATION('',(#4175),#4179);
#4175 = LINE('',#4176,#4177);
#4176 = CARTESIAN_POINT('',(6.28318530718,0.));
#4177 = VECTOR('',#4178,1.);
#4178 = DIRECTION('',(0.,1.));
#4179 = ( GEOMETRIC_REPRESENTATION_CONTEXT(2) 
PARAMETRIC_REPRESENTATION_CONTEXT() REPRESENTATION_CONTEXT('2D SPACE',''
  ) );
#4180 = ORIENTED_EDGE('',*,*,#3959,.T.);
#4181 = ORIENTED_EDGE('',*,*,#4159,.T.);
#4182 = ORIENTED_EDGE('',*,*,#3872,.F.);
#4183 = ADVANCED_FACE('',(#4184),#3942,.T.);
#4184 = FACE_BOUND('',#4185,.T.);
#4185 = EDGE_LOOP('',(#4186,#4208,#4209,#4210));
#4186 = ORIENTED_EDGE('',*,*,#4187,.F.);
#4187 = EDGE_CURVE('',#3986,#3905,#4188,.T.);
#4188 = SEAM_CURVE('',#4189,(#4194,#4201),.PCURVE_S1.);
#4189 = CIRCLE('',#4190,0.25);
#4190 = AXIS2_PLACEMENT_3D('',#4191,#4192,#4193);
#4191 = CARTESIAN_POINT('',(4.45,7.332121111929,1.75));
#4192 = DIRECTION('',(8.881784197001E-16,-1.,0.));
#4193 = DIRECTION('',(1.,8.881784197001E-16,0.));
#4194 = PCURVE('',#3942,#4195);
#4195 = DEFINITIONAL_REPRESENTATION('',(#4196),#4200);
#4196 = LINE('',#4197,#4198);
#4197 = CARTESIAN_POINT('',(0.,0.));
#4198 = VECTOR('',#4199,1.);
#4199 = DIRECTION('',(0.,1.));
#4200 = ( GEOMETRIC_REPRESENTATION_CONTEXT(2) 
PARAMETRIC_REPRESENTATION_CONTEXT() REPRESENTATION_CONTEXT('2D SPACE',''
  ) );
#4201 = PCURVE('',#3942,#4202);
#4202 = DEFINITIONAL_REPRESENTATION('',(#4203),#4207);
#4203 = LINE('',#4204,#4205);
#4204 = CARTESIAN_POINT('',(6.28318530718,0.));
#4205 = VECTOR('',#4206,1.);
#4206 = DIRECTION('',(0.,1.));
#4207 = ( GEOMETRIC_REPRESENTATION_CONTEXT(2) 
PARAMETRIC_REPRESENTATION_CONTEXT() REPRESENTATION_CONTEXT('2D SPACE',''
  ) );
#4208 = ORIENTED_EDGE('',*,*,#3985,.T.);
#4209 = ORIENTED_EDGE('',*,*,#4187,.T.);
#4210 = ORIENTED_EDGE('',*,*,#3927,.F.);
#4211 = ( GEOMETRIC_REPRESENTATION_CONTEXT(3) 
GLOBAL_UNCERTAINTY_ASSIGNED_CONTEXT((#4215)) 
GLOBAL_UNIT_ASSIGNED_CONTEXT((#4212,#4213,#4214)) REPRESENTATION_CONTEXT
('Context #1','3D Context with UNIT and UNCERTAINTY') );
#4212 = ( LENGTH_UNIT() NAMED_UNIT(*) SI_UNIT(.MILLI.,.METRE.) );
#4213 = ( NAMED_UNIT(*) PLANE_ANGLE_UNIT() SI_UNIT($,.RADIAN.) );
#4214 = ( NAMED_UNIT(*) SI_UNIT($,.STERADIAN.) SOLID_ANGLE_UNIT() );
#4215 = UNCERTAINTY_MEASURE_WITH_UNIT(LENGTH_MEASURE(2.E-05),#4212,
  'distance_accuracy_value','confusion accuracy');
#4216 = CONTEXT_DEPENDENT_SHAPE_REPRESENTATION(#4217,#4219);
#4217 = ( REPRESENTATION_RELATIONSHIP('','',#32,#10) 
REPRESENTATION_RELATIONSHIP_WITH_TRANSFORMATION(#4218) 
SHAPE_REPRESENTATION_RELATIONSHIP() );
#4218 = ITEM_DEFINED_TRANSFORMATION('','',#11,#15);
#4219 = PRODUCT_DEFINITION_SHAPE('Placement','Placement of an item',
  #4220);
#4220 = NEXT_ASSEMBLY_USAGE_OCCURRENCE('3','ring-Body','',#5,#27,$);
#4221 = PRODUCT_RELATED_PRODUCT_CATEGORY('part',$,(#29));
#4222 = MECHANICAL_DESIGN_GEOMETRIC_PRESENTATION_REPRESENTATION('',(
    #4223),#4211);
#4223 = STYLED_ITEM('color',(#4224),#33);
#4224 = PRESENTATION_STYLE_ASSIGNMENT((#4225,#4231));
#4225 = SURFACE_STYLE_USAGE(.BOTH.,#4226);
#4226 = SURFACE_SIDE_STYLE('',(#4227));
#4227 = SURFACE_STYLE_FILL_AREA(#4228);
#4228 = FILL_AREA_STYLE('',(#4229));
#4229 = FILL_AREA_STYLE_COLOUR('',#4230);
#4230 = COLOUR_RGB('',0.800000010877,0.800000010877,0.90196104065);
#4231 = CURVE_STYLE('',#4232,POSITIVE_LENGTH_MEASURE(0.1),#4233);
#4232 = DRAUGHTING_PRE_DEFINED_CURVE_FONT('continuous');
#4233 = COLOUR_RGB('',9.803921802644E-02,9.803921802644E-02,
  9.803921802644E-02);
ENDSEC;
END-ISO-10303-21;
