ISO-10303-21;
HEADER;
FILE_DESCRIPTION(('FreeCAD Model'),'2;1');
FILE_NAME('Open CASCADE Shape Model','2026-09-12T19:01:11',(''),(''),
  'Open CASCADE STEP processor 7.8','FreeCAD','Unknown');
FILE_SCHEMA(('AUTOMOTIVE_DESIGN { 1 0 10303 214 1 1 1 1 }'));
ENDSEC;
DATA;
#1 = APPLICATION_PROTOCOL_DEFINITION('international standard',
  'automotive_design',2000,#2);
#2 = APPLICATION_CONTEXT(
  'core data for automotive mechanical design processes');
#3 = SHAPE_DEFINITION_REPRESENTATION(#4,#10);
#4 = PRODUCT_DEFINITION_SHAPE('','',#5);
#5 = PRODUCT_DEFINITION('design','',#6,#9);
#6 = PRODUCT_DEFINITION_FORMATION('','',#7);
#7 = PRODUCT('stm32 nucleo-144 attachment','stm32 nucleo-144 attachment'
  ,'',(#8));
#8 = PRODUCT_CONTEXT('',#2,'mechanical');
#9 = PRODUCT_DEFINITION_CONTEXT('part definition',#2,'design');
#10 = SHAPE_REPRESENTATION('',(#11,#15),#19);
#11 = AXIS2_PLACEMENT_3D('',#12,#13,#14);
#12 = CARTESIAN_POINT('',(0.,0.,0.));
#13 = DIRECTION('',(0.,0.,1.));
#14 = DIRECTION('',(1.,0.,-0.));
#15 = AXIS2_PLACEMENT_3D('',#16,#17,#18);
#16 = CARTESIAN_POINT('',(0.,0.,0.));
#17 = DIRECTION('',(0.,0.,1.));
#18 = DIRECTION('',(1.,0.,0.));
#19 = ( GEOMETRIC_REPRESENTATION_CONTEXT(3) 
GLOBAL_UNCERTAINTY_ASSIGNED_CONTEXT((#23)) GLOBAL_UNIT_ASSIGNED_CONTEXT(
(#20,#21,#22)) REPRESENTATION_CONTEXT('Context #1',
  '3D Context with UNIT and UNCERTAINTY') );
#20 = ( LENGTH_UNIT() NAMED_UNIT(*) SI_UNIT(.MILLI.,.METRE.) );
#21 = ( NAMED_UNIT(*) PLANE_ANGLE_UNIT() SI_UNIT($,.RADIAN.) );
#22 = ( NAMED_UNIT(*) SI_UNIT($,.STERADIAN.) SOLID_ANGLE_UNIT() );
#23 = UNCERTAINTY_MEASURE_WITH_UNIT(LENGTH_MEASURE(1.E-07),#20,
  'distance_accuracy_value','confusion accuracy');
#24 = PRODUCT_RELATED_PRODUCT_CATEGORY('part',$,(#7));
#25 = SHAPE_DEFINITION_REPRESENTATION(#26,#32);
#26 = PRODUCT_DEFINITION_SHAPE('','',#27);
#27 = PRODUCT_DEFINITION('design','',#28,#31);
#28 = PRODUCT_DEFINITION_FORMATION('','',#29);
#29 = PRODUCT('Body','Body','',(#30));
#30 = PRODUCT_CONTEXT('',#2,'mechanical');
#31 = PRODUCT_DEFINITION_CONTEXT('part definition',#2,'design');
#32 = ADVANCED_BREP_SHAPE_REPRESENTATION('',(#11,#33),#4941);
#33 = MANIFOLD_SOLID_BREP('',#34);
#34 = CLOSED_SHELL('',(#35,#100,#444,#542,#1037,#1063,#1116,#1177,#1253,
    #1302,#1351,#1378,#1433,#1489,#1545,#1603,#1659,#1767,#1822,#1878,
    #2199,#2278,#2313,#2781,#2836,#2886,#2936,#2986,#3036,#3143,#3168,
    #3223,#3273,#3278,#3385,#3410,#3460,#3515,#3570,#3598,#3626,#3681,
    #3709,#3737,#3792,#3847,#3875,#3903,#3958,#4017,#4066,#4127,#4186,
    #4235,#4296,#4346,#4381,#4388,#4423,#4458,#4493,#4528,#4563,#4598,
    #4633,#4683,#4733,#4783,#4833,#4860,#4887,#4914));
#35 = ADVANCED_FACE('',(#36),#51,.F.);
#36 = FACE_BOUND('',#37,.T.);
#37 = EDGE_LOOP('',(#38,#74));
#38 = ORIENTED_EDGE('',*,*,#39,.F.);
#39 = EDGE_CURVE('',#40,#42,#44,.T.);
#40 = VERTEX_POINT('',#41);
#41 = CARTESIAN_POINT('',(-39.7820757009,-4.505,3.));
#42 = VERTEX_POINT('',#43);
#43 = CARTESIAN_POINT('',(-35.93792429909,-4.505,3.));
#44 = SURFACE_CURVE('',#45,(#50,#62),.PCURVE_S1.);
#45 = CIRCLE('',#46,3.5);
#46 = AXIS2_PLACEMENT_3D('',#47,#48,#49);
#47 = CARTESIAN_POINT('',(-37.86,-7.43,3.));
#48 = DIRECTION('',(0.,-2.22044604925E-16,-1.));
#49 = DIRECTION('',(1.,0.,0.));
#50 = PCURVE('',#51,#56);
#51 = PLANE('',#52);
#52 = AXIS2_PLACEMENT_3D('',#53,#54,#55);
#53 = CARTESIAN_POINT('',(-37.86,-3.63,3.));
#54 = DIRECTION('',(0.,-2.22044604925E-16,-1.));
#55 = DIRECTION('',(0.,1.,-2.22044604925E-16));
#56 = DEFINITIONAL_REPRESENTATION('',(#57),#61);
#57 = CIRCLE('',#58,3.5);
#58 = AXIS2_PLACEMENT_2D('',#59,#60);
#59 = CARTESIAN_POINT('',(-3.8,0.));
#60 = DIRECTION('',(0.,1.));
#61 = ( GEOMETRIC_REPRESENTATION_CONTEXT(2) 
PARAMETRIC_REPRESENTATION_CONTEXT() REPRESENTATION_CONTEXT('2D SPACE',''
  ) );
#62 = PCURVE('',#63,#68);
#63 = CONICAL_SURFACE('',#64,4.5,0.785398163397);
#64 = AXIS2_PLACEMENT_3D('',#65,#66,#67);
#65 = CARTESIAN_POINT('',(-37.86,-7.43,2.));
#66 = DIRECTION('',(0.,-2.22044604925E-16,-1.));
#67 = DIRECTION('',(1.,0.,0.));
#68 = DEFINITIONAL_REPRESENTATION('',(#69),#73);
#69 = LINE('',#70,#71);
#70 = CARTESIAN_POINT('',(-6.28318530718,-1.));
#71 = VECTOR('',#72,1.);
#72 = DIRECTION('',(1.,-5.401407920224E-16));
#73 = ( GEOMETRIC_REPRESENTATION_CONTEXT(2) 
PARAMETRIC_REPRESENTATION_CONTEXT() REPRESENTATION_CONTEXT('2D SPACE',''
  ) );
#74 = ORIENTED_EDGE('',*,*,#75,.F.);
#75 = EDGE_CURVE('',#42,#40,#76,.T.);
#76 = SURFACE_CURVE('',#77,(#81,#88),.PCURVE_S1.);
#77 = LINE('',#78,#79);
#78 = CARTESIAN_POINT('',(-35.36,-4.505,3.));
#79 = VECTOR('',#80,1.);
#80 = DIRECTION('',(-1.,0.,0.));
#81 = PCURVE('',#51,#82);
#82 = DEFINITIONAL_REPRESENTATION('',(#83),#87);
#83 = LINE('',#84,#85);
#84 = CARTESIAN_POINT('',(-0.875,2.5));
#85 = VECTOR('',#86,1.);
#86 = DIRECTION('',(0.,-1.));
#87 = ( GEOMETRIC_REPRESENTATION_CONTEXT(2) 
PARAMETRIC_REPRESENTATION_CONTEXT() REPRESENTATION_CONTEXT('2D SPACE',''
  ) );
#88 = PCURVE('',#89,#94);
#89 = PLANE('',#90);
#90 = AXIS2_PLACEMENT_3D('',#91,#92,#93);
#91 = CARTESIAN_POINT('',(-35.36,-4.505,11.4));
#92 = DIRECTION('',(0.,-1.,2.22044604925E-16));
#93 = DIRECTION('',(-1.,0.,0.));
#94 = DEFINITIONAL_REPRESENTATION('',(#95),#99);
#95 = LINE('',#96,#97);
#96 = CARTESIAN_POINT('',(-0.,8.4));
#97 = VECTOR('',#98,1.);
#98 = DIRECTION('',(1.,0.));
#99 = ( GEOMETRIC_REPRESENTATION_CONTEXT(2) 
PARAMETRIC_REPRESENTATION_CONTEXT() REPRESENTATION_CONTEXT('2D SPACE',''
  ) );
#100 = ADVANCED_FACE('',(#101),#63,.T.);
#101 = FACE_BOUND('',#102,.T.);
#102 = EDGE_LOOP('',(#103,#134,#157,#184,#185,#207,#208,#232));
#103 = ORIENTED_EDGE('',*,*,#104,.T.);
#104 = EDGE_CURVE('',#105,#107,#109,.T.);
#105 = VERTEX_POINT('',#106);
#106 = CARTESIAN_POINT('',(-35.79917198799,-2.330687506639,1.));
#107 = VERTEX_POINT('',#108);
#108 = CARTESIAN_POINT('',(-43.36,-7.43,1.));
#109 = SURFACE_CURVE('',#110,(#115,#122),.PCURVE_S1.);
#110 = CIRCLE('',#111,5.5);
#111 = AXIS2_PLACEMENT_3D('',#112,#113,#114);
#112 = CARTESIAN_POINT('',(-37.86,-7.43,1.));
#113 = DIRECTION('',(-0.,2.22044604925E-16,1.));
#114 = DIRECTION('',(1.,0.,0.));
#115 = PCURVE('',#63,#116);
#116 = DEFINITIONAL_REPRESENTATION('',(#117),#121);
#117 = LINE('',#118,#119);
#118 = CARTESIAN_POINT('',(4.138911435803E-13,1.));
#119 = VECTOR('',#120,1.);
#120 = DIRECTION('',(-1.,0.));
#121 = ( GEOMETRIC_REPRESENTATION_CONTEXT(2) 
PARAMETRIC_REPRESENTATION_CONTEXT() REPRESENTATION_CONTEXT('2D SPACE',''
  ) );
#122 = PCURVE('',#123,#128);
#123 = PLANE('',#124);
#124 = AXIS2_PLACEMENT_3D('',#125,#126,#127);
#125 = CARTESIAN_POINT('',(-15.,30.,1.));
#126 = DIRECTION('',(0.,2.22044604925E-16,1.));
#127 = DIRECTION('',(0.,-1.,2.22044604925E-16));
#128 = DEFINITIONAL_REPRESENTATION('',(#129),#133);
#129 = CIRCLE('',#130,5.5);
#130 = AXIS2_PLACEMENT_2D('',#131,#132);
#131 = CARTESIAN_POINT('',(37.43,-22.86));
#132 = DIRECTION('',(0.,1.));
#133 = ( GEOMETRIC_REPRESENTATION_CONTEXT(2) 
PARAMETRIC_REPRESENTATION_CONTEXT() REPRESENTATION_CONTEXT('2D SPACE',''
  ) );
#134 = ORIENTED_EDGE('',*,*,#135,.T.);
#135 = EDGE_CURVE('',#107,#136,#138,.T.);
#136 = VERTEX_POINT('',#137);
#137 = CARTESIAN_POINT('',(-41.36,-7.43,3.));
#138 = SEAM_CURVE('',#139,(#143,#150),.PCURVE_S1.);
#139 = LINE('',#140,#141);
#140 = CARTESIAN_POINT('',(-42.36,-7.43,2.));
#141 = VECTOR('',#142,1.);
#142 = DIRECTION('',(0.707106781187,7.041364024478E-17,0.707106781187));
#143 = PCURVE('',#63,#144);
#144 = DEFINITIONAL_REPRESENTATION('',(#145),#149);
#145 = LINE('',#146,#147);
#146 = CARTESIAN_POINT('',(-3.14159265359,3.140184917368E-16));
#147 = VECTOR('',#148,1.);
#148 = DIRECTION('',(0.,-1.));
#149 = ( GEOMETRIC_REPRESENTATION_CONTEXT(2) 
PARAMETRIC_REPRESENTATION_CONTEXT() REPRESENTATION_CONTEXT('2D SPACE',''
  ) );
#150 = PCURVE('',#63,#151);
#151 = DEFINITIONAL_REPRESENTATION('',(#152),#156);
#152 = LINE('',#153,#154);
#153 = CARTESIAN_POINT('',(3.14159265359,3.140184917368E-16));
#154 = VECTOR('',#155,1.);
#155 = DIRECTION('',(0.,-1.));
#156 = ( GEOMETRIC_REPRESENTATION_CONTEXT(2) 
PARAMETRIC_REPRESENTATION_CONTEXT() REPRESENTATION_CONTEXT('2D SPACE',''
  ) );
#157 = ORIENTED_EDGE('',*,*,#158,.T.);
#158 = EDGE_CURVE('',#136,#40,#159,.T.);
#159 = SURFACE_CURVE('',#160,(#165,#172),.PCURVE_S1.);
#160 = CIRCLE('',#161,3.5);
#161 = AXIS2_PLACEMENT_3D('',#162,#163,#164);
#162 = CARTESIAN_POINT('',(-37.86,-7.43,3.));
#163 = DIRECTION('',(0.,-2.22044604925E-16,-1.));
#164 = DIRECTION('',(1.,0.,0.));
#165 = PCURVE('',#63,#166);
#166 = DEFINITIONAL_REPRESENTATION('',(#167),#171);
#167 = LINE('',#168,#169);
#168 = CARTESIAN_POINT('',(-6.28318530718,-1.));
#169 = VECTOR('',#170,1.);
#170 = DIRECTION('',(1.,6.347448540516E-16));
#171 = ( GEOMETRIC_REPRESENTATION_CONTEXT(2) 
PARAMETRIC_REPRESENTATION_CONTEXT() REPRESENTATION_CONTEXT('2D SPACE',''
  ) );
#172 = PCURVE('',#173,#178);
#173 = CYLINDRICAL_SURFACE('',#174,3.5);
#174 = AXIS2_PLACEMENT_3D('',#175,#176,#177);
#175 = CARTESIAN_POINT('',(-37.86,-7.43,-1.));
#176 = DIRECTION('',(0.,2.22044604925E-16,1.));
#177 = DIRECTION('',(-1.836970198721E-16,-1.,2.22044604925E-16));
#178 = DEFINITIONAL_REPRESENTATION('',(#179),#183);
#179 = LINE('',#180,#181);
#180 = CARTESIAN_POINT('',(7.853981633975,4.));
#181 = VECTOR('',#182,1.);
#182 = DIRECTION('',(-1.,0.));
#183 = ( GEOMETRIC_REPRESENTATION_CONTEXT(2) 
PARAMETRIC_REPRESENTATION_CONTEXT() REPRESENTATION_CONTEXT('2D SPACE',''
  ) );
#184 = ORIENTED_EDGE('',*,*,#39,.T.);
#185 = ORIENTED_EDGE('',*,*,#186,.T.);
#186 = EDGE_CURVE('',#42,#136,#187,.T.);
#187 = SURFACE_CURVE('',#188,(#193,#200),.PCURVE_S1.);
#188 = CIRCLE('',#189,3.5);
#189 = AXIS2_PLACEMENT_3D('',#190,#191,#192);
#190 = CARTESIAN_POINT('',(-37.86,-7.43,3.));
#191 = DIRECTION('',(0.,-2.22044604925E-16,-1.));
#192 = DIRECTION('',(1.,0.,0.));
#193 = PCURVE('',#63,#194);
#194 = DEFINITIONAL_REPRESENTATION('',(#195),#199);
#195 = LINE('',#196,#197);
#196 = CARTESIAN_POINT('',(-6.28318530718,-1.));
#197 = VECTOR('',#198,1.);
#198 = DIRECTION('',(1.,0.));
#199 = ( GEOMETRIC_REPRESENTATION_CONTEXT(2) 
PARAMETRIC_REPRESENTATION_CONTEXT() REPRESENTATION_CONTEXT('2D SPACE',''
  ) );
#200 = PCURVE('',#173,#201);
#201 = DEFINITIONAL_REPRESENTATION('',(#202),#206);
#202 = LINE('',#203,#204);
#203 = CARTESIAN_POINT('',(14.137166941154,4.));
#204 = VECTOR('',#205,1.);
#205 = DIRECTION('',(-1.,0.));
#206 = ( GEOMETRIC_REPRESENTATION_CONTEXT(2) 
PARAMETRIC_REPRESENTATION_CONTEXT() REPRESENTATION_CONTEXT('2D SPACE',''
  ) );
#207 = ORIENTED_EDGE('',*,*,#135,.F.);
#208 = ORIENTED_EDGE('',*,*,#209,.T.);
#209 = EDGE_CURVE('',#107,#210,#212,.T.);
#210 = VERTEX_POINT('',#211);
#211 = CARTESIAN_POINT('',(-32.65292568306,-5.659018052642,1.));
#212 = SURFACE_CURVE('',#213,(#218,#225),.PCURVE_S1.);
#213 = CIRCLE('',#214,5.5);
#214 = AXIS2_PLACEMENT_3D('',#215,#216,#217);
#215 = CARTESIAN_POINT('',(-37.86,-7.43,1.));
#216 = DIRECTION('',(-0.,2.22044604925E-16,1.));
#217 = DIRECTION('',(1.,0.,0.));
#218 = PCURVE('',#63,#219);
#219 = DEFINITIONAL_REPRESENTATION('',(#220),#224);
#220 = LINE('',#221,#222);
#221 = CARTESIAN_POINT('',(6.28318530718,1.));
#222 = VECTOR('',#223,1.);
#223 = DIRECTION('',(-1.,0.));
#224 = ( GEOMETRIC_REPRESENTATION_CONTEXT(2) 
PARAMETRIC_REPRESENTATION_CONTEXT() REPRESENTATION_CONTEXT('2D SPACE',''
  ) );
#225 = PCURVE('',#123,#226);
#226 = DEFINITIONAL_REPRESENTATION('',(#227),#231);
#227 = CIRCLE('',#228,5.5);
#228 = AXIS2_PLACEMENT_2D('',#229,#230);
#229 = CARTESIAN_POINT('',(37.43,-22.86));
#230 = DIRECTION('',(0.,1.));
#231 = ( GEOMETRIC_REPRESENTATION_CONTEXT(2) 
PARAMETRIC_REPRESENTATION_CONTEXT() REPRESENTATION_CONTEXT('2D SPACE',''
  ) );
#232 = ORIENTED_EDGE('',*,*,#233,.F.);
#233 = EDGE_CURVE('',#105,#210,#234,.T.);
#234 = SURFACE_CURVE('',#235,(#301,#370),.PCURVE_S1.);
#235 = B_SPLINE_CURVE_WITH_KNOTS('',8,(#236,#237,#238,#239,#240,#241,
    #242,#243,#244,#245,#246,#247,#248,#249,#250,#251,#252,#253,#254,
    #255,#256,#257,#258,#259,#260,#261,#262,#263,#264,#265,#266,#267,
    #268,#269,#270,#271,#272,#273,#274,#275,#276,#277,#278,#279,#280,
    #281,#282,#283,#284,#285,#286,#287,#288,#289,#290,#291,#292,#293,
    #294,#295,#296,#297,#298,#299,#300),.UNSPECIFIED.,.F.,.F.,(9,7,7,7,7
    ,7,7,7,7,9),(0.,0.278568772302,0.384265325753,0.425615307301,
    0.50066915457,0.560987437441,0.592390113653,0.654586828176,
    0.886129764458,1.),.UNSPECIFIED.);
#236 = CARTESIAN_POINT('',(-35.79917198799,-2.330687506639,1.));
#237 = CARTESIAN_POINT('',(-35.75264157065,-2.44646359936,1.089906779739
    ));
#238 = CARTESIAN_POINT('',(-35.70234369754,-2.563978870928,1.1784585989)
  );
#239 = CARTESIAN_POINT('',(-35.64781911473,-2.683733868527,
    1.265586966289));
#240 = CARTESIAN_POINT('',(-35.58851507749,-2.806182240191,
    1.351019987566));
#241 = CARTESIAN_POINT('',(-35.52380301995,-2.931737212754,1.43428827917
    ));
#242 = CARTESIAN_POINT('',(-35.45284222637,-3.060883289047,
    1.514640389729));
#243 = CARTESIAN_POINT('',(-35.37462950154,-3.194160390077,
    1.591066927031));
#244 = CARTESIAN_POINT('',(-35.25420900668,-3.385209947547,
    1.688831977453));
#245 = CARTESIAN_POINT('',(-35.21980565961,-3.438468358652,
    1.714901563807));
#246 = CARTESIAN_POINT('',(-35.18403032696,-3.492484494087,
    1.740058366384));
#247 = CARTESIAN_POINT('',(-35.14679430435,-3.547289417505,
    1.764185363593));
#248 = CARTESIAN_POINT('',(-35.1080121205,-3.602896082664,1.787139333599
    ));
#249 = CARTESIAN_POINT('',(-35.06760361439,-3.659298504634,1.80875251));
#250 = CARTESIAN_POINT('',(-35.02549781894,-3.716469606275,
    1.828836051607));
#251 = CARTESIAN_POINT('',(-34.96448032647,-3.797004393869,
    1.854363821209));
#252 = CARTESIAN_POINT('',(-34.94705570394,-3.819758078442,1.86127603032
    ));
#253 = CARTESIAN_POINT('',(-34.92936262894,-3.84261424568,1.86790941318)
  );
#254 = CARTESIAN_POINT('',(-34.91139987694,-3.86556707561,1.874250921202
    ));
#255 = CARTESIAN_POINT('',(-34.89316732082,-3.888609412566,
    1.880287202591));
#256 = CARTESIAN_POINT('',(-34.87466609814,-3.91173270143,1.886004807262
    ));
#257 = CARTESIAN_POINT('',(-34.85589877843,-3.934926923879,
    1.891390391765));
#258 = CARTESIAN_POINT('',(-34.80232977469,-4.000387879917,
    1.905579933161));
#259 = CARTESIAN_POINT('',(-34.76691816671,-4.042801721868,
    1.913594467601));
#260 = CARTESIAN_POINT('',(-34.73067025303,-4.085339637169,
    1.920393050765));
#261 = CARTESIAN_POINT('',(-34.69363406601,-4.127909953084,
    1.925901298573));
#262 = CARTESIAN_POINT('',(-34.65587252382,-4.170411805743,
    1.930056707252));
#263 = CARTESIAN_POINT('',(-34.61746583052,-4.212735198431,
    1.932813440973));
#264 = CARTESIAN_POINT('',(-34.57851387603,-4.254761059877,
    1.934147119475));
#265 = CARTESIAN_POINT('',(-34.50749406431,-4.329794035133,
    1.933989273796));
#266 = CARTESIAN_POINT('',(-34.47556867893,-4.362959738772,
    1.933001032054));
#267 = CARTESIAN_POINT('',(-34.44342376266,-4.395793738594,
    1.931095120663));
#268 = CARTESIAN_POINT('',(-34.41111802715,-4.428239938233,
    1.928282475471));
#269 = CARTESIAN_POINT('',(-34.37870751541,-4.460250111765,
    1.924583235712));
#270 = CARTESIAN_POINT('',(-34.34624550422,-4.491783195636,
    1.920025251732));
#271 = CARTESIAN_POINT('',(-34.31378240653,-4.522804580592,
    1.914642592709));
#272 = CARTESIAN_POINT('',(-34.26448899713,-4.569154214366,
    1.905262613285));
#273 = CARTESIAN_POINT('',(-34.24762386422,-4.584877436787,1.90183790196
    ));
#274 = CARTESIAN_POINT('',(-34.23077627693,-4.60045170664,1.898205362787
    ));
#275 = CARTESIAN_POINT('',(-34.21395176407,-4.61587421653,1.894370545067
    ));
#276 = CARTESIAN_POINT('',(-34.19715538146,-4.631142715899,1.89033910502
    ));
#277 = CARTESIAN_POINT('',(-34.18039171192,-4.646255511027,
    1.886116805781));
#278 = CARTESIAN_POINT('',(-34.16366486527,-4.661211465032,
    1.881709517402));
#279 = CARTESIAN_POINT('',(-34.11392911536,-4.705320242511,
    1.868039506153));
#280 = CARTESIAN_POINT('',(-34.08103979142,-4.734011591157,
    1.858253578201));
#281 = CARTESIAN_POINT('',(-34.04833680211,-4.762080883131,
    1.847810632779));
#282 = CARTESIAN_POINT('',(-34.01584082675,-4.789530553339,
    1.836755252623));
#283 = CARTESIAN_POINT('',(-33.98356724867,-4.816367815187,
    1.825130555684));
#284 = CARTESIAN_POINT('',(-33.95152647542,-4.842603843489,
    1.812977347387));
#285 = CARTESIAN_POINT('',(-33.919724259,-4.868252957379,1.800333272889)
  );
#286 = CARTESIAN_POINT('',(-33.77066361685,-4.986694123889,
    1.738459066857));
#287 = CARTESIAN_POINT('',(-33.65677537792,-5.071928127005,
    1.683469184097));
#288 = CARTESIAN_POINT('',(-33.5461079522,-5.150307335789,1.623878511943
    ));
#289 = CARTESIAN_POINT('',(-33.43841878112,-5.222694335822,
    1.560837385683));
#290 = CARTESIAN_POINT('',(-33.33346161655,-5.28980537918,1.495190931425
    ));
#291 = CARTESIAN_POINT('',(-33.23093268221,-5.352281950371,
    1.427524350189));
#292 = CARTESIAN_POINT('',(-33.13045544954,-5.410687714817,
    1.358166307995));
#293 = CARTESIAN_POINT('',(-32.98290344002,-5.492529572345,
    1.252335214779));
#294 = CARTESIAN_POINT('',(-32.93469054829,-5.518624635597,
    1.217099504285));
#295 = CARTESIAN_POINT('',(-32.8868765365,-5.543884138896,1.181550421072
    ));
#296 = CARTESIAN_POINT('',(-32.83943424104,-5.568351754007,
    1.145717245536));
#297 = CARTESIAN_POINT('',(-32.79233940762,-5.592066065966,
    1.109625310968));
#298 = CARTESIAN_POINT('',(-32.74556997252,-5.615061493093,
    1.073296428343));
#299 = CARTESIAN_POINT('',(-32.6991053439,-5.637369207006,1.036749311113
    ));
#300 = CARTESIAN_POINT('',(-32.65292568306,-5.659018052642,1.));
#301 = PCURVE('',#63,#302);
#302 = DEFINITIONAL_REPRESENTATION('',(#303),#369);
#303 = B_SPLINE_CURVE_WITH_KNOTS('',8,(#304,#305,#306,#307,#308,#309,
    #310,#311,#312,#313,#314,#315,#316,#317,#318,#319,#320,#321,#322,
    #323,#324,#325,#326,#327,#328,#329,#330,#331,#332,#333,#334,#335,
    #336,#337,#338,#339,#340,#341,#342,#343,#344,#345,#346,#347,#348,
    #349,#350,#351,#352,#353,#354,#355,#356,#357,#358,#359,#360,#361,
    #362,#363,#364,#365,#366,#367,#368),.UNSPECIFIED.,.F.,.F.,(9,7,7,7,7
    ,7,7,7,7,9),(0.,0.278568772302,0.384265325753,0.425615307301,
    0.50066915457,0.560987437441,0.592390113653,0.654586828176,
    0.886129764458,1.),.UNSPECIFIED.);
#304 = CARTESIAN_POINT('',(-1.186727459017,1.));
#305 = CARTESIAN_POINT('',(-1.170996293612,0.910093220261));
#306 = CARTESIAN_POINT('',(-1.153923772185,0.8215414011));
#307 = CARTESIAN_POINT('',(-1.135320288307,0.73441303371));
#308 = CARTESIAN_POINT('',(-1.11496491159,0.648980012435));
#309 = CARTESIAN_POINT('',(-1.092609014101,0.56571172083));
#310 = CARTESIAN_POINT('',(-1.067945666928,0.485359610272));
#311 = CARTESIAN_POINT('',(-1.040627378829,0.408933072969));
#312 = CARTESIAN_POINT('',(-0.998549433904,0.311168022547));
#313 = CARTESIAN_POINT('',(-0.986526426531,0.285098436193));
#314 = CARTESIAN_POINT('',(-0.974028458897,0.259941633616));
#315 = CARTESIAN_POINT('',(-0.961032722358,0.235814636407));
#316 = CARTESIAN_POINT('',(-0.947520578508,0.212860666401));
#317 = CARTESIAN_POINT('',(-0.933479212165,0.19124749));
#318 = CARTESIAN_POINT('',(-0.918903929245,0.171163948393));
#319 = CARTESIAN_POINT('',(-0.897892659656,0.145636178791));
#320 = CARTESIAN_POINT('',(-0.891904186698,0.13872396968));
#321 = CARTESIAN_POINT('',(-0.885836462753,0.13209058682));
#322 = CARTESIAN_POINT('',(-0.879690729779,0.125749078798));
#323 = CARTESIAN_POINT('',(-0.873468737571,0.119712797409));
#324 = CARTESIAN_POINT('',(-0.867172791735,0.113995192738));
#325 = CARTESIAN_POINT('',(-0.860805801669,0.108609608235));
#326 = CARTESIAN_POINT('',(-0.842692194833,9.442006683895E-02));
#327 = CARTESIAN_POINT('',(-0.83078779607,8.640553239916E-02));
#328 = CARTESIAN_POINT('',(-0.818682778269,7.960694923525E-02));
#329 = CARTESIAN_POINT('',(-0.806407453053,7.409870142742E-02));
#330 = CARTESIAN_POINT('',(-0.793997657569,6.99432927476E-02));
#331 = CARTESIAN_POINT('',(-0.78149461439,6.718655902726E-02));
#332 = CARTESIAN_POINT('',(-0.768944791432,6.58528805252E-02));
#333 = CARTESIAN_POINT('',(-0.746317738483,6.601072620416E-02));
#334 = CARTESIAN_POINT('',(-0.736236378272,6.699896794579E-02));
#335 = CARTESIAN_POINT('',(-0.726181797208,6.890487933682E-02));
#336 = CARTESIAN_POINT('',(-0.716178252229,7.171752452923E-02));
#337 = CARTESIAN_POINT('',(-0.706248044483,7.541676428786E-02));
#338 = CARTESIAN_POINT('',(-0.696411422592,7.997474826772E-02));
#339 = CARTESIAN_POINT('',(-0.686686485914,8.535740729138E-02));
#340 = CARTESIAN_POINT('',(-0.672092526708,9.473738671551E-02));
#341 = CARTESIAN_POINT('',(-0.667130242612,9.816209803972E-02));
#342 = CARTESIAN_POINT('',(-0.66220426685,0.101794637213));
#343 = CARTESIAN_POINT('',(-0.657316417738,0.105629454933));
#344 = CARTESIAN_POINT('',(-0.65246830057,0.10966089498));
#345 = CARTESIAN_POINT('',(-0.647661307619,0.113883194219));
#346 = CARTESIAN_POINT('',(-0.642896618139,0.118290482598));
#347 = CARTESIAN_POINT('',(-0.628823868044,0.131960493847));
#348 = CARTESIAN_POINT('',(-0.619642684506,0.141746421799));
#349 = CARTESIAN_POINT('',(-0.610638698155,0.152189367221));
#350 = CARTESIAN_POINT('',(-0.601816447946,0.163244747377));
#351 = CARTESIAN_POINT('',(-0.593178261953,0.174869444316));
#352 = CARTESIAN_POINT('',(-0.584724557941,0.187022652613));
#353 = CARTESIAN_POINT('',(-0.576454143943,0.199666727111));
#354 = CARTESIAN_POINT('',(-0.538248851667,0.261540933143));
#355 = CARTESIAN_POINT('',(-0.510711515416,0.316530815903));
#356 = CARTESIAN_POINT('',(-0.48549062801,0.376121488057));
#357 = CARTESIAN_POINT('',(-0.462355792581,0.439162614317));
#358 = CARTESIAN_POINT('',(-0.44108457803,0.504809068575));
#359 = CARTESIAN_POINT('',(-0.421463511309,0.572475649811));
#360 = CARTESIAN_POINT('',(-0.403295616894,0.641833692005));
#361 = CARTESIAN_POINT('',(-0.378085760682,0.747664785221));
#362 = CARTESIAN_POINT('',(-0.370090483586,0.782900495715));
#363 = CARTESIAN_POINT('',(-0.362392549869,0.818449578928));
#364 = CARTESIAN_POINT('',(-0.354975565454,0.854282754464));
#365 = CARTESIAN_POINT('',(-0.347824664379,0.890374689032));
#366 = CARTESIAN_POINT('',(-0.340926273246,0.926703571657));
#367 = CARTESIAN_POINT('',(-0.334267875663,0.963250688887));
#368 = CARTESIAN_POINT('',(-0.327837776695,1.));
#369 = ( GEOMETRIC_REPRESENTATION_CONTEXT(2) 
PARAMETRIC_REPRESENTATION_CONTEXT() REPRESENTATION_CONTEXT('2D SPACE',''
  ) );
#370 = PCURVE('',#371,#376);
#371 = CYLINDRICAL_SURFACE('',#372,6.25);
#372 = AXIS2_PLACEMENT_3D('',#373,#374,#375);
#373 = CARTESIAN_POINT('',(-30.,2.46292E-12,1.));
#374 = DIRECTION('',(-0.,-0.,-1.));
#375 = DIRECTION('',(1.,0.,0.));
#376 = DEFINITIONAL_REPRESENTATION('',(#377),#443);
#377 = B_SPLINE_CURVE_WITH_KNOTS('',8,(#378,#379,#380,#381,#382,#383,
    #384,#385,#386,#387,#388,#389,#390,#391,#392,#393,#394,#395,#396,
    #397,#398,#399,#400,#401,#402,#403,#404,#405,#406,#407,#408,#409,
    #410,#411,#412,#413,#414,#415,#416,#417,#418,#419,#420,#421,#422,
    #423,#424,#425,#426,#427,#428,#429,#430,#431,#432,#433,#434,#435,
    #436,#437,#438,#439,#440,#441,#442),.UNSPECIFIED.,.F.,.F.,(9,7,7,7,7
    ,7,7,7,7,9),(0.,0.278568772302,0.384265325753,0.425615307301,
    0.50066915457,0.560987437441,0.592390113653,0.654586828176,
    0.886129764458,1.),.UNSPECIFIED.);
#378 = CARTESIAN_POINT('',(2.759449377069,-3.37507799486E-14));
#379 = CARTESIAN_POINT('',(2.739485131663,-8.990677973944E-02));
#380 = CARTESIAN_POINT('',(2.71903789293,-0.1784585989));
#381 = CARTESIAN_POINT('',(2.69799389487,-0.265586966289));
#382 = CARTESIAN_POINT('',(2.676237959862,-0.351019987566));
#383 = CARTESIAN_POINT('',(2.653653101373,-0.43428827917));
#384 = CARTESIAN_POINT('',(2.630090999354,-0.514640389729));
#385 = CARTESIAN_POINT('',(2.605378374339,-0.591066927031));
#386 = CARTESIAN_POINT('',(2.569244922495,-0.688831977453));
#387 = CARTESIAN_POINT('',(2.559100934772,-0.714901563807));
#388 = CARTESIAN_POINT('',(2.548735833878,-0.740058366384));
#389 = CARTESIAN_POINT('',(2.538136096545,-0.764185363593));
#390 = CARTESIAN_POINT('',(2.527290587981,-0.787139333599));
#391 = CARTESIAN_POINT('',(2.516190783781,-0.80875251));
#392 = CARTESIAN_POINT('',(2.504831344831,-0.828836051607));
#393 = CARTESIAN_POINT('',(2.488665020207,-0.854363821209));
#394 = CARTESIAN_POINT('',(2.484079614798,-0.86127603032));
#395 = CARTESIAN_POINT('',(2.479455058077,-0.86790941318));
#396 = CARTESIAN_POINT('',(2.474791820063,-0.874250921202));
#397 = CARTESIAN_POINT('',(2.470090636557,-0.880287202591));
#398 = CARTESIAN_POINT('',(2.465352534,-0.886004807262));
#399 = CARTESIAN_POINT('',(2.46057885432,-0.891390391765));
#400 = CARTESIAN_POINT('',(2.447045109896,-0.905579933161));
#401 = CARTESIAN_POINT('',(2.438205020952,-0.913594467601));
#402 = CARTESIAN_POINT('',(2.429263825926,-0.920393050765));
#403 = CARTESIAN_POINT('',(2.420236606541,-0.925901298573));
#404 = CARTESIAN_POINT('',(2.411141008609,-0.930056707252));
#405 = CARTESIAN_POINT('',(2.401997537361,-0.932813440973));
#406 = CARTESIAN_POINT('',(2.392829852777,-0.934147119475));
#407 = CARTESIAN_POINT('',(2.376299629474,-0.933989273796));
#408 = CARTESIAN_POINT('',(2.368934338827,-0.933001032054));
#409 = CARTESIAN_POINT('',(2.361582835534,-0.931095120663));
#410 = CARTESIAN_POINT('',(2.354257490108,-0.928282475471));
#411 = CARTESIAN_POINT('',(2.346969487698,-0.924583235712));
#412 = CARTESIAN_POINT('',(2.339728914763,-0.920025251732));
#413 = CARTESIAN_POINT('',(2.33254484576,-0.914642592709));
#414 = CARTESIAN_POINT('',(2.321718946432,-0.905262613285));
#415 = CARTESIAN_POINT('',(2.318029765738,-0.90183790196));
#416 = CARTESIAN_POINT('',(2.314358878056,-0.898205362787));
#417 = CARTESIAN_POINT('',(2.310707161076,-0.894370545067));
#418 = CARTESIAN_POINT('',(2.30707537987,-0.89033910502));
#419 = CARTESIAN_POINT('',(2.303464186887,-0.886116805781));
#420 = CARTESIAN_POINT('',(2.299874121953,-0.881709517402));
#421 = CARTESIAN_POINT('',(2.289237756775,-0.868039506153));
#422 = CARTESIAN_POINT('',(2.282254763274,-0.858253578201));
#423 = CARTESIAN_POINT('',(2.275359574542,-0.847810632779));
#424 = CARTESIAN_POINT('',(2.268553925998,-0.836755252623));
#425 = CARTESIAN_POINT('',(2.261838466533,-0.825130555684));
#426 = CARTESIAN_POINT('',(2.255212879345,-0.812977347387));
#427 = CARTESIAN_POINT('',(2.24867600277,-0.800333272889));
#428 = CARTESIAN_POINT('',(2.218214009155,-0.738459066857));
#429 = CARTESIAN_POINT('',(2.195463365935,-0.683469184097));
#430 = CARTESIAN_POINT('',(2.173777465388,-0.623878511943));
#431 = CARTESIAN_POINT('',(2.153028033644,-0.560837385683));
#432 = CARTESIAN_POINT('',(2.133105234323,-0.495190931425));
#433 = CARTESIAN_POINT('',(2.113901835349,-0.427524350189));
#434 = CARTESIAN_POINT('',(2.095310542097,-0.358166307995));
#435 = CARTESIAN_POINT('',(2.068313802665,-0.252335214779));
#436 = CARTESIAN_POINT('',(2.059542772201,-0.217099504285));
#437 = CARTESIAN_POINT('',(2.0508913273,-0.181550421072));
#438 = CARTESIAN_POINT('',(2.04235132997,-0.145717245536));
#439 = CARTESIAN_POINT('',(2.033915546377,-0.109625310968));
#440 = CARTESIAN_POINT('',(2.025577456003,-7.329642834305E-02));
#441 = CARTESIAN_POINT('',(2.017331060812,-3.674931111275E-02));
#442 = CARTESIAN_POINT('',(2.0091706944,-6.661338147751E-16));
#443 = ( GEOMETRIC_REPRESENTATION_CONTEXT(2) 
PARAMETRIC_REPRESENTATION_CONTEXT() REPRESENTATION_CONTEXT('2D SPACE',''
  ) );
#444 = ADVANCED_FACE('',(#445),#89,.F.);
#445 = FACE_BOUND('',#446,.T.);
#446 = EDGE_LOOP('',(#447,#470,#520,#541));
#447 = ORIENTED_EDGE('',*,*,#448,.F.);
#448 = EDGE_CURVE('',#449,#40,#451,.T.);
#449 = VERTEX_POINT('',#450);
#450 = CARTESIAN_POINT('',(-39.7820757009,-4.505,10.4));
#451 = SURFACE_CURVE('',#452,(#456,#463),.PCURVE_S1.);
#452 = LINE('',#453,#454);
#453 = CARTESIAN_POINT('',(-39.7820757009,-4.505,-1.));
#454 = VECTOR('',#455,1.);
#455 = DIRECTION('',(0.,-2.22044604925E-16,-1.));
#456 = PCURVE('',#89,#457);
#457 = DEFINITIONAL_REPRESENTATION('',(#458),#462);
#458 = LINE('',#459,#460);
#459 = CARTESIAN_POINT('',(4.4220757009,12.4));
#460 = VECTOR('',#461,1.);
#461 = DIRECTION('',(-0.,1.));
#462 = ( GEOMETRIC_REPRESENTATION_CONTEXT(2) 
PARAMETRIC_REPRESENTATION_CONTEXT() REPRESENTATION_CONTEXT('2D SPACE',''
  ) );
#463 = PCURVE('',#173,#464);
#464 = DEFINITIONAL_REPRESENTATION('',(#465),#469);
#465 = LINE('',#466,#467);
#466 = CARTESIAN_POINT('',(3.722956802299,0.));
#467 = VECTOR('',#468,1.);
#468 = DIRECTION('',(0.,-1.));
#469 = ( GEOMETRIC_REPRESENTATION_CONTEXT(2) 
PARAMETRIC_REPRESENTATION_CONTEXT() REPRESENTATION_CONTEXT('2D SPACE',''
  ) );
#470 = ORIENTED_EDGE('',*,*,#471,.F.);
#471 = EDGE_CURVE('',#472,#449,#474,.T.);
#472 = VERTEX_POINT('',#473);
#473 = CARTESIAN_POINT('',(-35.93792429909,-4.505,10.4));
#474 = SURFACE_CURVE('',#475,(#479,#486),.PCURVE_S1.);
#475 = ( BOUNDED_CURVE() B_SPLINE_CURVE(2,(#476,#477,#478),
.UNSPECIFIED.,.F.,.F.) B_SPLINE_CURVE_WITH_KNOTS((3,3),(0.,
0.401248052955),.PIECEWISE_BEZIER_KNOTS.) CURVE() 
GEOMETRIC_REPRESENTATION_ITEM() RATIONAL_B_SPLINE_CURVE((1.,
1.196581196581,1.)) REPRESENTATION_ITEM('') );
#476 = CARTESIAN_POINT('',(-35.93792429909,-4.505,10.4));
#477 = CARTESIAN_POINT('',(-37.86,-4.505,11.455535714286));
#478 = CARTESIAN_POINT('',(-39.7820757009,-4.505,10.4));
#479 = PCURVE('',#89,#480);
#480 = DEFINITIONAL_REPRESENTATION('',(#481),#485);
#481 = ( BOUNDED_CURVE() B_SPLINE_CURVE(2,(#482,#483,#484),
.UNSPECIFIED.,.F.,.F.) B_SPLINE_CURVE_WITH_KNOTS((3,3),(0.,
0.401248052955),.PIECEWISE_BEZIER_KNOTS.) CURVE() 
GEOMETRIC_REPRESENTATION_ITEM() RATIONAL_B_SPLINE_CURVE((1.,
1.196581196581,1.)) REPRESENTATION_ITEM('') );
#482 = CARTESIAN_POINT('',(0.57792429909,1.));
#483 = CARTESIAN_POINT('',(2.5,-5.5535714286E-02));
#484 = CARTESIAN_POINT('',(4.4220757009,1.));
#485 = ( GEOMETRIC_REPRESENTATION_CONTEXT(2) 
PARAMETRIC_REPRESENTATION_CONTEXT() REPRESENTATION_CONTEXT('2D SPACE',''
  ) );
#486 = PCURVE('',#487,#492);
#487 = CONICAL_SURFACE('',#488,3.,0.785398163397);
#488 = AXIS2_PLACEMENT_3D('',#489,#490,#491);
#489 = CARTESIAN_POINT('',(-37.86,-7.43,10.9));
#490 = DIRECTION('',(0.,-2.22044604925E-16,-1.));
#491 = DIRECTION('',(1.,0.,0.));
#492 = DEFINITIONAL_REPRESENTATION('',(#493),#519);
#493 = B_SPLINE_CURVE_WITH_KNOTS('',3,(#494,#495,#496,#497,#498,#499,
    #500,#501,#502,#503,#504,#505,#506,#507,#508,#509,#510,#511,#512,
    #513,#514,#515,#516,#517,#518),.UNSPECIFIED.,.F.,.F.,(4,1,1,1,1,1,1,
    1,1,1,1,1,1,1,1,1,1,1,1,1,1,1,4),(0.,1.823854786158E-02,
    3.647709572316E-02,5.471564358474E-02,7.295419144632E-02,
    9.11927393079E-02,0.109431287169,0.127669835031,0.145908382893,
    0.164146930754,0.182385478616,0.200624026477,0.218862574339,
    0.237101122201,0.255339670062,0.273578217924,0.291816765785,
    0.310055313647,0.328293861508,0.34653240937,0.364770957232,
    0.383009505093,0.401248052955),.UNSPECIFIED.);
#494 = CARTESIAN_POINT('',(-0.989432178087,0.5));
#495 = CARTESIAN_POINT('',(-1.006073115177,0.461742364492));
#496 = CARTESIAN_POINT('',(-1.039605093257,0.390012326797));
#497 = CARTESIAN_POINT('',(-1.090599914099,0.29576033208));
#498 = CARTESIAN_POINT('',(-1.142240024032,0.213769906488));
#499 = CARTESIAN_POINT('',(-1.194467231726,0.143200548295));
#500 = CARTESIAN_POINT('',(-1.247219315434,8.333781024038E-02));
#501 = CARTESIAN_POINT('',(-1.300429743182,3.359885992222E-02));
#502 = CARTESIAN_POINT('',(-1.354028263938,-6.488901590352E-03));
#503 = CARTESIAN_POINT('',(-1.407941360316,-3.729765168637E-02));
#504 = CARTESIAN_POINT('',(-1.462092824591,-5.910844893185E-02));
#505 = CARTESIAN_POINT('',(-1.516404376024,-7.211760918997E-02));
#506 = CARTESIAN_POINT('',(-1.570796326795,-7.644119540501E-02));
#507 = CARTESIAN_POINT('',(-1.625188277566,-7.211760918996E-02));
#508 = CARTESIAN_POINT('',(-1.679499828999,-5.910844893185E-02));
#509 = CARTESIAN_POINT('',(-1.733651293274,-3.729765168637E-02));
#510 = CARTESIAN_POINT('',(-1.787564389651,-6.488901590347E-03));
#511 = CARTESIAN_POINT('',(-1.841162910407,3.359885992222E-02));
#512 = CARTESIAN_POINT('',(-1.894373338156,8.333781024038E-02));
#513 = CARTESIAN_POINT('',(-1.947125421864,0.143200548295));
#514 = CARTESIAN_POINT('',(-1.999352629558,0.213769906488));
#515 = CARTESIAN_POINT('',(-2.05099273949,0.29576033208));
#516 = CARTESIAN_POINT('',(-2.101987560333,0.390012326797));
#517 = CARTESIAN_POINT('',(-2.135519538413,0.461742364492));
#518 = CARTESIAN_POINT('',(-2.152160475503,0.5));
#519 = ( GEOMETRIC_REPRESENTATION_CONTEXT(2) 
PARAMETRIC_REPRESENTATION_CONTEXT() REPRESENTATION_CONTEXT('2D SPACE',''
  ) );
#520 = ORIENTED_EDGE('',*,*,#521,.F.);
#521 = EDGE_CURVE('',#42,#472,#522,.T.);
#522 = SURFACE_CURVE('',#523,(#527,#534),.PCURVE_S1.);
#523 = LINE('',#524,#525);
#524 = CARTESIAN_POINT('',(-35.93792429909,-4.505,-1.));
#525 = VECTOR('',#526,1.);
#526 = DIRECTION('',(0.,2.22044604925E-16,1.));
#527 = PCURVE('',#89,#528);
#528 = DEFINITIONAL_REPRESENTATION('',(#529),#533);
#529 = LINE('',#530,#531);
#530 = CARTESIAN_POINT('',(0.57792429909,12.4));
#531 = VECTOR('',#532,1.);
#532 = DIRECTION('',(0.,-1.));
#533 = ( GEOMETRIC_REPRESENTATION_CONTEXT(2) 
PARAMETRIC_REPRESENTATION_CONTEXT() REPRESENTATION_CONTEXT('2D SPACE',''
  ) );
#534 = PCURVE('',#173,#535);
#535 = DEFINITIONAL_REPRESENTATION('',(#536),#540);
#536 = LINE('',#537,#538);
#537 = CARTESIAN_POINT('',(8.843413812061,0.));
#538 = VECTOR('',#539,1.);
#539 = DIRECTION('',(0.,1.));
#540 = ( GEOMETRIC_REPRESENTATION_CONTEXT(2) 
PARAMETRIC_REPRESENTATION_CONTEXT() REPRESENTATION_CONTEXT('2D SPACE',''
  ) );
#541 = ORIENTED_EDGE('',*,*,#75,.T.);
#542 = ADVANCED_FACE('',(#543,#657,#688,#719,#750,#805,#836,#867,#898,
    #929),#123,.T.);
#543 = FACE_BOUND('',#544,.T.);
#544 = EDGE_LOOP('',(#545,#575,#603,#631));
#545 = ORIENTED_EDGE('',*,*,#546,.F.);
#546 = EDGE_CURVE('',#547,#549,#551,.T.);
#547 = VERTEX_POINT('',#548);
#548 = CARTESIAN_POINT('',(-45.,-15.,1.));
#549 = VERTEX_POINT('',#550);
#550 = CARTESIAN_POINT('',(-45.,75.,1.));
#551 = SURFACE_CURVE('',#552,(#556,#563),.PCURVE_S1.);
#552 = LINE('',#553,#554);
#553 = CARTESIAN_POINT('',(-45.,52.5,1.));
#554 = VECTOR('',#555,1.);
#555 = DIRECTION('',(0.,1.,-2.22044604925E-16));
#556 = PCURVE('',#123,#557);
#557 = DEFINITIONAL_REPRESENTATION('',(#558),#562);
#558 = LINE('',#559,#560);
#559 = CARTESIAN_POINT('',(-22.5,-30.));
#560 = VECTOR('',#561,1.);
#561 = DIRECTION('',(-1.,0.));
#562 = ( GEOMETRIC_REPRESENTATION_CONTEXT(2) 
PARAMETRIC_REPRESENTATION_CONTEXT() REPRESENTATION_CONTEXT('2D SPACE',''
  ) );
#563 = PCURVE('',#564,#569);
#564 = PLANE('',#565);
#565 = AXIS2_PLACEMENT_3D('',#566,#567,#568);
#566 = CARTESIAN_POINT('',(-45.,75.,-1.665334536938E-14));
#567 = DIRECTION('',(1.,0.,0.));
#568 = DIRECTION('',(0.,-1.,2.22044604925E-16));
#569 = DEFINITIONAL_REPRESENTATION('',(#570),#574);
#570 = LINE('',#571,#572);
#571 = CARTESIAN_POINT('',(22.5,-1.));
#572 = VECTOR('',#573,1.);
#573 = DIRECTION('',(-1.,0.));
#574 = ( GEOMETRIC_REPRESENTATION_CONTEXT(2) 
PARAMETRIC_REPRESENTATION_CONTEXT() REPRESENTATION_CONTEXT('2D SPACE',''
  ) );
#575 = ORIENTED_EDGE('',*,*,#576,.T.);
#576 = EDGE_CURVE('',#547,#577,#579,.T.);
#577 = VERTEX_POINT('',#578);
#578 = CARTESIAN_POINT('',(15.,-15.,1.));
#579 = SURFACE_CURVE('',#580,(#584,#591),.PCURVE_S1.);
#580 = LINE('',#581,#582);
#581 = CARTESIAN_POINT('',(-30.,-15.,1.));
#582 = VECTOR('',#583,1.);
#583 = DIRECTION('',(1.,0.,0.));
#584 = PCURVE('',#123,#585);
#585 = DEFINITIONAL_REPRESENTATION('',(#586),#590);
#586 = LINE('',#587,#588);
#587 = CARTESIAN_POINT('',(45.,-15.));
#588 = VECTOR('',#589,1.);
#589 = DIRECTION('',(0.,1.));
#590 = ( GEOMETRIC_REPRESENTATION_CONTEXT(2) 
PARAMETRIC_REPRESENTATION_CONTEXT() REPRESENTATION_CONTEXT('2D SPACE',''
  ) );
#591 = PCURVE('',#592,#597);
#592 = PLANE('',#593);
#593 = AXIS2_PLACEMENT_3D('',#594,#595,#596);
#594 = CARTESIAN_POINT('',(-45.,-15.,3.330669073875E-15));
#595 = DIRECTION('',(0.,-1.,2.22044604925E-16));
#596 = DIRECTION('',(1.,0.,0.));
#597 = DEFINITIONAL_REPRESENTATION('',(#598),#602);
#598 = LINE('',#599,#600);
#599 = CARTESIAN_POINT('',(15.,1.));
#600 = VECTOR('',#601,1.);
#601 = DIRECTION('',(1.,0.));
#602 = ( GEOMETRIC_REPRESENTATION_CONTEXT(2) 
PARAMETRIC_REPRESENTATION_CONTEXT() REPRESENTATION_CONTEXT('2D SPACE',''
  ) );
#603 = ORIENTED_EDGE('',*,*,#604,.T.);
#604 = EDGE_CURVE('',#577,#605,#607,.T.);
#605 = VERTEX_POINT('',#606);
#606 = CARTESIAN_POINT('',(15.,75.,1.));
#607 = SURFACE_CURVE('',#608,(#612,#619),.PCURVE_S1.);
#608 = LINE('',#609,#610);
#609 = CARTESIAN_POINT('',(15.,52.5,1.));
#610 = VECTOR('',#611,1.);
#611 = DIRECTION('',(0.,1.,-2.22044604925E-16));
#612 = PCURVE('',#123,#613);
#613 = DEFINITIONAL_REPRESENTATION('',(#614),#618);
#614 = LINE('',#615,#616);
#615 = CARTESIAN_POINT('',(-22.5,30.));
#616 = VECTOR('',#617,1.);
#617 = DIRECTION('',(-1.,0.));
#618 = ( GEOMETRIC_REPRESENTATION_CONTEXT(2) 
PARAMETRIC_REPRESENTATION_CONTEXT() REPRESENTATION_CONTEXT('2D SPACE',''
  ) );
#619 = PCURVE('',#620,#625);
#620 = PLANE('',#621);
#621 = AXIS2_PLACEMENT_3D('',#622,#623,#624);
#622 = CARTESIAN_POINT('',(15.,75.,-1.665334536938E-14));
#623 = DIRECTION('',(1.,0.,0.));
#624 = DIRECTION('',(0.,-1.,2.22044604925E-16));
#625 = DEFINITIONAL_REPRESENTATION('',(#626),#630);
#626 = LINE('',#627,#628);
#627 = CARTESIAN_POINT('',(22.5,-1.));
#628 = VECTOR('',#629,1.);
#629 = DIRECTION('',(-1.,0.));
#630 = ( GEOMETRIC_REPRESENTATION_CONTEXT(2) 
PARAMETRIC_REPRESENTATION_CONTEXT() REPRESENTATION_CONTEXT('2D SPACE',''
  ) );
#631 = ORIENTED_EDGE('',*,*,#632,.F.);
#632 = EDGE_CURVE('',#549,#605,#633,.T.);
#633 = SURFACE_CURVE('',#634,(#638,#645),.PCURVE_S1.);
#634 = LINE('',#635,#636);
#635 = CARTESIAN_POINT('',(-30.,75.,1.));
#636 = VECTOR('',#637,1.);
#637 = DIRECTION('',(1.,0.,0.));
#638 = PCURVE('',#123,#639);
#639 = DEFINITIONAL_REPRESENTATION('',(#640),#644);
#640 = LINE('',#641,#642);
#641 = CARTESIAN_POINT('',(-45.,-15.));
#642 = VECTOR('',#643,1.);
#643 = DIRECTION('',(0.,1.));
#644 = ( GEOMETRIC_REPRESENTATION_CONTEXT(2) 
PARAMETRIC_REPRESENTATION_CONTEXT() REPRESENTATION_CONTEXT('2D SPACE',''
  ) );
#645 = PCURVE('',#646,#651);
#646 = PLANE('',#647);
#647 = AXIS2_PLACEMENT_3D('',#648,#649,#650);
#648 = CARTESIAN_POINT('',(-45.,75.,-1.665334536938E-14));
#649 = DIRECTION('',(0.,-1.,2.22044604925E-16));
#650 = DIRECTION('',(1.,0.,0.));
#651 = DEFINITIONAL_REPRESENTATION('',(#652),#656);
#652 = LINE('',#653,#654);
#653 = CARTESIAN_POINT('',(15.,1.));
#654 = VECTOR('',#655,1.);
#655 = DIRECTION('',(1.,0.));
#656 = ( GEOMETRIC_REPRESENTATION_CONTEXT(2) 
PARAMETRIC_REPRESENTATION_CONTEXT() REPRESENTATION_CONTEXT('2D SPACE',''
  ) );
#657 = FACE_BOUND('',#658,.T.);
#658 = EDGE_LOOP('',(#659));
#659 = ORIENTED_EDGE('',*,*,#660,.F.);
#660 = EDGE_CURVE('',#661,#661,#663,.T.);
#661 = VERTEX_POINT('',#662);
#662 = CARTESIAN_POINT('',(-44.63,68.72,1.));
#663 = SURFACE_CURVE('',#664,(#669,#676),.PCURVE_S1.);
#664 = CIRCLE('',#665,5.5);
#665 = AXIS2_PLACEMENT_3D('',#666,#667,#668);
#666 = CARTESIAN_POINT('',(-39.13,68.72,1.));
#667 = DIRECTION('',(-0.,2.22044604925E-16,1.));
#668 = DIRECTION('',(1.,0.,0.));
#669 = PCURVE('',#123,#670);
#670 = DEFINITIONAL_REPRESENTATION('',(#671),#675);
#671 = CIRCLE('',#672,5.5);
#672 = AXIS2_PLACEMENT_2D('',#673,#674);
#673 = CARTESIAN_POINT('',(-38.72,-24.13));
#674 = DIRECTION('',(0.,1.));
#675 = ( GEOMETRIC_REPRESENTATION_CONTEXT(2) 
PARAMETRIC_REPRESENTATION_CONTEXT() REPRESENTATION_CONTEXT('2D SPACE',''
  ) );
#676 = PCURVE('',#677,#682);
#677 = CONICAL_SURFACE('',#678,4.5,0.785398163397);
#678 = AXIS2_PLACEMENT_3D('',#679,#680,#681);
#679 = CARTESIAN_POINT('',(-39.13,68.72,2.));
#680 = DIRECTION('',(0.,-2.22044604925E-16,-1.));
#681 = DIRECTION('',(1.,0.,0.));
#682 = DEFINITIONAL_REPRESENTATION('',(#683),#687);
#683 = LINE('',#684,#685);
#684 = CARTESIAN_POINT('',(12.56637061436,1.));
#685 = VECTOR('',#686,1.);
#686 = DIRECTION('',(-1.,0.));
#687 = ( GEOMETRIC_REPRESENTATION_CONTEXT(2) 
PARAMETRIC_REPRESENTATION_CONTEXT() REPRESENTATION_CONTEXT('2D SPACE',''
  ) );
#688 = FACE_BOUND('',#689,.T.);
#689 = EDGE_LOOP('',(#690));
#690 = ORIENTED_EDGE('',*,*,#691,.F.);
#691 = EDGE_CURVE('',#692,#692,#694,.T.);
#692 = VERTEX_POINT('',#693);
#693 = CARTESIAN_POINT('',(-23.75,60.000000000002,1.));
#694 = SURFACE_CURVE('',#695,(#700,#707),.PCURVE_S1.);
#695 = CIRCLE('',#696,6.25);
#696 = AXIS2_PLACEMENT_3D('',#697,#698,#699);
#697 = CARTESIAN_POINT('',(-30.,60.000000000002,1.));
#698 = DIRECTION('',(0.,0.,1.));
#699 = DIRECTION('',(1.,0.,-0.));
#700 = PCURVE('',#123,#701);
#701 = DEFINITIONAL_REPRESENTATION('',(#702),#706);
#702 = CIRCLE('',#703,6.25);
#703 = AXIS2_PLACEMENT_2D('',#704,#705);
#704 = CARTESIAN_POINT('',(-30.,-15.));
#705 = DIRECTION('',(0.,1.));
#706 = ( GEOMETRIC_REPRESENTATION_CONTEXT(2) 
PARAMETRIC_REPRESENTATION_CONTEXT() REPRESENTATION_CONTEXT('2D SPACE',''
  ) );
#707 = PCURVE('',#708,#713);
#708 = TOROIDAL_SURFACE('',#709,6.25,0.25);
#709 = AXIS2_PLACEMENT_3D('',#710,#711,#712);
#710 = CARTESIAN_POINT('',(-30.,60.000000000002,0.75));
#711 = DIRECTION('',(-0.,-0.,-1.));
#712 = DIRECTION('',(1.,0.,0.));
#713 = DEFINITIONAL_REPRESENTATION('',(#714),#718);
#714 = LINE('',#715,#716);
#715 = CARTESIAN_POINT('',(6.28318530718,4.712388980385));
#716 = VECTOR('',#717,1.);
#717 = DIRECTION('',(-1.,0.));
#718 = ( GEOMETRIC_REPRESENTATION_CONTEXT(2) 
PARAMETRIC_REPRESENTATION_CONTEXT() REPRESENTATION_CONTEXT('2D SPACE',''
  ) );
#719 = FACE_BOUND('',#720,.T.);
#720 = EDGE_LOOP('',(#721));
#721 = ORIENTED_EDGE('',*,*,#722,.F.);
#722 = EDGE_CURVE('',#723,#723,#725,.T.);
#723 = VERTEX_POINT('',#724);
#724 = CARTESIAN_POINT('',(-23.75,30.000000000002,1.));
#725 = SURFACE_CURVE('',#726,(#731,#738),.PCURVE_S1.);
#726 = CIRCLE('',#727,6.25);
#727 = AXIS2_PLACEMENT_3D('',#728,#729,#730);
#728 = CARTESIAN_POINT('',(-30.,30.000000000002,1.));
#729 = DIRECTION('',(0.,0.,1.));
#730 = DIRECTION('',(1.,0.,-0.));
#731 = PCURVE('',#123,#732);
#732 = DEFINITIONAL_REPRESENTATION('',(#733),#737);
#733 = CIRCLE('',#734,6.25);
#734 = AXIS2_PLACEMENT_2D('',#735,#736);
#735 = CARTESIAN_POINT('',(-2.000177801165E-12,-15.));
#736 = DIRECTION('',(0.,1.));
#737 = ( GEOMETRIC_REPRESENTATION_CONTEXT(2) 
PARAMETRIC_REPRESENTATION_CONTEXT() REPRESENTATION_CONTEXT('2D SPACE',''
  ) );
#738 = PCURVE('',#739,#744);
#739 = TOROIDAL_SURFACE('',#740,6.25,0.25);
#740 = AXIS2_PLACEMENT_3D('',#741,#742,#743);
#741 = CARTESIAN_POINT('',(-30.,30.000000000002,0.75));
#742 = DIRECTION('',(-0.,-0.,-1.));
#743 = DIRECTION('',(1.,0.,0.));
#744 = DEFINITIONAL_REPRESENTATION('',(#745),#749);
#745 = LINE('',#746,#747);
#746 = CARTESIAN_POINT('',(6.28318530718,4.712388980385));
#747 = VECTOR('',#748,1.);
#748 = DIRECTION('',(-1.,0.));
#749 = ( GEOMETRIC_REPRESENTATION_CONTEXT(2) 
PARAMETRIC_REPRESENTATION_CONTEXT() REPRESENTATION_CONTEXT('2D SPACE',''
  ) );
#750 = FACE_BOUND('',#751,.T.);
#751 = EDGE_LOOP('',(#752,#753,#754,#783));
#752 = ORIENTED_EDGE('',*,*,#209,.F.);
#753 = ORIENTED_EDGE('',*,*,#104,.F.);
#754 = ORIENTED_EDGE('',*,*,#755,.F.);
#755 = EDGE_CURVE('',#756,#105,#758,.T.);
#756 = VERTEX_POINT('',#757);
#757 = CARTESIAN_POINT('',(-23.75,2.463E-12,1.));
#758 = SURFACE_CURVE('',#759,(#764,#771),.PCURVE_S1.);
#759 = CIRCLE('',#760,6.25);
#760 = AXIS2_PLACEMENT_3D('',#761,#762,#763);
#761 = CARTESIAN_POINT('',(-30.,2.46292E-12,1.));
#762 = DIRECTION('',(0.,0.,1.));
#763 = DIRECTION('',(1.,0.,-0.));
#764 = PCURVE('',#123,#765);
#765 = DEFINITIONAL_REPRESENTATION('',(#766),#770);
#766 = CIRCLE('',#767,6.25);
#767 = AXIS2_PLACEMENT_2D('',#768,#769);
#768 = CARTESIAN_POINT('',(29.999999999998,-15.));
#769 = DIRECTION('',(0.,1.));
#770 = ( GEOMETRIC_REPRESENTATION_CONTEXT(2) 
PARAMETRIC_REPRESENTATION_CONTEXT() REPRESENTATION_CONTEXT('2D SPACE',''
  ) );
#771 = PCURVE('',#772,#777);
#772 = TOROIDAL_SURFACE('',#773,6.25,0.25);
#773 = AXIS2_PLACEMENT_3D('',#774,#775,#776);
#774 = CARTESIAN_POINT('',(-30.,2.46292E-12,0.75));
#775 = DIRECTION('',(-0.,-0.,-1.));
#776 = DIRECTION('',(1.,0.,0.));
#777 = DEFINITIONAL_REPRESENTATION('',(#778),#782);
#778 = LINE('',#779,#780);
#779 = CARTESIAN_POINT('',(6.28318530718,4.712388980385));
#780 = VECTOR('',#781,1.);
#781 = DIRECTION('',(-1.,0.));
#782 = ( GEOMETRIC_REPRESENTATION_CONTEXT(2) 
PARAMETRIC_REPRESENTATION_CONTEXT() REPRESENTATION_CONTEXT('2D SPACE',''
  ) );
#783 = ORIENTED_EDGE('',*,*,#784,.F.);
#784 = EDGE_CURVE('',#210,#756,#785,.T.);
#785 = SURFACE_CURVE('',#786,(#791,#798),.PCURVE_S1.);
#786 = CIRCLE('',#787,6.25);
#787 = AXIS2_PLACEMENT_3D('',#788,#789,#790);
#788 = CARTESIAN_POINT('',(-30.,2.46292E-12,1.));
#789 = DIRECTION('',(0.,0.,1.));
#790 = DIRECTION('',(1.,0.,-0.));
#791 = PCURVE('',#123,#792);
#792 = DEFINITIONAL_REPRESENTATION('',(#793),#797);
#793 = CIRCLE('',#794,6.25);
#794 = AXIS2_PLACEMENT_2D('',#795,#796);
#795 = CARTESIAN_POINT('',(29.999999999998,-15.));
#796 = DIRECTION('',(0.,1.));
#797 = ( GEOMETRIC_REPRESENTATION_CONTEXT(2) 
PARAMETRIC_REPRESENTATION_CONTEXT() REPRESENTATION_CONTEXT('2D SPACE',''
  ) );
#798 = PCURVE('',#772,#799);
#799 = DEFINITIONAL_REPRESENTATION('',(#800),#804);
#800 = LINE('',#801,#802);
#801 = CARTESIAN_POINT('',(6.28318530718,4.712388980385));
#802 = VECTOR('',#803,1.);
#803 = DIRECTION('',(-1.,0.));
#804 = ( GEOMETRIC_REPRESENTATION_CONTEXT(2) 
PARAMETRIC_REPRESENTATION_CONTEXT() REPRESENTATION_CONTEXT('2D SPACE',''
  ) );
#805 = FACE_BOUND('',#806,.T.);
#806 = EDGE_LOOP('',(#807));
#807 = ORIENTED_EDGE('',*,*,#808,.F.);
#808 = EDGE_CURVE('',#809,#809,#811,.T.);
#809 = VERTEX_POINT('',#810);
#810 = CARTESIAN_POINT('',(6.249999999996,60.000000000002,1.));
#811 = SURFACE_CURVE('',#812,(#817,#824),.PCURVE_S1.);
#812 = CIRCLE('',#813,6.25);
#813 = AXIS2_PLACEMENT_3D('',#814,#815,#816);
#814 = CARTESIAN_POINT('',(-4.181638661852E-12,60.000000000002,1.));
#815 = DIRECTION('',(0.,0.,1.));
#816 = DIRECTION('',(1.,0.,-0.));
#817 = PCURVE('',#123,#818);
#818 = DEFINITIONAL_REPRESENTATION('',(#819),#823);
#819 = CIRCLE('',#820,6.25);
#820 = AXIS2_PLACEMENT_2D('',#821,#822);
#821 = CARTESIAN_POINT('',(-30.,14.999999999996));
#822 = DIRECTION('',(0.,1.));
#823 = ( GEOMETRIC_REPRESENTATION_CONTEXT(2) 
PARAMETRIC_REPRESENTATION_CONTEXT() REPRESENTATION_CONTEXT('2D SPACE',''
  ) );
#824 = PCURVE('',#825,#830);
#825 = TOROIDAL_SURFACE('',#826,6.25,0.25);
#826 = AXIS2_PLACEMENT_3D('',#827,#828,#829);
#827 = CARTESIAN_POINT('',(-4.181638661852E-12,60.000000000002,0.75));
#828 = DIRECTION('',(-0.,-0.,-1.));
#829 = DIRECTION('',(1.,0.,0.));
#830 = DEFINITIONAL_REPRESENTATION('',(#831),#835);
#831 = LINE('',#832,#833);
#832 = CARTESIAN_POINT('',(6.28318530718,4.712388980385));
#833 = VECTOR('',#834,1.);
#834 = DIRECTION('',(-1.,0.));
#835 = ( GEOMETRIC_REPRESENTATION_CONTEXT(2) 
PARAMETRIC_REPRESENTATION_CONTEXT() REPRESENTATION_CONTEXT('2D SPACE',''
  ) );
#836 = FACE_BOUND('',#837,.T.);
#837 = EDGE_LOOP('',(#838));
#838 = ORIENTED_EDGE('',*,*,#839,.F.);
#839 = EDGE_CURVE('',#840,#840,#842,.T.);
#840 = VERTEX_POINT('',#841);
#841 = CARTESIAN_POINT('',(3.63,67.45,1.));
#842 = SURFACE_CURVE('',#843,(#848,#855),.PCURVE_S1.);
#843 = CIRCLE('',#844,5.5);
#844 = AXIS2_PLACEMENT_3D('',#845,#846,#847);
#845 = CARTESIAN_POINT('',(9.13,67.45,1.));
#846 = DIRECTION('',(-0.,2.22044604925E-16,1.));
#847 = DIRECTION('',(1.,0.,0.));
#848 = PCURVE('',#123,#849);
#849 = DEFINITIONAL_REPRESENTATION('',(#850),#854);
#850 = CIRCLE('',#851,5.5);
#851 = AXIS2_PLACEMENT_2D('',#852,#853);
#852 = CARTESIAN_POINT('',(-37.45,24.13));
#853 = DIRECTION('',(0.,1.));
#854 = ( GEOMETRIC_REPRESENTATION_CONTEXT(2) 
PARAMETRIC_REPRESENTATION_CONTEXT() REPRESENTATION_CONTEXT('2D SPACE',''
  ) );
#855 = PCURVE('',#856,#861);
#856 = CONICAL_SURFACE('',#857,4.5,0.785398163397);
#857 = AXIS2_PLACEMENT_3D('',#858,#859,#860);
#858 = CARTESIAN_POINT('',(9.13,67.45,2.));
#859 = DIRECTION('',(0.,-2.22044604925E-16,-1.));
#860 = DIRECTION('',(1.,0.,0.));
#861 = DEFINITIONAL_REPRESENTATION('',(#862),#866);
#862 = LINE('',#863,#864);
#863 = CARTESIAN_POINT('',(6.28318530718,1.));
#864 = VECTOR('',#865,1.);
#865 = DIRECTION('',(-1.,0.));
#866 = ( GEOMETRIC_REPRESENTATION_CONTEXT(2) 
PARAMETRIC_REPRESENTATION_CONTEXT() REPRESENTATION_CONTEXT('2D SPACE',''
  ) );
#867 = FACE_BOUND('',#868,.T.);
#868 = EDGE_LOOP('',(#869));
#869 = ORIENTED_EDGE('',*,*,#870,.F.);
#870 = EDGE_CURVE('',#871,#871,#873,.T.);
#871 = VERTEX_POINT('',#872);
#872 = CARTESIAN_POINT('',(-11.61,16.69,1.));
#873 = SURFACE_CURVE('',#874,(#879,#886),.PCURVE_S1.);
#874 = CIRCLE('',#875,5.5);
#875 = AXIS2_PLACEMENT_3D('',#876,#877,#878);
#876 = CARTESIAN_POINT('',(-6.11,16.69,1.));
#877 = DIRECTION('',(-0.,2.22044604925E-16,1.));
#878 = DIRECTION('',(1.,0.,0.));
#879 = PCURVE('',#123,#880);
#880 = DEFINITIONAL_REPRESENTATION('',(#881),#885);
#881 = CIRCLE('',#882,5.5);
#882 = AXIS2_PLACEMENT_2D('',#883,#884);
#883 = CARTESIAN_POINT('',(13.31,8.89));
#884 = DIRECTION('',(0.,1.));
#885 = ( GEOMETRIC_REPRESENTATION_CONTEXT(2) 
PARAMETRIC_REPRESENTATION_CONTEXT() REPRESENTATION_CONTEXT('2D SPACE',''
  ) );
#886 = PCURVE('',#887,#892);
#887 = CONICAL_SURFACE('',#888,4.5,0.785398163397);
#888 = AXIS2_PLACEMENT_3D('',#889,#890,#891);
#889 = CARTESIAN_POINT('',(-6.11,16.69,2.));
#890 = DIRECTION('',(0.,-2.22044604925E-16,-1.));
#891 = DIRECTION('',(1.,0.,0.));
#892 = DEFINITIONAL_REPRESENTATION('',(#893),#897);
#893 = LINE('',#894,#895);
#894 = CARTESIAN_POINT('',(12.56637061436,1.));
#895 = VECTOR('',#896,1.);
#896 = DIRECTION('',(-1.,0.));
#897 = ( GEOMETRIC_REPRESENTATION_CONTEXT(2) 
PARAMETRIC_REPRESENTATION_CONTEXT() REPRESENTATION_CONTEXT('2D SPACE',''
  ) );
#898 = FACE_BOUND('',#899,.T.);
#899 = EDGE_LOOP('',(#900));
#900 = ORIENTED_EDGE('',*,*,#901,.F.);
#901 = EDGE_CURVE('',#902,#902,#904,.T.);
#902 = VERTEX_POINT('',#903);
#903 = CARTESIAN_POINT('',(6.249999999996,30.000000000002,1.));
#904 = SURFACE_CURVE('',#905,(#910,#917),.PCURVE_S1.);
#905 = CIRCLE('',#906,6.25);
#906 = AXIS2_PLACEMENT_3D('',#907,#908,#909);
#907 = CARTESIAN_POINT('',(-4.184969330926E-12,30.000000000002,1.));
#908 = DIRECTION('',(0.,0.,1.));
#909 = DIRECTION('',(1.,0.,-0.));
#910 = PCURVE('',#123,#911);
#911 = DEFINITIONAL_REPRESENTATION('',(#912),#916);
#912 = CIRCLE('',#913,6.25);
#913 = AXIS2_PLACEMENT_2D('',#914,#915);
#914 = CARTESIAN_POINT('',(-2.000177801165E-12,14.999999999996));
#915 = DIRECTION('',(0.,1.));
#916 = ( GEOMETRIC_REPRESENTATION_CONTEXT(2) 
PARAMETRIC_REPRESENTATION_CONTEXT() REPRESENTATION_CONTEXT('2D SPACE',''
  ) );
#917 = PCURVE('',#918,#923);
#918 = TOROIDAL_SURFACE('',#919,6.25,0.25);
#919 = AXIS2_PLACEMENT_3D('',#920,#921,#922);
#920 = CARTESIAN_POINT('',(-4.184969330926E-12,30.000000000002,0.75));
#921 = DIRECTION('',(-0.,-0.,-1.));
#922 = DIRECTION('',(1.,0.,0.));
#923 = DEFINITIONAL_REPRESENTATION('',(#924),#928);
#924 = LINE('',#925,#926);
#925 = CARTESIAN_POINT('',(6.28318530718,4.712388980385));
#926 = VECTOR('',#927,1.);
#927 = DIRECTION('',(-1.,0.));
#928 = ( GEOMETRIC_REPRESENTATION_CONTEXT(2) 
PARAMETRIC_REPRESENTATION_CONTEXT() REPRESENTATION_CONTEXT('2D SPACE',''
  ) );
#929 = FACE_BOUND('',#930,.T.);
#930 = EDGE_LOOP('',(#931,#962,#986,#1015));
#931 = ORIENTED_EDGE('',*,*,#932,.F.);
#932 = EDGE_CURVE('',#933,#935,#937,.T.);
#933 = VERTEX_POINT('',#934);
#934 = CARTESIAN_POINT('',(2.35,-7.43,1.));
#935 = VERTEX_POINT('',#936);
#936 = CARTESIAN_POINT('',(5.801100652244,-2.325882890963,1.));
#937 = SURFACE_CURVE('',#938,(#943,#950),.PCURVE_S1.);
#938 = CIRCLE('',#939,5.5);
#939 = AXIS2_PLACEMENT_3D('',#940,#941,#942);
#940 = CARTESIAN_POINT('',(7.85,-7.43,1.));
#941 = DIRECTION('',(-0.,2.22044604925E-16,1.));
#942 = DIRECTION('',(1.,0.,0.));
#943 = PCURVE('',#123,#944);
#944 = DEFINITIONAL_REPRESENTATION('',(#945),#949);
#945 = CIRCLE('',#946,5.5);
#946 = AXIS2_PLACEMENT_2D('',#947,#948);
#947 = CARTESIAN_POINT('',(37.43,22.85));
#948 = DIRECTION('',(0.,1.));
#949 = ( GEOMETRIC_REPRESENTATION_CONTEXT(2) 
PARAMETRIC_REPRESENTATION_CONTEXT() REPRESENTATION_CONTEXT('2D SPACE',''
  ) );
#950 = PCURVE('',#951,#956);
#951 = CONICAL_SURFACE('',#952,4.5,0.785398163397);
#952 = AXIS2_PLACEMENT_3D('',#953,#954,#955);
#953 = CARTESIAN_POINT('',(7.85,-7.43,2.));
#954 = DIRECTION('',(0.,-2.22044604925E-16,-1.));
#955 = DIRECTION('',(1.,0.,0.));
#956 = DEFINITIONAL_REPRESENTATION('',(#957),#961);
#957 = LINE('',#958,#959);
#958 = CARTESIAN_POINT('',(6.28318530718,1.));
#959 = VECTOR('',#960,1.);
#960 = DIRECTION('',(-1.,0.));
#961 = ( GEOMETRIC_REPRESENTATION_CONTEXT(2) 
PARAMETRIC_REPRESENTATION_CONTEXT() REPRESENTATION_CONTEXT('2D SPACE',''
  ) );
#962 = ORIENTED_EDGE('',*,*,#963,.F.);
#963 = EDGE_CURVE('',#964,#933,#966,.T.);
#964 = VERTEX_POINT('',#965);
#965 = CARTESIAN_POINT('',(2.641038905766,-5.6645753149,1.));
#966 = SURFACE_CURVE('',#967,(#972,#979),.PCURVE_S1.);
#967 = CIRCLE('',#968,5.5);
#968 = AXIS2_PLACEMENT_3D('',#969,#970,#971);
#969 = CARTESIAN_POINT('',(7.85,-7.43,1.));
#970 = DIRECTION('',(-0.,2.22044604925E-16,1.));
#971 = DIRECTION('',(1.,0.,0.));
#972 = PCURVE('',#123,#973);
#973 = DEFINITIONAL_REPRESENTATION('',(#974),#978);
#974 = CIRCLE('',#975,5.5);
#975 = AXIS2_PLACEMENT_2D('',#976,#977);
#976 = CARTESIAN_POINT('',(37.43,22.85));
#977 = DIRECTION('',(0.,1.));
#978 = ( GEOMETRIC_REPRESENTATION_CONTEXT(2) 
PARAMETRIC_REPRESENTATION_CONTEXT() REPRESENTATION_CONTEXT('2D SPACE',''
  ) );
#979 = PCURVE('',#951,#980);
#980 = DEFINITIONAL_REPRESENTATION('',(#981),#985);
#981 = LINE('',#982,#983);
#982 = CARTESIAN_POINT('',(4.138911435803E-13,1.));
#983 = VECTOR('',#984,1.);
#984 = DIRECTION('',(-1.,0.));
#985 = ( GEOMETRIC_REPRESENTATION_CONTEXT(2) 
PARAMETRIC_REPRESENTATION_CONTEXT() REPRESENTATION_CONTEXT('2D SPACE',''
  ) );
#986 = ORIENTED_EDGE('',*,*,#987,.F.);
#987 = EDGE_CURVE('',#988,#964,#990,.T.);
#988 = VERTEX_POINT('',#989);
#989 = CARTESIAN_POINT('',(6.249999999996,2.463E-12,1.));
#990 = SURFACE_CURVE('',#991,(#996,#1003),.PCURVE_S1.);
#991 = CIRCLE('',#992,6.25);
#992 = AXIS2_PLACEMENT_3D('',#993,#994,#995);
#993 = CARTESIAN_POINT('',(-4.1883E-12,2.46292E-12,1.));
#994 = DIRECTION('',(0.,0.,1.));
#995 = DIRECTION('',(1.,0.,-0.));
#996 = PCURVE('',#123,#997);
#997 = DEFINITIONAL_REPRESENTATION('',(#998),#1002);
#998 = CIRCLE('',#999,6.25);
#999 = AXIS2_PLACEMENT_2D('',#1000,#1001);
#1000 = CARTESIAN_POINT('',(29.999999999998,14.999999999996));
#1001 = DIRECTION('',(0.,1.));
#1002 = ( GEOMETRIC_REPRESENTATION_CONTEXT(2) 
PARAMETRIC_REPRESENTATION_CONTEXT() REPRESENTATION_CONTEXT('2D SPACE',''
  ) );
#1003 = PCURVE('',#1004,#1009);
#1004 = TOROIDAL_SURFACE('',#1005,6.25,0.25);
#1005 = AXIS2_PLACEMENT_3D('',#1006,#1007,#1008);
#1006 = CARTESIAN_POINT('',(-4.1883E-12,2.46292E-12,0.75));
#1007 = DIRECTION('',(-0.,-0.,-1.));
#1008 = DIRECTION('',(1.,0.,0.));
#1009 = DEFINITIONAL_REPRESENTATION('',(#1010),#1014);
#1010 = LINE('',#1011,#1012);
#1011 = CARTESIAN_POINT('',(6.28318530718,4.712388980385));
#1012 = VECTOR('',#1013,1.);
#1013 = DIRECTION('',(-1.,0.));
#1014 = ( GEOMETRIC_REPRESENTATION_CONTEXT(2) 
PARAMETRIC_REPRESENTATION_CONTEXT() REPRESENTATION_CONTEXT('2D SPACE',''
  ) );
#1015 = ORIENTED_EDGE('',*,*,#1016,.F.);
#1016 = EDGE_CURVE('',#935,#988,#1017,.T.);
#1017 = SURFACE_CURVE('',#1018,(#1023,#1030),.PCURVE_S1.);
#1018 = CIRCLE('',#1019,6.25);
#1019 = AXIS2_PLACEMENT_3D('',#1020,#1021,#1022);
#1020 = CARTESIAN_POINT('',(-4.1883E-12,2.46292E-12,1.));
#1021 = DIRECTION('',(0.,0.,1.));
#1022 = DIRECTION('',(1.,0.,-0.));
#1023 = PCURVE('',#123,#1024);
#1024 = DEFINITIONAL_REPRESENTATION('',(#1025),#1029);
#1025 = CIRCLE('',#1026,6.25);
#1026 = AXIS2_PLACEMENT_2D('',#1027,#1028);
#1027 = CARTESIAN_POINT('',(29.999999999998,14.999999999996));
#1028 = DIRECTION('',(0.,1.));
#1029 = ( GEOMETRIC_REPRESENTATION_CONTEXT(2) 
PARAMETRIC_REPRESENTATION_CONTEXT() REPRESENTATION_CONTEXT('2D SPACE',''
  ) );
#1030 = PCURVE('',#1004,#1031);
#1031 = DEFINITIONAL_REPRESENTATION('',(#1032),#1036);
#1032 = LINE('',#1033,#1034);
#1033 = CARTESIAN_POINT('',(6.28318530718,4.712388980385));
#1034 = VECTOR('',#1035,1.);
#1035 = DIRECTION('',(-1.,0.));
#1036 = ( GEOMETRIC_REPRESENTATION_CONTEXT(2) 
PARAMETRIC_REPRESENTATION_CONTEXT() REPRESENTATION_CONTEXT('2D SPACE',''
  ) );
#1037 = ADVANCED_FACE('',(#1038),#371,.F.);
#1038 = FACE_BOUND('',#1039,.F.);
#1039 = EDGE_LOOP('',(#1040,#1041));
#1040 = ORIENTED_EDGE('',*,*,#233,.F.);
#1041 = ORIENTED_EDGE('',*,*,#1042,.T.);
#1042 = EDGE_CURVE('',#105,#210,#1043,.T.);
#1043 = SURFACE_CURVE('',#1044,(#1049,#1056),.PCURVE_S1.);
#1044 = CIRCLE('',#1045,6.25);
#1045 = AXIS2_PLACEMENT_3D('',#1046,#1047,#1048);
#1046 = CARTESIAN_POINT('',(-30.,2.46292E-12,1.));
#1047 = DIRECTION('',(0.,0.,1.));
#1048 = DIRECTION('',(1.,0.,-0.));
#1049 = PCURVE('',#371,#1050);
#1050 = DEFINITIONAL_REPRESENTATION('',(#1051),#1055);
#1051 = LINE('',#1052,#1053);
#1052 = CARTESIAN_POINT('',(6.28318530718,0.));
#1053 = VECTOR('',#1054,1.);
#1054 = DIRECTION('',(-1.,0.));
#1055 = ( GEOMETRIC_REPRESENTATION_CONTEXT(2) 
PARAMETRIC_REPRESENTATION_CONTEXT() REPRESENTATION_CONTEXT('2D SPACE',''
  ) );
#1056 = PCURVE('',#772,#1057);
#1057 = DEFINITIONAL_REPRESENTATION('',(#1058),#1062);
#1058 = LINE('',#1059,#1060);
#1059 = CARTESIAN_POINT('',(6.28318530718,4.712388980385));
#1060 = VECTOR('',#1061,1.);
#1061 = DIRECTION('',(-1.,0.));
#1062 = ( GEOMETRIC_REPRESENTATION_CONTEXT(2) 
PARAMETRIC_REPRESENTATION_CONTEXT() REPRESENTATION_CONTEXT('2D SPACE',''
  ) );
#1063 = ADVANCED_FACE('',(#1064),#173,.T.);
#1064 = FACE_BOUND('',#1065,.T.);
#1065 = EDGE_LOOP('',(#1066,#1067,#1068,#1069,#1070,#1094));
#1066 = ORIENTED_EDGE('',*,*,#448,.T.);
#1067 = ORIENTED_EDGE('',*,*,#158,.F.);
#1068 = ORIENTED_EDGE('',*,*,#186,.F.);
#1069 = ORIENTED_EDGE('',*,*,#521,.T.);
#1070 = ORIENTED_EDGE('',*,*,#1071,.F.);
#1071 = EDGE_CURVE('',#1072,#472,#1074,.T.);
#1072 = VERTEX_POINT('',#1073);
#1073 = CARTESIAN_POINT('',(-41.36,-7.43,10.4));
#1074 = SURFACE_CURVE('',#1075,(#1080,#1087),.PCURVE_S1.);
#1075 = CIRCLE('',#1076,3.5);
#1076 = AXIS2_PLACEMENT_3D('',#1077,#1078,#1079);
#1077 = CARTESIAN_POINT('',(-37.86,-7.43,10.4));
#1078 = DIRECTION('',(-0.,2.22044604925E-16,1.));
#1079 = DIRECTION('',(1.,0.,0.));
#1080 = PCURVE('',#173,#1081);
#1081 = DEFINITIONAL_REPRESENTATION('',(#1082),#1086);
#1082 = LINE('',#1083,#1084);
#1083 = CARTESIAN_POINT('',(1.570796326795,11.4));
#1084 = VECTOR('',#1085,1.);
#1085 = DIRECTION('',(1.,0.));
#1086 = ( GEOMETRIC_REPRESENTATION_CONTEXT(2) 
PARAMETRIC_REPRESENTATION_CONTEXT() REPRESENTATION_CONTEXT('2D SPACE',''
  ) );
#1087 = PCURVE('',#487,#1088);
#1088 = DEFINITIONAL_REPRESENTATION('',(#1089),#1093);
#1089 = LINE('',#1090,#1091);
#1090 = CARTESIAN_POINT('',(6.28318530718,0.5));
#1091 = VECTOR('',#1092,1.);
#1092 = DIRECTION('',(-1.,0.));
#1093 = ( GEOMETRIC_REPRESENTATION_CONTEXT(2) 
PARAMETRIC_REPRESENTATION_CONTEXT() REPRESENTATION_CONTEXT('2D SPACE',''
  ) );
#1094 = ORIENTED_EDGE('',*,*,#1095,.F.);
#1095 = EDGE_CURVE('',#449,#1072,#1096,.T.);
#1096 = SURFACE_CURVE('',#1097,(#1102,#1109),.PCURVE_S1.);
#1097 = CIRCLE('',#1098,3.5);
#1098 = AXIS2_PLACEMENT_3D('',#1099,#1100,#1101);
#1099 = CARTESIAN_POINT('',(-37.86,-7.43,10.4));
#1100 = DIRECTION('',(-0.,2.22044604925E-16,1.));
#1101 = DIRECTION('',(1.,0.,0.));
#1102 = PCURVE('',#173,#1103);
#1103 = DEFINITIONAL_REPRESENTATION('',(#1104),#1108);
#1104 = LINE('',#1105,#1106);
#1105 = CARTESIAN_POINT('',(1.570796326795,11.4));
#1106 = VECTOR('',#1107,1.);
#1107 = DIRECTION('',(1.,0.));
#1108 = ( GEOMETRIC_REPRESENTATION_CONTEXT(2) 
PARAMETRIC_REPRESENTATION_CONTEXT() REPRESENTATION_CONTEXT('2D SPACE',''
  ) );
#1109 = PCURVE('',#487,#1110);
#1110 = DEFINITIONAL_REPRESENTATION('',(#1111),#1115);
#1111 = LINE('',#1112,#1113);
#1112 = CARTESIAN_POINT('',(0.,0.5));
#1113 = VECTOR('',#1114,1.);
#1114 = DIRECTION('',(-1.,-7.14087960808E-16));
#1115 = ( GEOMETRIC_REPRESENTATION_CONTEXT(2) 
PARAMETRIC_REPRESENTATION_CONTEXT() REPRESENTATION_CONTEXT('2D SPACE',''
  ) );
#1116 = ADVANCED_FACE('',(#1117),#487,.T.);
#1117 = FACE_BOUND('',#1118,.T.);
#1118 = EDGE_LOOP('',(#1119,#1120,#1121,#1144,#1175,#1176));
#1119 = ORIENTED_EDGE('',*,*,#471,.T.);
#1120 = ORIENTED_EDGE('',*,*,#1095,.T.);
#1121 = ORIENTED_EDGE('',*,*,#1122,.T.);
#1122 = EDGE_CURVE('',#1072,#1123,#1125,.T.);
#1123 = VERTEX_POINT('',#1124);
#1124 = CARTESIAN_POINT('',(-40.36,-7.43,11.4));
#1125 = SEAM_CURVE('',#1126,(#1130,#1137),.PCURVE_S1.);
#1126 = LINE('',#1127,#1128);
#1127 = CARTESIAN_POINT('',(-40.86,-7.43,10.9));
#1128 = VECTOR('',#1129,1.);
#1129 = DIRECTION('',(0.707106781187,7.041364024478E-17,0.707106781187)
  );
#1130 = PCURVE('',#487,#1131);
#1131 = DEFINITIONAL_REPRESENTATION('',(#1132),#1136);
#1132 = LINE('',#1133,#1134);
#1133 = CARTESIAN_POINT('',(-3.14159265359,0.));
#1134 = VECTOR('',#1135,1.);
#1135 = DIRECTION('',(0.,-1.));
#1136 = ( GEOMETRIC_REPRESENTATION_CONTEXT(2) 
PARAMETRIC_REPRESENTATION_CONTEXT() REPRESENTATION_CONTEXT('2D SPACE',''
  ) );
#1137 = PCURVE('',#487,#1138);
#1138 = DEFINITIONAL_REPRESENTATION('',(#1139),#1143);
#1139 = LINE('',#1140,#1141);
#1140 = CARTESIAN_POINT('',(3.14159265359,0.));
#1141 = VECTOR('',#1142,1.);
#1142 = DIRECTION('',(0.,-1.));
#1143 = ( GEOMETRIC_REPRESENTATION_CONTEXT(2) 
PARAMETRIC_REPRESENTATION_CONTEXT() REPRESENTATION_CONTEXT('2D SPACE',''
  ) );
#1144 = ORIENTED_EDGE('',*,*,#1145,.T.);
#1145 = EDGE_CURVE('',#1123,#1123,#1146,.T.);
#1146 = SURFACE_CURVE('',#1147,(#1152,#1159),.PCURVE_S1.);
#1147 = CIRCLE('',#1148,2.5);
#1148 = AXIS2_PLACEMENT_3D('',#1149,#1150,#1151);
#1149 = CARTESIAN_POINT('',(-37.86,-7.43,11.4));
#1150 = DIRECTION('',(0.,-2.22044604925E-16,-1.));
#1151 = DIRECTION('',(1.,0.,0.));
#1152 = PCURVE('',#487,#1153);
#1153 = DEFINITIONAL_REPRESENTATION('',(#1154),#1158);
#1154 = LINE('',#1155,#1156);
#1155 = CARTESIAN_POINT('',(-6.28318530718,-0.5));
#1156 = VECTOR('',#1157,1.);
#1157 = DIRECTION('',(1.,0.));
#1158 = ( GEOMETRIC_REPRESENTATION_CONTEXT(2) 
PARAMETRIC_REPRESENTATION_CONTEXT() REPRESENTATION_CONTEXT('2D SPACE',''
  ) );
#1159 = PCURVE('',#1160,#1165);
#1160 = PLANE('',#1161);
#1161 = AXIS2_PLACEMENT_3D('',#1162,#1163,#1164);
#1162 = CARTESIAN_POINT('',(-15.,30.645,11.4));
#1163 = DIRECTION('',(0.,2.22044604925E-16,1.));
#1164 = DIRECTION('',(0.,-1.,2.22044604925E-16));
#1165 = DEFINITIONAL_REPRESENTATION('',(#1166),#1174);
#1166 = ( BOUNDED_CURVE() B_SPLINE_CURVE(2,(#1167,#1168,#1169,#1170,
#1171,#1172,#1173),.UNSPECIFIED.,.T.,.F.) B_SPLINE_CURVE_WITH_KNOTS((1,2
    ,2,2,2,1),(-2.094395102393,0.,2.094395102393,4.188790204786,
6.28318530718,8.377580409573),.UNSPECIFIED.) CURVE() 
GEOMETRIC_REPRESENTATION_ITEM() RATIONAL_B_SPLINE_CURVE((1.,0.5,1.,0.5,
1.,0.5,1.)) REPRESENTATION_ITEM('') );
#1167 = CARTESIAN_POINT('',(38.075,-20.36));
#1168 = CARTESIAN_POINT('',(42.405127018922,-20.36));
#1169 = CARTESIAN_POINT('',(40.240063509461,-24.11));
#1170 = CARTESIAN_POINT('',(38.075,-27.86));
#1171 = CARTESIAN_POINT('',(35.909936490539,-24.11));
#1172 = CARTESIAN_POINT('',(33.744872981078,-20.36));
#1173 = CARTESIAN_POINT('',(38.075,-20.36));
#1174 = ( GEOMETRIC_REPRESENTATION_CONTEXT(2) 
PARAMETRIC_REPRESENTATION_CONTEXT() REPRESENTATION_CONTEXT('2D SPACE',''
  ) );
#1175 = ORIENTED_EDGE('',*,*,#1122,.F.);
#1176 = ORIENTED_EDGE('',*,*,#1071,.T.);
#1177 = ADVANCED_FACE('',(#1178),#564,.F.);
#1178 = FACE_BOUND('',#1179,.F.);
#1179 = EDGE_LOOP('',(#1180,#1203,#1231,#1252));
#1180 = ORIENTED_EDGE('',*,*,#1181,.F.);
#1181 = EDGE_CURVE('',#1182,#547,#1184,.T.);
#1182 = VERTEX_POINT('',#1183);
#1183 = CARTESIAN_POINT('',(-45.,-15.,3.330669073875E-15));
#1184 = SURFACE_CURVE('',#1185,(#1189,#1196),.PCURVE_S1.);
#1185 = LINE('',#1186,#1187);
#1186 = CARTESIAN_POINT('',(-45.,-15.,3.330669073875E-15));
#1187 = VECTOR('',#1188,1.);
#1188 = DIRECTION('',(0.,2.22044604925E-16,1.));
#1189 = PCURVE('',#564,#1190);
#1190 = DEFINITIONAL_REPRESENTATION('',(#1191),#1195);
#1191 = LINE('',#1192,#1193);
#1192 = CARTESIAN_POINT('',(90.,-4.99822269548E-27));
#1193 = VECTOR('',#1194,1.);
#1194 = DIRECTION('',(0.,-1.));
#1195 = ( GEOMETRIC_REPRESENTATION_CONTEXT(2) 
PARAMETRIC_REPRESENTATION_CONTEXT() REPRESENTATION_CONTEXT('2D SPACE',''
  ) );
#1196 = PCURVE('',#592,#1197);
#1197 = DEFINITIONAL_REPRESENTATION('',(#1198),#1202);
#1198 = LINE('',#1199,#1200);
#1199 = CARTESIAN_POINT('',(0.,0.));
#1200 = VECTOR('',#1201,1.);
#1201 = DIRECTION('',(0.,1.));
#1202 = ( GEOMETRIC_REPRESENTATION_CONTEXT(2) 
PARAMETRIC_REPRESENTATION_CONTEXT() REPRESENTATION_CONTEXT('2D SPACE',''
  ) );
#1203 = ORIENTED_EDGE('',*,*,#1204,.F.);
#1204 = EDGE_CURVE('',#1205,#1182,#1207,.T.);
#1205 = VERTEX_POINT('',#1206);
#1206 = CARTESIAN_POINT('',(-45.,75.,-1.665334536938E-14));
#1207 = SURFACE_CURVE('',#1208,(#1212,#1219),.PCURVE_S1.);
#1208 = LINE('',#1209,#1210);
#1209 = CARTESIAN_POINT('',(-45.,75.,-1.665334536938E-14));
#1210 = VECTOR('',#1211,1.);
#1211 = DIRECTION('',(0.,-1.,2.22044604925E-16));
#1212 = PCURVE('',#564,#1213);
#1213 = DEFINITIONAL_REPRESENTATION('',(#1214),#1218);
#1214 = LINE('',#1215,#1216);
#1215 = CARTESIAN_POINT('',(0.,0.));
#1216 = VECTOR('',#1217,1.);
#1217 = DIRECTION('',(1.,0.));
#1218 = ( GEOMETRIC_REPRESENTATION_CONTEXT(2) 
PARAMETRIC_REPRESENTATION_CONTEXT() REPRESENTATION_CONTEXT('2D SPACE',''
  ) );
#1219 = PCURVE('',#1220,#1225);
#1220 = PLANE('',#1221);
#1221 = AXIS2_PLACEMENT_3D('',#1222,#1223,#1224);
#1222 = CARTESIAN_POINT('',(-45.,75.,-1.665334536938E-14));
#1223 = DIRECTION('',(0.,2.22044604925E-16,1.));
#1224 = DIRECTION('',(0.,-1.,2.22044604925E-16));
#1225 = DEFINITIONAL_REPRESENTATION('',(#1226),#1230);
#1226 = LINE('',#1227,#1228);
#1227 = CARTESIAN_POINT('',(0.,0.));
#1228 = VECTOR('',#1229,1.);
#1229 = DIRECTION('',(1.,0.));
#1230 = ( GEOMETRIC_REPRESENTATION_CONTEXT(2) 
PARAMETRIC_REPRESENTATION_CONTEXT() REPRESENTATION_CONTEXT('2D SPACE',''
  ) );
#1231 = ORIENTED_EDGE('',*,*,#1232,.T.);
#1232 = EDGE_CURVE('',#1205,#549,#1233,.T.);
#1233 = SURFACE_CURVE('',#1234,(#1238,#1245),.PCURVE_S1.);
#1234 = LINE('',#1235,#1236);
#1235 = CARTESIAN_POINT('',(-45.,75.,-1.665334536938E-14));
#1236 = VECTOR('',#1237,1.);
#1237 = DIRECTION('',(0.,2.22044604925E-16,1.));
#1238 = PCURVE('',#564,#1239);
#1239 = DEFINITIONAL_REPRESENTATION('',(#1240),#1244);
#1240 = LINE('',#1241,#1242);
#1241 = CARTESIAN_POINT('',(0.,0.));
#1242 = VECTOR('',#1243,1.);
#1243 = DIRECTION('',(0.,-1.));
#1244 = ( GEOMETRIC_REPRESENTATION_CONTEXT(2) 
PARAMETRIC_REPRESENTATION_CONTEXT() REPRESENTATION_CONTEXT('2D SPACE',''
  ) );
#1245 = PCURVE('',#646,#1246);
#1246 = DEFINITIONAL_REPRESENTATION('',(#1247),#1251);
#1247 = LINE('',#1248,#1249);
#1248 = CARTESIAN_POINT('',(0.,0.));
#1249 = VECTOR('',#1250,1.);
#1250 = DIRECTION('',(0.,1.));
#1251 = ( GEOMETRIC_REPRESENTATION_CONTEXT(2) 
PARAMETRIC_REPRESENTATION_CONTEXT() REPRESENTATION_CONTEXT('2D SPACE',''
  ) );
#1252 = ORIENTED_EDGE('',*,*,#546,.F.);
#1253 = ADVANCED_FACE('',(#1254),#592,.T.);
#1254 = FACE_BOUND('',#1255,.T.);
#1255 = EDGE_LOOP('',(#1256,#1257,#1280,#1301));
#1256 = ORIENTED_EDGE('',*,*,#1181,.F.);
#1257 = ORIENTED_EDGE('',*,*,#1258,.T.);
#1258 = EDGE_CURVE('',#1182,#1259,#1261,.T.);
#1259 = VERTEX_POINT('',#1260);
#1260 = CARTESIAN_POINT('',(15.,-15.,3.330669073875E-15));
#1261 = SURFACE_CURVE('',#1262,(#1266,#1273),.PCURVE_S1.);
#1262 = LINE('',#1263,#1264);
#1263 = CARTESIAN_POINT('',(-45.,-15.,3.330669073875E-15));
#1264 = VECTOR('',#1265,1.);
#1265 = DIRECTION('',(1.,0.,0.));
#1266 = PCURVE('',#592,#1267);
#1267 = DEFINITIONAL_REPRESENTATION('',(#1268),#1272);
#1268 = LINE('',#1269,#1270);
#1269 = CARTESIAN_POINT('',(0.,0.));
#1270 = VECTOR('',#1271,1.);
#1271 = DIRECTION('',(1.,0.));
#1272 = ( GEOMETRIC_REPRESENTATION_CONTEXT(2) 
PARAMETRIC_REPRESENTATION_CONTEXT() REPRESENTATION_CONTEXT('2D SPACE',''
  ) );
#1273 = PCURVE('',#1220,#1274);
#1274 = DEFINITIONAL_REPRESENTATION('',(#1275),#1279);
#1275 = LINE('',#1276,#1277);
#1276 = CARTESIAN_POINT('',(90.,0.));
#1277 = VECTOR('',#1278,1.);
#1278 = DIRECTION('',(0.,1.));
#1279 = ( GEOMETRIC_REPRESENTATION_CONTEXT(2) 
PARAMETRIC_REPRESENTATION_CONTEXT() REPRESENTATION_CONTEXT('2D SPACE',''
  ) );
#1280 = ORIENTED_EDGE('',*,*,#1281,.T.);
#1281 = EDGE_CURVE('',#1259,#577,#1282,.T.);
#1282 = SURFACE_CURVE('',#1283,(#1287,#1294),.PCURVE_S1.);
#1283 = LINE('',#1284,#1285);
#1284 = CARTESIAN_POINT('',(15.,-15.,3.330669073875E-15));
#1285 = VECTOR('',#1286,1.);
#1286 = DIRECTION('',(0.,2.22044604925E-16,1.));
#1287 = PCURVE('',#592,#1288);
#1288 = DEFINITIONAL_REPRESENTATION('',(#1289),#1293);
#1289 = LINE('',#1290,#1291);
#1290 = CARTESIAN_POINT('',(60.,0.));
#1291 = VECTOR('',#1292,1.);
#1292 = DIRECTION('',(0.,1.));
#1293 = ( GEOMETRIC_REPRESENTATION_CONTEXT(2) 
PARAMETRIC_REPRESENTATION_CONTEXT() REPRESENTATION_CONTEXT('2D SPACE',''
  ) );
#1294 = PCURVE('',#620,#1295);
#1295 = DEFINITIONAL_REPRESENTATION('',(#1296),#1300);
#1296 = LINE('',#1297,#1298);
#1297 = CARTESIAN_POINT('',(90.,-4.99822269548E-27));
#1298 = VECTOR('',#1299,1.);
#1299 = DIRECTION('',(0.,-1.));
#1300 = ( GEOMETRIC_REPRESENTATION_CONTEXT(2) 
PARAMETRIC_REPRESENTATION_CONTEXT() REPRESENTATION_CONTEXT('2D SPACE',''
  ) );
#1301 = ORIENTED_EDGE('',*,*,#576,.F.);
#1302 = ADVANCED_FACE('',(#1303),#646,.F.);
#1303 = FACE_BOUND('',#1304,.F.);
#1304 = EDGE_LOOP('',(#1305,#1306,#1329,#1350));
#1305 = ORIENTED_EDGE('',*,*,#1232,.F.);
#1306 = ORIENTED_EDGE('',*,*,#1307,.T.);
#1307 = EDGE_CURVE('',#1205,#1308,#1310,.T.);
#1308 = VERTEX_POINT('',#1309);
#1309 = CARTESIAN_POINT('',(15.,75.,-1.665334536938E-14));
#1310 = SURFACE_CURVE('',#1311,(#1315,#1322),.PCURVE_S1.);
#1311 = LINE('',#1312,#1313);
#1312 = CARTESIAN_POINT('',(-45.,75.,-1.665334536938E-14));
#1313 = VECTOR('',#1314,1.);
#1314 = DIRECTION('',(1.,0.,0.));
#1315 = PCURVE('',#646,#1316);
#1316 = DEFINITIONAL_REPRESENTATION('',(#1317),#1321);
#1317 = LINE('',#1318,#1319);
#1318 = CARTESIAN_POINT('',(0.,0.));
#1319 = VECTOR('',#1320,1.);
#1320 = DIRECTION('',(1.,0.));
#1321 = ( GEOMETRIC_REPRESENTATION_CONTEXT(2) 
PARAMETRIC_REPRESENTATION_CONTEXT() REPRESENTATION_CONTEXT('2D SPACE',''
  ) );
#1322 = PCURVE('',#1220,#1323);
#1323 = DEFINITIONAL_REPRESENTATION('',(#1324),#1328);
#1324 = LINE('',#1325,#1326);
#1325 = CARTESIAN_POINT('',(0.,0.));
#1326 = VECTOR('',#1327,1.);
#1327 = DIRECTION('',(0.,1.));
#1328 = ( GEOMETRIC_REPRESENTATION_CONTEXT(2) 
PARAMETRIC_REPRESENTATION_CONTEXT() REPRESENTATION_CONTEXT('2D SPACE',''
  ) );
#1329 = ORIENTED_EDGE('',*,*,#1330,.T.);
#1330 = EDGE_CURVE('',#1308,#605,#1331,.T.);
#1331 = SURFACE_CURVE('',#1332,(#1336,#1343),.PCURVE_S1.);
#1332 = LINE('',#1333,#1334);
#1333 = CARTESIAN_POINT('',(15.,75.,-1.665334536938E-14));
#1334 = VECTOR('',#1335,1.);
#1335 = DIRECTION('',(0.,2.22044604925E-16,1.));
#1336 = PCURVE('',#646,#1337);
#1337 = DEFINITIONAL_REPRESENTATION('',(#1338),#1342);
#1338 = LINE('',#1339,#1340);
#1339 = CARTESIAN_POINT('',(60.,0.));
#1340 = VECTOR('',#1341,1.);
#1341 = DIRECTION('',(0.,1.));
#1342 = ( GEOMETRIC_REPRESENTATION_CONTEXT(2) 
PARAMETRIC_REPRESENTATION_CONTEXT() REPRESENTATION_CONTEXT('2D SPACE',''
  ) );
#1343 = PCURVE('',#620,#1344);
#1344 = DEFINITIONAL_REPRESENTATION('',(#1345),#1349);
#1345 = LINE('',#1346,#1347);
#1346 = CARTESIAN_POINT('',(0.,0.));
#1347 = VECTOR('',#1348,1.);
#1348 = DIRECTION('',(0.,-1.));
#1349 = ( GEOMETRIC_REPRESENTATION_CONTEXT(2) 
PARAMETRIC_REPRESENTATION_CONTEXT() REPRESENTATION_CONTEXT('2D SPACE',''
  ) );
#1350 = ORIENTED_EDGE('',*,*,#632,.F.);
#1351 = ADVANCED_FACE('',(#1352),#620,.T.);
#1352 = FACE_BOUND('',#1353,.T.);
#1353 = EDGE_LOOP('',(#1354,#1355,#1376,#1377));
#1354 = ORIENTED_EDGE('',*,*,#1281,.F.);
#1355 = ORIENTED_EDGE('',*,*,#1356,.F.);
#1356 = EDGE_CURVE('',#1308,#1259,#1357,.T.);
#1357 = SURFACE_CURVE('',#1358,(#1362,#1369),.PCURVE_S1.);
#1358 = LINE('',#1359,#1360);
#1359 = CARTESIAN_POINT('',(15.,75.,-1.665334536938E-14));
#1360 = VECTOR('',#1361,1.);
#1361 = DIRECTION('',(0.,-1.,2.22044604925E-16));
#1362 = PCURVE('',#620,#1363);
#1363 = DEFINITIONAL_REPRESENTATION('',(#1364),#1368);
#1364 = LINE('',#1365,#1366);
#1365 = CARTESIAN_POINT('',(0.,0.));
#1366 = VECTOR('',#1367,1.);
#1367 = DIRECTION('',(1.,0.));
#1368 = ( GEOMETRIC_REPRESENTATION_CONTEXT(2) 
PARAMETRIC_REPRESENTATION_CONTEXT() REPRESENTATION_CONTEXT('2D SPACE',''
  ) );
#1369 = PCURVE('',#1220,#1370);
#1370 = DEFINITIONAL_REPRESENTATION('',(#1371),#1375);
#1371 = LINE('',#1372,#1373);
#1372 = CARTESIAN_POINT('',(0.,60.));
#1373 = VECTOR('',#1374,1.);
#1374 = DIRECTION('',(1.,0.));
#1375 = ( GEOMETRIC_REPRESENTATION_CONTEXT(2) 
PARAMETRIC_REPRESENTATION_CONTEXT() REPRESENTATION_CONTEXT('2D SPACE',''
  ) );
#1376 = ORIENTED_EDGE('',*,*,#1330,.T.);
#1377 = ORIENTED_EDGE('',*,*,#604,.F.);
#1378 = ADVANCED_FACE('',(#1379),#677,.T.);
#1379 = FACE_BOUND('',#1380,.T.);
#1380 = EDGE_LOOP('',(#1381,#1382,#1405,#1432));
#1381 = ORIENTED_EDGE('',*,*,#660,.T.);
#1382 = ORIENTED_EDGE('',*,*,#1383,.T.);
#1383 = EDGE_CURVE('',#661,#1384,#1386,.T.);
#1384 = VERTEX_POINT('',#1385);
#1385 = CARTESIAN_POINT('',(-42.63,68.72,3.));
#1386 = SEAM_CURVE('',#1387,(#1391,#1398),.PCURVE_S1.);
#1387 = LINE('',#1388,#1389);
#1388 = CARTESIAN_POINT('',(-43.63,68.72,2.));
#1389 = VECTOR('',#1390,1.);
#1390 = DIRECTION('',(0.707106781187,7.041364024478E-17,0.707106781187)
  );
#1391 = PCURVE('',#677,#1392);
#1392 = DEFINITIONAL_REPRESENTATION('',(#1393),#1397);
#1393 = LINE('',#1394,#1395);
#1394 = CARTESIAN_POINT('',(3.14159265359,3.140184917368E-16));
#1395 = VECTOR('',#1396,1.);
#1396 = DIRECTION('',(0.,-1.));
#1397 = ( GEOMETRIC_REPRESENTATION_CONTEXT(2) 
PARAMETRIC_REPRESENTATION_CONTEXT() REPRESENTATION_CONTEXT('2D SPACE',''
  ) );
#1398 = PCURVE('',#677,#1399);
#1399 = DEFINITIONAL_REPRESENTATION('',(#1400),#1404);
#1400 = LINE('',#1401,#1402);
#1401 = CARTESIAN_POINT('',(9.424777960769,3.140184917368E-16));
#1402 = VECTOR('',#1403,1.);
#1403 = DIRECTION('',(0.,-1.));
#1404 = ( GEOMETRIC_REPRESENTATION_CONTEXT(2) 
PARAMETRIC_REPRESENTATION_CONTEXT() REPRESENTATION_CONTEXT('2D SPACE',''
  ) );
#1405 = ORIENTED_EDGE('',*,*,#1406,.T.);
#1406 = EDGE_CURVE('',#1384,#1384,#1407,.T.);
#1407 = SURFACE_CURVE('',#1408,(#1413,#1420),.PCURVE_S1.);
#1408 = CIRCLE('',#1409,3.5);
#1409 = AXIS2_PLACEMENT_3D('',#1410,#1411,#1412);
#1410 = CARTESIAN_POINT('',(-39.13,68.72,3.));
#1411 = DIRECTION('',(0.,-2.22044604925E-16,-1.));
#1412 = DIRECTION('',(1.,0.,0.));
#1413 = PCURVE('',#677,#1414);
#1414 = DEFINITIONAL_REPRESENTATION('',(#1415),#1419);
#1415 = LINE('',#1416,#1417);
#1416 = CARTESIAN_POINT('',(-4.138911435803E-13,-1.));
#1417 = VECTOR('',#1418,1.);
#1418 = DIRECTION('',(1.,0.));
#1419 = ( GEOMETRIC_REPRESENTATION_CONTEXT(2) 
PARAMETRIC_REPRESENTATION_CONTEXT() REPRESENTATION_CONTEXT('2D SPACE',''
  ) );
#1420 = PCURVE('',#1421,#1426);
#1421 = CYLINDRICAL_SURFACE('',#1422,3.5);
#1422 = AXIS2_PLACEMENT_3D('',#1423,#1424,#1425);
#1423 = CARTESIAN_POINT('',(-39.13,68.72,-1.));
#1424 = DIRECTION('',(0.,2.22044604925E-16,1.));
#1425 = DIRECTION('',(1.,0.,-0.));
#1426 = DEFINITIONAL_REPRESENTATION('',(#1427),#1431);
#1427 = LINE('',#1428,#1429);
#1428 = CARTESIAN_POINT('',(12.56637061436,4.));
#1429 = VECTOR('',#1430,1.);
#1430 = DIRECTION('',(-1.,0.));
#1431 = ( GEOMETRIC_REPRESENTATION_CONTEXT(2) 
PARAMETRIC_REPRESENTATION_CONTEXT() REPRESENTATION_CONTEXT('2D SPACE',''
  ) );
#1432 = ORIENTED_EDGE('',*,*,#1383,.F.);
#1433 = ADVANCED_FACE('',(#1434),#708,.T.);
#1434 = FACE_BOUND('',#1435,.T.);
#1435 = EDGE_LOOP('',(#1436,#1460,#1487,#1488));
#1436 = ORIENTED_EDGE('',*,*,#1437,.F.);
#1437 = EDGE_CURVE('',#1438,#692,#1440,.T.);
#1438 = VERTEX_POINT('',#1439);
#1439 = CARTESIAN_POINT('',(-24.,60.000000000002,0.75));
#1440 = SEAM_CURVE('',#1441,(#1446,#1453),.PCURVE_S1.);
#1441 = CIRCLE('',#1442,0.25);
#1442 = AXIS2_PLACEMENT_3D('',#1443,#1444,#1445);
#1443 = CARTESIAN_POINT('',(-23.75,60.000000000002,0.75));
#1444 = DIRECTION('',(-0.,1.,0.));
#1445 = DIRECTION('',(1.,0.,0.));
#1446 = PCURVE('',#708,#1447);
#1447 = DEFINITIONAL_REPRESENTATION('',(#1448),#1452);
#1448 = LINE('',#1449,#1450);
#1449 = CARTESIAN_POINT('',(-4.138911435803E-13,0.));
#1450 = VECTOR('',#1451,1.);
#1451 = DIRECTION('',(-0.,1.));
#1452 = ( GEOMETRIC_REPRESENTATION_CONTEXT(2) 
PARAMETRIC_REPRESENTATION_CONTEXT() REPRESENTATION_CONTEXT('2D SPACE',''
  ) );
#1453 = PCURVE('',#708,#1454);
#1454 = DEFINITIONAL_REPRESENTATION('',(#1455),#1459);
#1455 = LINE('',#1456,#1457);
#1456 = CARTESIAN_POINT('',(6.28318530718,0.));
#1457 = VECTOR('',#1458,1.);
#1458 = DIRECTION('',(-0.,1.));
#1459 = ( GEOMETRIC_REPRESENTATION_CONTEXT(2) 
PARAMETRIC_REPRESENTATION_CONTEXT() REPRESENTATION_CONTEXT('2D SPACE',''
  ) );
#1460 = ORIENTED_EDGE('',*,*,#1461,.F.);
#1461 = EDGE_CURVE('',#1438,#1438,#1462,.T.);
#1462 = SURFACE_CURVE('',#1463,(#1468,#1475),.PCURVE_S1.);
#1463 = CIRCLE('',#1464,6.);
#1464 = AXIS2_PLACEMENT_3D('',#1465,#1466,#1467);
#1465 = CARTESIAN_POINT('',(-30.,60.000000000002,0.75));
#1466 = DIRECTION('',(0.,0.,1.));
#1467 = DIRECTION('',(1.,0.,-0.));
#1468 = PCURVE('',#708,#1469);
#1469 = DEFINITIONAL_REPRESENTATION('',(#1470),#1474);
#1470 = LINE('',#1471,#1472);
#1471 = CARTESIAN_POINT('',(6.28318530718,3.14159265359));
#1472 = VECTOR('',#1473,1.);
#1473 = DIRECTION('',(-1.,0.));
#1474 = ( GEOMETRIC_REPRESENTATION_CONTEXT(2) 
PARAMETRIC_REPRESENTATION_CONTEXT() REPRESENTATION_CONTEXT('2D SPACE',''
  ) );
#1475 = PCURVE('',#1476,#1481);
#1476 = CYLINDRICAL_SURFACE('',#1477,6.);
#1477 = AXIS2_PLACEMENT_3D('',#1478,#1479,#1480);
#1478 = CARTESIAN_POINT('',(-30.,60.000000000002,-6.661338147751E-15));
#1479 = DIRECTION('',(-0.,-0.,-1.));
#1480 = DIRECTION('',(1.,0.,0.));
#1481 = DEFINITIONAL_REPRESENTATION('',(#1482),#1486);
#1482 = LINE('',#1483,#1484);
#1483 = CARTESIAN_POINT('',(6.28318530718,-0.75));
#1484 = VECTOR('',#1485,1.);
#1485 = DIRECTION('',(-1.,0.));
#1486 = ( GEOMETRIC_REPRESENTATION_CONTEXT(2) 
PARAMETRIC_REPRESENTATION_CONTEXT() REPRESENTATION_CONTEXT('2D SPACE',''
  ) );
#1487 = ORIENTED_EDGE('',*,*,#1437,.T.);
#1488 = ORIENTED_EDGE('',*,*,#691,.T.);
#1489 = ADVANCED_FACE('',(#1490),#739,.T.);
#1490 = FACE_BOUND('',#1491,.T.);
#1491 = EDGE_LOOP('',(#1492,#1516,#1543,#1544));
#1492 = ORIENTED_EDGE('',*,*,#1493,.F.);
#1493 = EDGE_CURVE('',#1494,#723,#1496,.T.);
#1494 = VERTEX_POINT('',#1495);
#1495 = CARTESIAN_POINT('',(-24.,30.000000000002,0.75));
#1496 = SEAM_CURVE('',#1497,(#1502,#1509),.PCURVE_S1.);
#1497 = CIRCLE('',#1498,0.25);
#1498 = AXIS2_PLACEMENT_3D('',#1499,#1500,#1501);
#1499 = CARTESIAN_POINT('',(-23.75,30.000000000002,0.75));
#1500 = DIRECTION('',(-0.,1.,0.));
#1501 = DIRECTION('',(1.,0.,0.));
#1502 = PCURVE('',#739,#1503);
#1503 = DEFINITIONAL_REPRESENTATION('',(#1504),#1508);
#1504 = LINE('',#1505,#1506);
#1505 = CARTESIAN_POINT('',(-4.138911435803E-13,0.));
#1506 = VECTOR('',#1507,1.);
#1507 = DIRECTION('',(-0.,1.));
#1508 = ( GEOMETRIC_REPRESENTATION_CONTEXT(2) 
PARAMETRIC_REPRESENTATION_CONTEXT() REPRESENTATION_CONTEXT('2D SPACE',''
  ) );
#1509 = PCURVE('',#739,#1510);
#1510 = DEFINITIONAL_REPRESENTATION('',(#1511),#1515);
#1511 = LINE('',#1512,#1513);
#1512 = CARTESIAN_POINT('',(6.28318530718,0.));
#1513 = VECTOR('',#1514,1.);
#1514 = DIRECTION('',(-0.,1.));
#1515 = ( GEOMETRIC_REPRESENTATION_CONTEXT(2) 
PARAMETRIC_REPRESENTATION_CONTEXT() REPRESENTATION_CONTEXT('2D SPACE',''
  ) );
#1516 = ORIENTED_EDGE('',*,*,#1517,.F.);
#1517 = EDGE_CURVE('',#1494,#1494,#1518,.T.);
#1518 = SURFACE_CURVE('',#1519,(#1524,#1531),.PCURVE_S1.);
#1519 = CIRCLE('',#1520,6.);
#1520 = AXIS2_PLACEMENT_3D('',#1521,#1522,#1523);
#1521 = CARTESIAN_POINT('',(-30.,30.000000000002,0.75));
#1522 = DIRECTION('',(0.,0.,1.));
#1523 = DIRECTION('',(1.,0.,-0.));
#1524 = PCURVE('',#739,#1525);
#1525 = DEFINITIONAL_REPRESENTATION('',(#1526),#1530);
#1526 = LINE('',#1527,#1528);
#1527 = CARTESIAN_POINT('',(6.28318530718,3.14159265359));
#1528 = VECTOR('',#1529,1.);
#1529 = DIRECTION('',(-1.,0.));
#1530 = ( GEOMETRIC_REPRESENTATION_CONTEXT(2) 
PARAMETRIC_REPRESENTATION_CONTEXT() REPRESENTATION_CONTEXT('2D SPACE',''
  ) );
#1531 = PCURVE('',#1532,#1537);
#1532 = CYLINDRICAL_SURFACE('',#1533,6.);
#1533 = AXIS2_PLACEMENT_3D('',#1534,#1535,#1536);
#1534 = CARTESIAN_POINT('',(-30.,30.000000000002,-3.330669073875E-15));
#1535 = DIRECTION('',(-0.,-0.,-1.));
#1536 = DIRECTION('',(1.,0.,0.));
#1537 = DEFINITIONAL_REPRESENTATION('',(#1538),#1542);
#1538 = LINE('',#1539,#1540);
#1539 = CARTESIAN_POINT('',(6.28318530718,-0.75));
#1540 = VECTOR('',#1541,1.);
#1541 = DIRECTION('',(-1.,0.));
#1542 = ( GEOMETRIC_REPRESENTATION_CONTEXT(2) 
PARAMETRIC_REPRESENTATION_CONTEXT() REPRESENTATION_CONTEXT('2D SPACE',''
  ) );
#1543 = ORIENTED_EDGE('',*,*,#1493,.T.);
#1544 = ORIENTED_EDGE('',*,*,#722,.T.);
#1545 = ADVANCED_FACE('',(#1546),#772,.T.);
#1546 = FACE_BOUND('',#1547,.T.);
#1547 = EDGE_LOOP('',(#1548,#1577,#1599,#1600,#1601,#1602));
#1548 = ORIENTED_EDGE('',*,*,#1549,.F.);
#1549 = EDGE_CURVE('',#1550,#1550,#1552,.T.);
#1550 = VERTEX_POINT('',#1551);
#1551 = CARTESIAN_POINT('',(-24.,2.463E-12,0.75));
#1552 = SURFACE_CURVE('',#1553,(#1558,#1565),.PCURVE_S1.);
#1553 = CIRCLE('',#1554,6.);
#1554 = AXIS2_PLACEMENT_3D('',#1555,#1556,#1557);
#1555 = CARTESIAN_POINT('',(-30.,2.46292E-12,0.75));
#1556 = DIRECTION('',(0.,0.,1.));
#1557 = DIRECTION('',(1.,0.,-0.));
#1558 = PCURVE('',#772,#1559);
#1559 = DEFINITIONAL_REPRESENTATION('',(#1560),#1564);
#1560 = LINE('',#1561,#1562);
#1561 = CARTESIAN_POINT('',(6.28318530718,3.14159265359));
#1562 = VECTOR('',#1563,1.);
#1563 = DIRECTION('',(-1.,0.));
#1564 = ( GEOMETRIC_REPRESENTATION_CONTEXT(2) 
PARAMETRIC_REPRESENTATION_CONTEXT() REPRESENTATION_CONTEXT('2D SPACE',''
  ) );
#1565 = PCURVE('',#1566,#1571);
#1566 = CYLINDRICAL_SURFACE('',#1567,6.);
#1567 = AXIS2_PLACEMENT_3D('',#1568,#1569,#1570);
#1568 = CARTESIAN_POINT('',(-30.,2.46292E-12,0.));
#1569 = DIRECTION('',(-0.,-0.,-1.));
#1570 = DIRECTION('',(1.,0.,0.));
#1571 = DEFINITIONAL_REPRESENTATION('',(#1572),#1576);
#1572 = LINE('',#1573,#1574);
#1573 = CARTESIAN_POINT('',(6.28318530718,-0.75));
#1574 = VECTOR('',#1575,1.);
#1575 = DIRECTION('',(-1.,0.));
#1576 = ( GEOMETRIC_REPRESENTATION_CONTEXT(2) 
PARAMETRIC_REPRESENTATION_CONTEXT() REPRESENTATION_CONTEXT('2D SPACE',''
  ) );
#1577 = ORIENTED_EDGE('',*,*,#1578,.T.);
#1578 = EDGE_CURVE('',#1550,#756,#1579,.T.);
#1579 = SEAM_CURVE('',#1580,(#1585,#1592),.PCURVE_S1.);
#1580 = CIRCLE('',#1581,0.25);
#1581 = AXIS2_PLACEMENT_3D('',#1582,#1583,#1584);
#1582 = CARTESIAN_POINT('',(-23.75,2.46292E-12,0.75));
#1583 = DIRECTION('',(-0.,1.,0.));
#1584 = DIRECTION('',(1.,0.,0.));
#1585 = PCURVE('',#772,#1586);
#1586 = DEFINITIONAL_REPRESENTATION('',(#1587),#1591);
#1587 = LINE('',#1588,#1589);
#1588 = CARTESIAN_POINT('',(6.283185307179,0.));
#1589 = VECTOR('',#1590,1.);
#1590 = DIRECTION('',(-0.,1.));
#1591 = ( GEOMETRIC_REPRESENTATION_CONTEXT(2) 
PARAMETRIC_REPRESENTATION_CONTEXT() REPRESENTATION_CONTEXT('2D SPACE',''
  ) );
#1592 = PCURVE('',#772,#1593);
#1593 = DEFINITIONAL_REPRESENTATION('',(#1594),#1598);
#1594 = LINE('',#1595,#1596);
#1595 = CARTESIAN_POINT('',(4.138911435803E-13,0.));
#1596 = VECTOR('',#1597,1.);
#1597 = DIRECTION('',(-0.,1.));
#1598 = ( GEOMETRIC_REPRESENTATION_CONTEXT(2) 
PARAMETRIC_REPRESENTATION_CONTEXT() REPRESENTATION_CONTEXT('2D SPACE',''
  ) );
#1599 = ORIENTED_EDGE('',*,*,#755,.T.);
#1600 = ORIENTED_EDGE('',*,*,#1042,.T.);
#1601 = ORIENTED_EDGE('',*,*,#784,.T.);
#1602 = ORIENTED_EDGE('',*,*,#1578,.F.);
#1603 = ADVANCED_FACE('',(#1604),#825,.T.);
#1604 = FACE_BOUND('',#1605,.T.);
#1605 = EDGE_LOOP('',(#1606,#1630,#1657,#1658));
#1606 = ORIENTED_EDGE('',*,*,#1607,.F.);
#1607 = EDGE_CURVE('',#1608,#809,#1610,.T.);
#1608 = VERTEX_POINT('',#1609);
#1609 = CARTESIAN_POINT('',(5.999999999996,60.000000000002,0.75));
#1610 = SEAM_CURVE('',#1611,(#1616,#1623),.PCURVE_S1.);
#1611 = CIRCLE('',#1612,0.25);
#1612 = AXIS2_PLACEMENT_3D('',#1613,#1614,#1615);
#1613 = CARTESIAN_POINT('',(6.249999999996,60.000000000002,0.75));
#1614 = DIRECTION('',(-0.,1.,0.));
#1615 = DIRECTION('',(1.,0.,0.));
#1616 = PCURVE('',#825,#1617);
#1617 = DEFINITIONAL_REPRESENTATION('',(#1618),#1622);
#1618 = LINE('',#1619,#1620);
#1619 = CARTESIAN_POINT('',(-4.138911435803E-13,0.));
#1620 = VECTOR('',#1621,1.);
#1621 = DIRECTION('',(-0.,1.));
#1622 = ( GEOMETRIC_REPRESENTATION_CONTEXT(2) 
PARAMETRIC_REPRESENTATION_CONTEXT() REPRESENTATION_CONTEXT('2D SPACE',''
  ) );
#1623 = PCURVE('',#825,#1624);
#1624 = DEFINITIONAL_REPRESENTATION('',(#1625),#1629);
#1625 = LINE('',#1626,#1627);
#1626 = CARTESIAN_POINT('',(6.28318530718,0.));
#1627 = VECTOR('',#1628,1.);
#1628 = DIRECTION('',(-0.,1.));
#1629 = ( GEOMETRIC_REPRESENTATION_CONTEXT(2) 
PARAMETRIC_REPRESENTATION_CONTEXT() REPRESENTATION_CONTEXT('2D SPACE',''
  ) );
#1630 = ORIENTED_EDGE('',*,*,#1631,.F.);
#1631 = EDGE_CURVE('',#1608,#1608,#1632,.T.);
#1632 = SURFACE_CURVE('',#1633,(#1638,#1645),.PCURVE_S1.);
#1633 = CIRCLE('',#1634,6.);
#1634 = AXIS2_PLACEMENT_3D('',#1635,#1636,#1637);
#1635 = CARTESIAN_POINT('',(-4.181638661852E-12,60.000000000002,0.75));
#1636 = DIRECTION('',(0.,0.,1.));
#1637 = DIRECTION('',(1.,0.,-0.));
#1638 = PCURVE('',#825,#1639);
#1639 = DEFINITIONAL_REPRESENTATION('',(#1640),#1644);
#1640 = LINE('',#1641,#1642);
#1641 = CARTESIAN_POINT('',(6.28318530718,3.14159265359));
#1642 = VECTOR('',#1643,1.);
#1643 = DIRECTION('',(-1.,0.));
#1644 = ( GEOMETRIC_REPRESENTATION_CONTEXT(2) 
PARAMETRIC_REPRESENTATION_CONTEXT() REPRESENTATION_CONTEXT('2D SPACE',''
  ) );
#1645 = PCURVE('',#1646,#1651);
#1646 = CYLINDRICAL_SURFACE('',#1647,6.);
#1647 = AXIS2_PLACEMENT_3D('',#1648,#1649,#1650);
#1648 = CARTESIAN_POINT('',(-4.181638661852E-12,60.000000000002,
    -6.661338147751E-15));
#1649 = DIRECTION('',(-0.,-0.,-1.));
#1650 = DIRECTION('',(1.,0.,0.));
#1651 = DEFINITIONAL_REPRESENTATION('',(#1652),#1656);
#1652 = LINE('',#1653,#1654);
#1653 = CARTESIAN_POINT('',(6.28318530718,-0.75));
#1654 = VECTOR('',#1655,1.);
#1655 = DIRECTION('',(-1.,0.));
#1656 = ( GEOMETRIC_REPRESENTATION_CONTEXT(2) 
PARAMETRIC_REPRESENTATION_CONTEXT() REPRESENTATION_CONTEXT('2D SPACE',''
  ) );
#1657 = ORIENTED_EDGE('',*,*,#1607,.T.);
#1658 = ORIENTED_EDGE('',*,*,#808,.T.);
#1659 = ADVANCED_FACE('',(#1660),#856,.T.);
#1660 = FACE_BOUND('',#1661,.T.);
#1661 = EDGE_LOOP('',(#1662,#1663,#1686,#1715,#1744,#1766));
#1662 = ORIENTED_EDGE('',*,*,#839,.T.);
#1663 = ORIENTED_EDGE('',*,*,#1664,.T.);
#1664 = EDGE_CURVE('',#840,#1665,#1667,.T.);
#1665 = VERTEX_POINT('',#1666);
#1666 = CARTESIAN_POINT('',(5.63,67.45,3.));
#1667 = SEAM_CURVE('',#1668,(#1672,#1679),.PCURVE_S1.);
#1668 = LINE('',#1669,#1670);
#1669 = CARTESIAN_POINT('',(4.63,67.45,2.));
#1670 = VECTOR('',#1671,1.);
#1671 = DIRECTION('',(0.707106781187,7.041364024478E-17,0.707106781187)
  );
#1672 = PCURVE('',#856,#1673);
#1673 = DEFINITIONAL_REPRESENTATION('',(#1674),#1678);
#1674 = LINE('',#1675,#1676);
#1675 = CARTESIAN_POINT('',(-3.14159265359,-3.140184917368E-16));
#1676 = VECTOR('',#1677,1.);
#1677 = DIRECTION('',(0.,-1.));
#1678 = ( GEOMETRIC_REPRESENTATION_CONTEXT(2) 
PARAMETRIC_REPRESENTATION_CONTEXT() REPRESENTATION_CONTEXT('2D SPACE',''
  ) );
#1679 = PCURVE('',#856,#1680);
#1680 = DEFINITIONAL_REPRESENTATION('',(#1681),#1685);
#1681 = LINE('',#1682,#1683);
#1682 = CARTESIAN_POINT('',(3.14159265359,-3.140184917368E-16));
#1683 = VECTOR('',#1684,1.);
#1684 = DIRECTION('',(0.,-1.));
#1685 = ( GEOMETRIC_REPRESENTATION_CONTEXT(2) 
PARAMETRIC_REPRESENTATION_CONTEXT() REPRESENTATION_CONTEXT('2D SPACE',''
  ) );
#1686 = ORIENTED_EDGE('',*,*,#1687,.T.);
#1687 = EDGE_CURVE('',#1665,#1688,#1690,.T.);
#1688 = VERTEX_POINT('',#1689);
#1689 = CARTESIAN_POINT('',(11.052075700902,64.525,3.));
#1690 = SURFACE_CURVE('',#1691,(#1696,#1703),.PCURVE_S1.);
#1691 = CIRCLE('',#1692,3.5);
#1692 = AXIS2_PLACEMENT_3D('',#1693,#1694,#1695);
#1693 = CARTESIAN_POINT('',(9.13,67.45,3.));
#1694 = DIRECTION('',(0.,-2.22044604925E-16,-1.));
#1695 = DIRECTION('',(1.,0.,0.));
#1696 = PCURVE('',#856,#1697);
#1697 = DEFINITIONAL_REPRESENTATION('',(#1698),#1702);
#1698 = LINE('',#1699,#1700);
#1699 = CARTESIAN_POINT('',(-6.28318530718,-1.));
#1700 = VECTOR('',#1701,1.);
#1701 = DIRECTION('',(1.,4.560880234788E-16));
#1702 = ( GEOMETRIC_REPRESENTATION_CONTEXT(2) 
PARAMETRIC_REPRESENTATION_CONTEXT() REPRESENTATION_CONTEXT('2D SPACE',''
  ) );
#1703 = PCURVE('',#1704,#1709);
#1704 = CYLINDRICAL_SURFACE('',#1705,3.5);
#1705 = AXIS2_PLACEMENT_3D('',#1706,#1707,#1708);
#1706 = CARTESIAN_POINT('',(9.13,67.45,-1.));
#1707 = DIRECTION('',(0.,2.22044604925E-16,1.));
#1708 = DIRECTION('',(6.123233995737E-17,1.,-2.22044604925E-16));
#1709 = DEFINITIONAL_REPRESENTATION('',(#1710),#1714);
#1710 = LINE('',#1711,#1712);
#1711 = CARTESIAN_POINT('',(10.995574287564,4.));
#1712 = VECTOR('',#1713,1.);
#1713 = DIRECTION('',(-1.,0.));
#1714 = ( GEOMETRIC_REPRESENTATION_CONTEXT(2) 
PARAMETRIC_REPRESENTATION_CONTEXT() REPRESENTATION_CONTEXT('2D SPACE',''
  ) );
#1715 = ORIENTED_EDGE('',*,*,#1716,.T.);
#1716 = EDGE_CURVE('',#1688,#1717,#1719,.T.);
#1717 = VERTEX_POINT('',#1718);
#1718 = CARTESIAN_POINT('',(7.207924299097,64.525,3.));
#1719 = SURFACE_CURVE('',#1720,(#1725,#1732),.PCURVE_S1.);
#1720 = CIRCLE('',#1721,3.5);
#1721 = AXIS2_PLACEMENT_3D('',#1722,#1723,#1724);
#1722 = CARTESIAN_POINT('',(9.13,67.45,3.));
#1723 = DIRECTION('',(0.,-2.22044604925E-16,-1.));
#1724 = DIRECTION('',(1.,0.,0.));
#1725 = PCURVE('',#856,#1726);
#1726 = DEFINITIONAL_REPRESENTATION('',(#1727),#1731);
#1727 = LINE('',#1728,#1729);
#1728 = CARTESIAN_POINT('',(0.,-1.));
#1729 = VECTOR('',#1730,1.);
#1730 = DIRECTION('',(1.,-2.700703960112E-16));
#1731 = ( GEOMETRIC_REPRESENTATION_CONTEXT(2) 
PARAMETRIC_REPRESENTATION_CONTEXT() REPRESENTATION_CONTEXT('2D SPACE',''
  ) );
#1732 = PCURVE('',#1733,#1738);
#1733 = PLANE('',#1734);
#1734 = AXIS2_PLACEMENT_3D('',#1735,#1736,#1737);
#1735 = CARTESIAN_POINT('',(9.13,63.65,3.));
#1736 = DIRECTION('',(0.,-2.22044604925E-16,-1.));
#1737 = DIRECTION('',(0.,1.,-2.22044604925E-16));
#1738 = DEFINITIONAL_REPRESENTATION('',(#1739),#1743);
#1739 = CIRCLE('',#1740,3.5);
#1740 = AXIS2_PLACEMENT_2D('',#1741,#1742);
#1741 = CARTESIAN_POINT('',(3.8,0.));
#1742 = DIRECTION('',(0.,1.));
#1743 = ( GEOMETRIC_REPRESENTATION_CONTEXT(2) 
PARAMETRIC_REPRESENTATION_CONTEXT() REPRESENTATION_CONTEXT('2D SPACE',''
  ) );
#1744 = ORIENTED_EDGE('',*,*,#1745,.T.);
#1745 = EDGE_CURVE('',#1717,#1665,#1746,.T.);
#1746 = SURFACE_CURVE('',#1747,(#1752,#1759),.PCURVE_S1.);
#1747 = CIRCLE('',#1748,3.5);
#1748 = AXIS2_PLACEMENT_3D('',#1749,#1750,#1751);
#1749 = CARTESIAN_POINT('',(9.13,67.45,3.));
#1750 = DIRECTION('',(0.,-2.22044604925E-16,-1.));
#1751 = DIRECTION('',(1.,0.,0.));
#1752 = PCURVE('',#856,#1753);
#1753 = DEFINITIONAL_REPRESENTATION('',(#1754),#1758);
#1754 = LINE('',#1755,#1756);
#1755 = CARTESIAN_POINT('',(8.881784197001E-16,-1.));
#1756 = VECTOR('',#1757,1.);
#1757 = DIRECTION('',(1.,1.11080349459E-15));
#1758 = ( GEOMETRIC_REPRESENTATION_CONTEXT(2) 
PARAMETRIC_REPRESENTATION_CONTEXT() REPRESENTATION_CONTEXT('2D SPACE',''
  ) );
#1759 = PCURVE('',#1704,#1760);
#1760 = DEFINITIONAL_REPRESENTATION('',(#1761),#1765);
#1761 = LINE('',#1762,#1763);
#1762 = CARTESIAN_POINT('',(10.995574287564,4.));
#1763 = VECTOR('',#1764,1.);
#1764 = DIRECTION('',(-1.,0.));
#1765 = ( GEOMETRIC_REPRESENTATION_CONTEXT(2) 
PARAMETRIC_REPRESENTATION_CONTEXT() REPRESENTATION_CONTEXT('2D SPACE',''
  ) );
#1766 = ORIENTED_EDGE('',*,*,#1664,.F.);
#1767 = ADVANCED_FACE('',(#1768),#887,.T.);
#1768 = FACE_BOUND('',#1769,.T.);
#1769 = EDGE_LOOP('',(#1770,#1771,#1794,#1821));
#1770 = ORIENTED_EDGE('',*,*,#870,.T.);
#1771 = ORIENTED_EDGE('',*,*,#1772,.T.);
#1772 = EDGE_CURVE('',#871,#1773,#1775,.T.);
#1773 = VERTEX_POINT('',#1774);
#1774 = CARTESIAN_POINT('',(-9.61,16.69,3.));
#1775 = SEAM_CURVE('',#1776,(#1780,#1787),.PCURVE_S1.);
#1776 = LINE('',#1777,#1778);
#1777 = CARTESIAN_POINT('',(-10.61,16.69,2.));
#1778 = VECTOR('',#1779,1.);
#1779 = DIRECTION('',(0.707106781187,7.041364024478E-17,0.707106781187)
  );
#1780 = PCURVE('',#887,#1781);
#1781 = DEFINITIONAL_REPRESENTATION('',(#1782),#1786);
#1782 = LINE('',#1783,#1784);
#1783 = CARTESIAN_POINT('',(3.14159265359,-4.710277376051E-16));
#1784 = VECTOR('',#1785,1.);
#1785 = DIRECTION('',(0.,-1.));
#1786 = ( GEOMETRIC_REPRESENTATION_CONTEXT(2) 
PARAMETRIC_REPRESENTATION_CONTEXT() REPRESENTATION_CONTEXT('2D SPACE',''
  ) );
#1787 = PCURVE('',#887,#1788);
#1788 = DEFINITIONAL_REPRESENTATION('',(#1789),#1793);
#1789 = LINE('',#1790,#1791);
#1790 = CARTESIAN_POINT('',(9.424777960769,-4.710277376051E-16));
#1791 = VECTOR('',#1792,1.);
#1792 = DIRECTION('',(0.,-1.));
#1793 = ( GEOMETRIC_REPRESENTATION_CONTEXT(2) 
PARAMETRIC_REPRESENTATION_CONTEXT() REPRESENTATION_CONTEXT('2D SPACE',''
  ) );
#1794 = ORIENTED_EDGE('',*,*,#1795,.T.);
#1795 = EDGE_CURVE('',#1773,#1773,#1796,.T.);
#1796 = SURFACE_CURVE('',#1797,(#1802,#1809),.PCURVE_S1.);
#1797 = CIRCLE('',#1798,3.5);
#1798 = AXIS2_PLACEMENT_3D('',#1799,#1800,#1801);
#1799 = CARTESIAN_POINT('',(-6.11,16.69,3.));
#1800 = DIRECTION('',(0.,-2.22044604925E-16,-1.));
#1801 = DIRECTION('',(1.,0.,0.));
#1802 = PCURVE('',#887,#1803);
#1803 = DEFINITIONAL_REPRESENTATION('',(#1804),#1808);
#1804 = LINE('',#1805,#1806);
#1805 = CARTESIAN_POINT('',(-4.138911435803E-13,-1.));
#1806 = VECTOR('',#1807,1.);
#1807 = DIRECTION('',(1.,0.));
#1808 = ( GEOMETRIC_REPRESENTATION_CONTEXT(2) 
PARAMETRIC_REPRESENTATION_CONTEXT() REPRESENTATION_CONTEXT('2D SPACE',''
  ) );
#1809 = PCURVE('',#1810,#1815);
#1810 = CYLINDRICAL_SURFACE('',#1811,3.5);
#1811 = AXIS2_PLACEMENT_3D('',#1812,#1813,#1814);
#1812 = CARTESIAN_POINT('',(-6.11,16.69,-1.));
#1813 = DIRECTION('',(0.,2.22044604925E-16,1.));
#1814 = DIRECTION('',(1.,0.,-0.));
#1815 = DEFINITIONAL_REPRESENTATION('',(#1816),#1820);
#1816 = LINE('',#1817,#1818);
#1817 = CARTESIAN_POINT('',(12.56637061436,4.));
#1818 = VECTOR('',#1819,1.);
#1819 = DIRECTION('',(-1.,0.));
#1820 = ( GEOMETRIC_REPRESENTATION_CONTEXT(2) 
PARAMETRIC_REPRESENTATION_CONTEXT() REPRESENTATION_CONTEXT('2D SPACE',''
  ) );
#1821 = ORIENTED_EDGE('',*,*,#1772,.F.);
#1822 = ADVANCED_FACE('',(#1823),#918,.T.);
#1823 = FACE_BOUND('',#1824,.T.);
#1824 = EDGE_LOOP('',(#1825,#1849,#1876,#1877));
#1825 = ORIENTED_EDGE('',*,*,#1826,.F.);
#1826 = EDGE_CURVE('',#1827,#902,#1829,.T.);
#1827 = VERTEX_POINT('',#1828);
#1828 = CARTESIAN_POINT('',(5.999999999996,30.000000000002,0.75));
#1829 = SEAM_CURVE('',#1830,(#1835,#1842),.PCURVE_S1.);
#1830 = CIRCLE('',#1831,0.25);
#1831 = AXIS2_PLACEMENT_3D('',#1832,#1833,#1834);
#1832 = CARTESIAN_POINT('',(6.249999999996,30.000000000002,0.75));
#1833 = DIRECTION('',(-0.,1.,0.));
#1834 = DIRECTION('',(1.,0.,0.));
#1835 = PCURVE('',#918,#1836);
#1836 = DEFINITIONAL_REPRESENTATION('',(#1837),#1841);
#1837 = LINE('',#1838,#1839);
#1838 = CARTESIAN_POINT('',(-4.138911435803E-13,0.));
#1839 = VECTOR('',#1840,1.);
#1840 = DIRECTION('',(-0.,1.));
#1841 = ( GEOMETRIC_REPRESENTATION_CONTEXT(2) 
PARAMETRIC_REPRESENTATION_CONTEXT() REPRESENTATION_CONTEXT('2D SPACE',''
  ) );
#1842 = PCURVE('',#918,#1843);
#1843 = DEFINITIONAL_REPRESENTATION('',(#1844),#1848);
#1844 = LINE('',#1845,#1846);
#1845 = CARTESIAN_POINT('',(6.28318530718,0.));
#1846 = VECTOR('',#1847,1.);
#1847 = DIRECTION('',(-0.,1.));
#1848 = ( GEOMETRIC_REPRESENTATION_CONTEXT(2) 
PARAMETRIC_REPRESENTATION_CONTEXT() REPRESENTATION_CONTEXT('2D SPACE',''
  ) );
#1849 = ORIENTED_EDGE('',*,*,#1850,.F.);
#1850 = EDGE_CURVE('',#1827,#1827,#1851,.T.);
#1851 = SURFACE_CURVE('',#1852,(#1857,#1864),.PCURVE_S1.);
#1852 = CIRCLE('',#1853,6.);
#1853 = AXIS2_PLACEMENT_3D('',#1854,#1855,#1856);
#1854 = CARTESIAN_POINT('',(-4.184969330926E-12,30.000000000002,0.75));
#1855 = DIRECTION('',(0.,0.,1.));
#1856 = DIRECTION('',(1.,0.,-0.));
#1857 = PCURVE('',#918,#1858);
#1858 = DEFINITIONAL_REPRESENTATION('',(#1859),#1863);
#1859 = LINE('',#1860,#1861);
#1860 = CARTESIAN_POINT('',(6.28318530718,3.14159265359));
#1861 = VECTOR('',#1862,1.);
#1862 = DIRECTION('',(-1.,0.));
#1863 = ( GEOMETRIC_REPRESENTATION_CONTEXT(2) 
PARAMETRIC_REPRESENTATION_CONTEXT() REPRESENTATION_CONTEXT('2D SPACE',''
  ) );
#1864 = PCURVE('',#1865,#1870);
#1865 = CYLINDRICAL_SURFACE('',#1866,6.);
#1866 = AXIS2_PLACEMENT_3D('',#1867,#1868,#1869);
#1867 = CARTESIAN_POINT('',(-4.184969330926E-12,30.000000000002,
    -3.330669073875E-15));
#1868 = DIRECTION('',(-0.,-0.,-1.));
#1869 = DIRECTION('',(1.,0.,0.));
#1870 = DEFINITIONAL_REPRESENTATION('',(#1871),#1875);
#1871 = LINE('',#1872,#1873);
#1872 = CARTESIAN_POINT('',(6.28318530718,-0.75));
#1873 = VECTOR('',#1874,1.);
#1874 = DIRECTION('',(-1.,0.));
#1875 = ( GEOMETRIC_REPRESENTATION_CONTEXT(2) 
PARAMETRIC_REPRESENTATION_CONTEXT() REPRESENTATION_CONTEXT('2D SPACE',''
  ) );
#1876 = ORIENTED_EDGE('',*,*,#1826,.T.);
#1877 = ORIENTED_EDGE('',*,*,#901,.T.);
#1878 = ADVANCED_FACE('',(#1879),#951,.T.);
#1879 = FACE_BOUND('',#1880,.T.);
#1880 = EDGE_LOOP('',(#1881,#1882,#1905,#1934,#1963,#1985,#1986,#1987));
#1881 = ORIENTED_EDGE('',*,*,#963,.T.);
#1882 = ORIENTED_EDGE('',*,*,#1883,.T.);
#1883 = EDGE_CURVE('',#933,#1884,#1886,.T.);
#1884 = VERTEX_POINT('',#1885);
#1885 = CARTESIAN_POINT('',(4.35,-7.43,3.));
#1886 = SEAM_CURVE('',#1887,(#1891,#1898),.PCURVE_S1.);
#1887 = LINE('',#1888,#1889);
#1888 = CARTESIAN_POINT('',(3.35,-7.43,2.));
#1889 = VECTOR('',#1890,1.);
#1890 = DIRECTION('',(0.707106781187,7.041364024478E-17,0.707106781187)
  );
#1891 = PCURVE('',#951,#1892);
#1892 = DEFINITIONAL_REPRESENTATION('',(#1893),#1897);
#1893 = LINE('',#1894,#1895);
#1894 = CARTESIAN_POINT('',(-3.14159265359,-3.140184917368E-16));
#1895 = VECTOR('',#1896,1.);
#1896 = DIRECTION('',(0.,-1.));
#1897 = ( GEOMETRIC_REPRESENTATION_CONTEXT(2) 
PARAMETRIC_REPRESENTATION_CONTEXT() REPRESENTATION_CONTEXT('2D SPACE',''
  ) );
#1898 = PCURVE('',#951,#1899);
#1899 = DEFINITIONAL_REPRESENTATION('',(#1900),#1904);
#1900 = LINE('',#1901,#1902);
#1901 = CARTESIAN_POINT('',(3.14159265359,-3.140184917368E-16));
#1902 = VECTOR('',#1903,1.);
#1903 = DIRECTION('',(0.,-1.));
#1904 = ( GEOMETRIC_REPRESENTATION_CONTEXT(2) 
PARAMETRIC_REPRESENTATION_CONTEXT() REPRESENTATION_CONTEXT('2D SPACE',''
  ) );
#1905 = ORIENTED_EDGE('',*,*,#1906,.T.);
#1906 = EDGE_CURVE('',#1884,#1907,#1909,.T.);
#1907 = VERTEX_POINT('',#1908);
#1908 = CARTESIAN_POINT('',(5.927924299098,-4.505,3.));
#1909 = SURFACE_CURVE('',#1910,(#1915,#1922),.PCURVE_S1.);
#1910 = CIRCLE('',#1911,3.5);
#1911 = AXIS2_PLACEMENT_3D('',#1912,#1913,#1914);
#1912 = CARTESIAN_POINT('',(7.85,-7.43,3.));
#1913 = DIRECTION('',(0.,-2.22044604925E-16,-1.));
#1914 = DIRECTION('',(1.,0.,0.));
#1915 = PCURVE('',#951,#1916);
#1916 = DEFINITIONAL_REPRESENTATION('',(#1917),#1921);
#1917 = LINE('',#1918,#1919);
#1918 = CARTESIAN_POINT('',(-6.28318530718,-1.));
#1919 = VECTOR('',#1920,1.);
#1920 = DIRECTION('',(1.,0.));
#1921 = ( GEOMETRIC_REPRESENTATION_CONTEXT(2) 
PARAMETRIC_REPRESENTATION_CONTEXT() REPRESENTATION_CONTEXT('2D SPACE',''
  ) );
#1922 = PCURVE('',#1923,#1928);
#1923 = CYLINDRICAL_SURFACE('',#1924,3.5);
#1924 = AXIS2_PLACEMENT_3D('',#1925,#1926,#1927);
#1925 = CARTESIAN_POINT('',(7.85,-7.43,-1.));
#1926 = DIRECTION('',(0.,2.22044604925E-16,1.));
#1927 = DIRECTION('',(-1.836970198721E-16,-1.,2.22044604925E-16));
#1928 = DEFINITIONAL_REPRESENTATION('',(#1929),#1933);
#1929 = LINE('',#1930,#1931);
#1930 = CARTESIAN_POINT('',(7.853981633974,4.));
#1931 = VECTOR('',#1932,1.);
#1932 = DIRECTION('',(-1.,0.));
#1933 = ( GEOMETRIC_REPRESENTATION_CONTEXT(2) 
PARAMETRIC_REPRESENTATION_CONTEXT() REPRESENTATION_CONTEXT('2D SPACE',''
  ) );
#1934 = ORIENTED_EDGE('',*,*,#1935,.T.);
#1935 = EDGE_CURVE('',#1907,#1936,#1938,.T.);
#1936 = VERTEX_POINT('',#1937);
#1937 = CARTESIAN_POINT('',(9.772075700903,-4.505,3.));
#1938 = SURFACE_CURVE('',#1939,(#1944,#1951),.PCURVE_S1.);
#1939 = CIRCLE('',#1940,3.5);
#1940 = AXIS2_PLACEMENT_3D('',#1941,#1942,#1943);
#1941 = CARTESIAN_POINT('',(7.85,-7.43,3.));
#1942 = DIRECTION('',(0.,-2.22044604925E-16,-1.));
#1943 = DIRECTION('',(1.,0.,0.));
#1944 = PCURVE('',#951,#1945);
#1945 = DEFINITIONAL_REPRESENTATION('',(#1946),#1950);
#1946 = LINE('',#1947,#1948);
#1947 = CARTESIAN_POINT('',(-6.28318530718,-1.));
#1948 = VECTOR('',#1949,1.);
#1949 = DIRECTION('',(1.,0.));
#1950 = ( GEOMETRIC_REPRESENTATION_CONTEXT(2) 
PARAMETRIC_REPRESENTATION_CONTEXT() REPRESENTATION_CONTEXT('2D SPACE',''
  ) );
#1951 = PCURVE('',#1952,#1957);
#1952 = PLANE('',#1953);
#1953 = AXIS2_PLACEMENT_3D('',#1954,#1955,#1956);
#1954 = CARTESIAN_POINT('',(7.74,-3.63,3.));
#1955 = DIRECTION('',(0.,-2.22044604925E-16,-1.));
#1956 = DIRECTION('',(0.,1.,-2.22044604925E-16));
#1957 = DEFINITIONAL_REPRESENTATION('',(#1958),#1962);
#1958 = CIRCLE('',#1959,3.5);
#1959 = AXIS2_PLACEMENT_2D('',#1960,#1961);
#1960 = CARTESIAN_POINT('',(-3.8,0.11));
#1961 = DIRECTION('',(0.,1.));
#1962 = ( GEOMETRIC_REPRESENTATION_CONTEXT(2) 
PARAMETRIC_REPRESENTATION_CONTEXT() REPRESENTATION_CONTEXT('2D SPACE',''
  ) );
#1963 = ORIENTED_EDGE('',*,*,#1964,.T.);
#1964 = EDGE_CURVE('',#1936,#1884,#1965,.T.);
#1965 = SURFACE_CURVE('',#1966,(#1971,#1978),.PCURVE_S1.);
#1966 = CIRCLE('',#1967,3.5);
#1967 = AXIS2_PLACEMENT_3D('',#1968,#1969,#1970);
#1968 = CARTESIAN_POINT('',(7.85,-7.43,3.));
#1969 = DIRECTION('',(0.,-2.22044604925E-16,-1.));
#1970 = DIRECTION('',(1.,0.,0.));
#1971 = PCURVE('',#951,#1972);
#1972 = DEFINITIONAL_REPRESENTATION('',(#1973),#1977);
#1973 = LINE('',#1974,#1975);
#1974 = CARTESIAN_POINT('',(-6.28318530718,-1.));
#1975 = VECTOR('',#1976,1.);
#1976 = DIRECTION('',(1.,0.));
#1977 = ( GEOMETRIC_REPRESENTATION_CONTEXT(2) 
PARAMETRIC_REPRESENTATION_CONTEXT() REPRESENTATION_CONTEXT('2D SPACE',''
  ) );
#1978 = PCURVE('',#1923,#1979);
#1979 = DEFINITIONAL_REPRESENTATION('',(#1980),#1984);
#1980 = LINE('',#1981,#1982);
#1981 = CARTESIAN_POINT('',(14.137166941154,4.));
#1982 = VECTOR('',#1983,1.);
#1983 = DIRECTION('',(-1.,0.));
#1984 = ( GEOMETRIC_REPRESENTATION_CONTEXT(2) 
PARAMETRIC_REPRESENTATION_CONTEXT() REPRESENTATION_CONTEXT('2D SPACE',''
  ) );
#1985 = ORIENTED_EDGE('',*,*,#1883,.F.);
#1986 = ORIENTED_EDGE('',*,*,#932,.T.);
#1987 = ORIENTED_EDGE('',*,*,#1988,.F.);
#1988 = EDGE_CURVE('',#964,#935,#1989,.T.);
#1989 = SURFACE_CURVE('',#1990,(#2056,#2125),.PCURVE_S1.);
#1990 = B_SPLINE_CURVE_WITH_KNOTS('',8,(#1991,#1992,#1993,#1994,#1995,
    #1996,#1997,#1998,#1999,#2000,#2001,#2002,#2003,#2004,#2005,#2006,
    #2007,#2008,#2009,#2010,#2011,#2012,#2013,#2014,#2015,#2016,#2017,
    #2018,#2019,#2020,#2021,#2022,#2023,#2024,#2025,#2026,#2027,#2028,
    #2029,#2030,#2031,#2032,#2033,#2034,#2035,#2036,#2037,#2038,#2039,
    #2040,#2041,#2042,#2043,#2044,#2045,#2046,#2047,#2048,#2049,#2050,
    #2051,#2052,#2053,#2054,#2055),.UNSPECIFIED.,.F.,.F.,(9,7,7,7,7,7,7,
    7,7,9),(0.,0.276111703029,0.384508749239,0.426473618225,
    0.500251244121,0.560143318948,0.591313411789,0.653230357111,
    0.88303378108,1.),.UNSPECIFIED.);
#1991 = CARTESIAN_POINT('',(2.641038905766,-5.6645753149,1.));
#1992 = CARTESIAN_POINT('',(2.753508765341,-5.612137619513,
    1.089686603806));
#1993 = CARTESIAN_POINT('',(2.867486378976,-5.555889874505,
    1.178049541793));
#1994 = CARTESIAN_POINT('',(2.983429482085,-5.495359492404,
    1.265017581516));
#1995 = CARTESIAN_POINT('',(3.101748170835,-5.42998546426,1.350325314416
    ));
#1996 = CARTESIAN_POINT('',(3.22281267735,-5.359133526531,1.433517989971
    ));
#1997 = CARTESIAN_POINT('',(3.347053097359,-5.281960275204,1.5138714579)
  );
#1998 = CARTESIAN_POINT('',(3.474949127451,-5.197457477906,
    1.590412932058));
#1999 = CARTESIAN_POINT('',(3.659495830066,-5.067015806387,1.68951757591
    ));
#2000 = CARTESIAN_POINT('',(3.712190278539,-5.028861358884,
    1.716604105314));
#2001 = CARTESIAN_POINT('',(3.765603982639,-4.989222436126,
    1.742742611078));
#2002 = CARTESIAN_POINT('',(3.819767242799,-4.948000160109,
    1.767808160095));
#2003 = CARTESIAN_POINT('',(3.874690873912,-4.905099820251,
    1.791646493246));
#2004 = CARTESIAN_POINT('',(3.930365499686,-4.860433094128,
    1.814075732788));
#2005 = CARTESIAN_POINT('',(3.98675947058,-4.813922345558,1.834890105334
    ));
#2006 = CARTESIAN_POINT('',(4.065904059143,-4.746763466874,
    1.861211890972));
#2007 = CARTESIAN_POINT('',(4.088089010914,-4.727736951088,
    1.868281537378));
#2008 = CARTESIAN_POINT('',(4.110365375722,-4.708425377678,
    1.875061304782));
#2009 = CARTESIAN_POINT('',(4.132726949121,-4.688827748503,
    1.881537317423));
#2010 = CARTESIAN_POINT('',(4.15516614697,-4.668944331154,1.887695365791
    ));
#2011 = CARTESIAN_POINT('',(4.177673945255,-4.648776847811,
    1.893521133752));
#2012 = CARTESIAN_POINT('',(4.200239819904,-4.628328664099,
    1.899000425693));
#2013 = CARTESIAN_POINT('',(4.262605172871,-4.571171065471,1.91311895238
    ));
#2014 = CARTESIAN_POINT('',(4.302510534392,-4.533876662499,
    1.921006976607));
#2015 = CARTESIAN_POINT('',(4.342489966134,-4.495760823326,
    1.927704889256));
#2016 = CARTESIAN_POINT('',(4.382457466799,-4.456875083184,
    1.933140975126));
#2017 = CARTESIAN_POINT('',(4.422319018708,-4.417285727032,1.93725492046
    ));
#2018 = CARTESIAN_POINT('',(4.46197276768,-4.377076058345,1.940002352512
    ));
#2019 = CARTESIAN_POINT('',(4.501309202911,-4.336348667894,
    1.941359379116));
#2020 = CARTESIAN_POINT('',(4.57179177182,-4.261846038331,1.94130094726)
  );
#2021 = CARTESIAN_POINT('',(4.603093314948,-4.228197300908,
    1.940359245219));
#2022 = CARTESIAN_POINT('',(4.634054898583,-4.194345971053,
    1.938501911567));
#2023 = CARTESIAN_POINT('',(4.664623777382,-4.160353570345,
    1.935739502719));
#2024 = CARTESIAN_POINT('',(4.694754829727,-4.12627860155,1.932091772345
    ));
#2025 = CARTESIAN_POINT('',(4.724409859141,-4.092176489011,
    1.927586201642));
#2026 = CARTESIAN_POINT('',(4.753556895708,-4.05809951904,1.922256529617
    ));
#2027 = CARTESIAN_POINT('',(4.797060573749,-4.006400473635,
    1.912958678752));
#2028 = CARTESIAN_POINT('',(4.811807765166,-3.988723199001,
    1.909563033662));
#2029 = CARTESIAN_POINT('',(4.826408012996,-3.971071144255,
    1.905959746982));
#2030 = CARTESIAN_POINT('',(4.840858787515,-3.953449996768,
    1.902154328249));
#2031 = CARTESIAN_POINT('',(4.855158088016,-3.935864943429,
    1.898152397643));
#2032 = CARTESIAN_POINT('',(4.869304442807,-3.918320670646,
    1.893959685994));
#2033 = CARTESIAN_POINT('',(4.883296909214,-3.900821364345,
    1.889582034775));
#2034 = CARTESIAN_POINT('',(4.924623502013,-3.848706353397,
    1.875973990687));
#2035 = CARTESIAN_POINT('',(4.951501786581,-3.814235372141,
    1.866216342032));
#2036 = CARTESIAN_POINT('',(4.97776793823,-3.779984599009,1.855797859926
    ));
#2037 = CARTESIAN_POINT('',(5.003425330491,-3.745974876812,
    1.844763375817));
#2038 = CARTESIAN_POINT('',(5.028481888344,-3.712221428766,
    1.833156278487));
#2039 = CARTESIAN_POINT('',(5.052949277076,-3.678734228896,
    1.821017649726));
#2040 = CARTESIAN_POINT('',(5.076842091143,-3.645518372439,
    1.808385400003));
#2041 = CARTESIAN_POINT('',(5.18678422003,-3.49030376575,1.746702740303)
  );
#2042 = CARTESIAN_POINT('',(5.265497852358,-3.372075205873,
    1.691898448749));
#2043 = CARTESIAN_POINT('',(5.337560831191,-3.257434349888,
    1.632493791516));
#2044 = CARTESIAN_POINT('',(5.403817792435,-3.14609342336,1.569638333524
    ));
#2045 = CARTESIAN_POINT('',(5.464968135678,-3.037768344734,
    1.504176944525));
#2046 = CARTESIAN_POINT('',(5.521633938229,-2.93212144506,1.43669478326)
  );
#2047 = CARTESIAN_POINT('',(5.574356287539,-2.828746334495,
    1.367520823422));
#2048 = CARTESIAN_POINT('',(5.648714886022,-2.675411034777,
    1.260747631388));
#2049 = CARTESIAN_POINT('',(5.67287669755,-2.624202319043,1.22436102886)
  );
#2050 = CARTESIAN_POINT('',(5.696172014868,-2.573468117303,
    1.187639922979));
#2051 = CARTESIAN_POINT('',(5.718647235947,-2.523175842032,
    1.150616586495));
#2052 = CARTESIAN_POINT('',(5.740343158165,-2.473296548586,
    1.113318811773));
#2053 = CARTESIAN_POINT('',(5.761296004771,-2.423804036867,
    1.075770407171));
#2054 = CARTESIAN_POINT('',(5.781538451343,-2.374673952993,1.03799169342
    ));
#2055 = CARTESIAN_POINT('',(5.801100652244,-2.325882890963,1.));
#2056 = PCURVE('',#951,#2057);
#2057 = DEFINITIONAL_REPRESENTATION('',(#2058),#2124);
#2058 = B_SPLINE_CURVE_WITH_KNOTS('',8,(#2059,#2060,#2061,#2062,#2063,
    #2064,#2065,#2066,#2067,#2068,#2069,#2070,#2071,#2072,#2073,#2074,
    #2075,#2076,#2077,#2078,#2079,#2080,#2081,#2082,#2083,#2084,#2085,
    #2086,#2087,#2088,#2089,#2090,#2091,#2092,#2093,#2094,#2095,#2096,
    #2097,#2098,#2099,#2100,#2101,#2102,#2103,#2104,#2105,#2106,#2107,
    #2108,#2109,#2110,#2111,#2112,#2113,#2114,#2115,#2116,#2117,#2118,
    #2119,#2120,#2121,#2122,#2123),.UNSPECIFIED.,.F.,.F.,(9,7,7,7,7,7,7,
    7,7,9),(0.,0.276111703029,0.384508749239,0.426473618225,
    0.500251244121,0.560143318948,0.591313411789,0.653230357111,
    0.88303378108,1.),.UNSPECIFIED.);
#2059 = CARTESIAN_POINT('',(-2.814821935812,1.));
#2060 = CARTESIAN_POINT('',(-2.799228448818,0.910313396194));
#2061 = CARTESIAN_POINT('',(-2.782309676165,0.821950458207));
#2062 = CARTESIAN_POINT('',(-2.763880364373,0.734982418484));
#2063 = CARTESIAN_POINT('',(-2.743724574445,0.649674685584));
#2064 = CARTESIAN_POINT('',(-2.721598772036,0.566482010029));
#2065 = CARTESIAN_POINT('',(-2.697202266208,0.4861285421));
#2066 = CARTESIAN_POINT('',(-2.670193039535,0.409587067942));
#2067 = CARTESIAN_POINT('',(-2.628215938067,0.31048242409));
#2068 = CARTESIAN_POINT('',(-2.615909129701,0.283395894686));
#2069 = CARTESIAN_POINT('',(-2.603100538055,0.257257388922));
#2070 = CARTESIAN_POINT('',(-2.589764711161,0.232191839905));
#2071 = CARTESIAN_POINT('',(-2.575880598558,0.208353506754));
#2072 = CARTESIAN_POINT('',(-2.561433387065,0.185924267212));
#2073 = CARTESIAN_POINT('',(-2.546417078584,0.165109894666));
#2074 = CARTESIAN_POINT('',(-2.524806446657,0.138788109028));
#2075 = CARTESIAN_POINT('',(-2.518691504487,0.131718462622));
#2076 = CARTESIAN_POINT('',(-2.512493790141,0.124938695218));
#2077 = CARTESIAN_POINT('',(-2.506214608144,0.118462682577));
#2078 = CARTESIAN_POINT('',(-2.499855814084,0.112304634209));
#2079 = CARTESIAN_POINT('',(-2.493419867842,0.106478866248));
#2080 = CARTESIAN_POINT('',(-2.486909886825,0.100999574307));
#2081 = CARTESIAN_POINT('',(-2.468761198361,8.688104762022E-02));
#2082 = CARTESIAN_POINT('',(-2.45697292644,7.899302339288E-02));
#2083 = CARTESIAN_POINT('',(-2.444988882214,7.229511074408E-02));
#2084 = CARTESIAN_POINT('',(-2.432838498582,6.685902487433E-02));
#2085 = CARTESIAN_POINT('',(-2.420556510696,6.274507954038E-02));
#2086 = CARTESIAN_POINT('',(-2.4081828241,5.999764748786E-02));
#2087 = CARTESIAN_POINT('',(-2.395762382875,5.864062088395E-02));
#2088 = CARTESIAN_POINT('',(-2.373264738323,5.869905274004E-02));
#2089 = CARTESIAN_POINT('',(-2.363184087116,5.964075478116E-02));
#2090 = CARTESIAN_POINT('',(-2.353129158405,6.149808843326E-02));
#2091 = CARTESIAN_POINT('',(-2.343124202729,6.426049728083E-02));
#2092 = CARTESIAN_POINT('',(-2.333191546532,6.790822765545E-02));
#2093 = CARTESIAN_POINT('',(-2.323351491791,7.241379835835E-02));
#2094 = CARTESIAN_POINT('',(-2.313622215641,7.774347038286E-02));
#2095 = CARTESIAN_POINT('',(-2.299022143355,8.704132124764E-02));
#2096 = CARTESIAN_POINT('',(-2.294058650063,9.043696633775E-02));
#2097 = CARTESIAN_POINT('',(-2.289131232831,9.404025301753E-02));
#2098 = CARTESIAN_POINT('',(-2.284241721741,9.784567175114E-02));
#2099 = CARTESIAN_POINT('',(-2.279391734245,0.101847602357));
#2100 = CARTESIAN_POINT('',(-2.274582675162,0.106040314006));
#2101 = CARTESIAN_POINT('',(-2.269815736678,0.110417965225));
#2102 = CARTESIAN_POINT('',(-2.255708363914,0.124026009313));
#2103 = CARTESIAN_POINT('',(-2.246495305701,0.133783657968));
#2104 = CARTESIAN_POINT('',(-2.237459937428,0.144202140074));
#2105 = CARTESIAN_POINT('',(-2.228606923989,0.155236624183));
#2106 = CARTESIAN_POINT('',(-2.219938686294,0.166843721513));
#2107 = CARTESIAN_POINT('',(-2.211455706106,0.178982350274));
#2108 = CARTESIAN_POINT('',(-2.20315683088,0.191614599997));
#2109 = CARTESIAN_POINT('',(-2.164912569625,0.253297259697));
#2110 = CARTESIAN_POINT('',(-2.137360348207,0.308101551251));
#2111 = CARTESIAN_POINT('',(-2.112122997542,0.367506208484));
#2112 = CARTESIAN_POINT('',(-2.088971019427,0.430361666476));
#2113 = CARTESIAN_POINT('',(-2.067682482858,0.495823055475));
#2114 = CARTESIAN_POINT('',(-2.048044200705,0.56330521674));
#2115 = CARTESIAN_POINT('',(-2.029859273434,0.632479176578));
#2116 = CARTESIAN_POINT('',(-2.004333402285,0.739252368612));
#2117 = CARTESIAN_POINT('',(-1.996061481203,0.77563897114));
#2118 = CARTESIAN_POINT('',(-1.988107445976,0.812360077021));
#2119 = CARTESIAN_POINT('',(-1.98045318791,0.849383413505));
#2120 = CARTESIAN_POINT('',(-1.973082343218,0.886681188227));
#2121 = CARTESIAN_POINT('',(-1.965980016967,0.924229592829));
#2122 = CARTESIAN_POINT('',(-1.959132507031,0.96200830658));
#2123 = CARTESIAN_POINT('',(-1.95252702804,1.));
#2124 = ( GEOMETRIC_REPRESENTATION_CONTEXT(2) 
PARAMETRIC_REPRESENTATION_CONTEXT() REPRESENTATION_CONTEXT('2D SPACE',''
  ) );
#2125 = PCURVE('',#2126,#2131);
#2126 = CYLINDRICAL_SURFACE('',#2127,6.25);
#2127 = AXIS2_PLACEMENT_3D('',#2128,#2129,#2130);
#2128 = CARTESIAN_POINT('',(-4.1883E-12,2.46292E-12,1.));
#2129 = DIRECTION('',(-0.,-0.,-1.));
#2130 = DIRECTION('',(1.,0.,0.));
#2131 = DEFINITIONAL_REPRESENTATION('',(#2132),#2198);
#2132 = B_SPLINE_CURVE_WITH_KNOTS('',8,(#2133,#2134,#2135,#2136,#2137,
    #2138,#2139,#2140,#2141,#2142,#2143,#2144,#2145,#2146,#2147,#2148,
    #2149,#2150,#2151,#2152,#2153,#2154,#2155,#2156,#2157,#2158,#2159,
    #2160,#2161,#2162,#2163,#2164,#2165,#2166,#2167,#2168,#2169,#2170,
    #2171,#2172,#2173,#2174,#2175,#2176,#2177,#2178,#2179,#2180,#2181,
    #2182,#2183,#2184,#2185,#2186,#2187,#2188,#2189,#2190,#2191,#2192,
    #2193,#2194,#2195,#2196,#2197),.UNSPECIFIED.,.F.,.F.,(9,7,7,7,7,7,7,
    7,7,9),(0.,0.276111703029,0.384508749239,0.426473618225,
    0.500251244121,0.560143318948,0.591313411789,0.653230357111,
    0.88303378108,1.),.UNSPECIFIED.);
#2133 = CARTESIAN_POINT('',(1.134521429303,0.));
#2134 = CARTESIAN_POINT('',(1.114666479317,-8.968660380564E-02));
#2135 = CARTESIAN_POINT('',(1.094335276648,-0.178049541793));
#2136 = CARTESIAN_POINT('',(1.073417631661,-0.265017581516));
#2137 = CARTESIAN_POINT('',(1.051801570101,-0.350325314416));
#2138 = CARTESIAN_POINT('',(1.029372736728,-0.433517989972));
#2139 = CARTESIAN_POINT('',(1.005986175385,-0.5138714579));
#2140 = CARTESIAN_POINT('',(0.981471721395,-0.590412932058));
#2141 = CARTESIAN_POINT('',(0.945312955004,-0.68951757591));
#2142 = CARTESIAN_POINT('',(0.934904447343,-0.716604105314));
#2143 = CARTESIAN_POINT('',(0.924263254118,-0.742742611078));
#2144 = CARTESIAN_POINT('',(0.913374390107,-0.767808160095));
#2145 = CARTESIAN_POINT('',(0.902225423937,-0.791646493246));
#2146 = CARTESIAN_POINT('',(0.890806696599,-0.814075732788));
#2147 = CARTESIAN_POINT('',(0.879111932521,-0.834890105334));
#2148 = CARTESIAN_POINT('',(0.862504132225,-0.861211890972));
#2149 = CARTESIAN_POINT('',(0.857827978199,-0.868281537378));
#2150 = CARTESIAN_POINT('',(0.853111011002,-0.875061304782));
#2151 = CARTESIAN_POINT('',(0.848353720852,-0.881537317423));
#2152 = CARTESIAN_POINT('',(0.843556885828,-0.887695365791));
#2153 = CARTESIAN_POINT('',(0.838721599385,-0.893521133752));
#2154 = CARTESIAN_POINT('',(0.833849297871,-0.899000425693));
#2155 = CARTESIAN_POINT('',(0.820313989773,-0.91311895238));
#2156 = CARTESIAN_POINT('',(0.811575248574,-0.921006976607));
#2157 = CARTESIAN_POINT('',(0.802738001699,-0.927704889256));
#2158 = CARTESIAN_POINT('',(0.793816868002,-0.933140975126));
#2159 = CARTESIAN_POINT('',(0.784828927954,-0.93725492046));
#2160 = CARTESIAN_POINT('',(0.775794003667,-0.940002352512));
#2161 = CARTESIAN_POINT('',(0.766734938918,-0.941359379116));
#2162 = CARTESIAN_POINT('',(0.750325431951,-0.94130094726));
#2163 = CARTESIAN_POINT('',(0.7429726106,-0.940359245219));
#2164 = CARTESIAN_POINT('',(0.735633014762,-0.938501911567));
#2165 = CARTESIAN_POINT('',(0.728318992105,-0.935739502719));
#2166 = CARTESIAN_POINT('',(0.721041723361,-0.932091772345));
#2167 = CARTESIAN_POINT('',(0.713811307354,-0.927586201642));
#2168 = CARTESIAN_POINT('',(0.706636846036,-0.922256529617));
#2169 = CARTESIAN_POINT('',(0.695826052853,-0.912958678752));
#2170 = CARTESIAN_POINT('',(0.69214272891,-0.909563033662));
#2171 = CARTESIAN_POINT('',(0.688477552697,-0.905959746982));
#2172 = CARTESIAN_POINT('',(0.68483140696,-0.902154328249));
#2173 = CARTESIAN_POINT('',(0.681205062186,-0.898152397643));
#2174 = CARTESIAN_POINT('',(0.67759917661,-0.893959685994));
#2175 = CARTESIAN_POINT('',(0.674014296209,-0.889582034775));
#2176 = CARTESIAN_POINT('',(0.663372357572,-0.875973990687));
#2177 = CARTESIAN_POINT('',(0.65637876104,-0.866216342032));
#2178 = CARTESIAN_POINT('',(0.649473083796,-0.855797859926));
#2179 = CARTESIAN_POINT('',(0.642657119731,-0.844763375817));
#2180 = CARTESIAN_POINT('',(0.635931560773,-0.833156278487));
#2181 = CARTESIAN_POINT('',(0.629296119723,-0.821017649726));
#2182 = CARTESIAN_POINT('',(0.622749653098,-0.808385400003));
#2183 = CARTESIAN_POINT('',(0.592316472959,-0.746702740303));
#2184 = CARTESIAN_POINT('',(0.569600418344,-0.691898448749));
#2185 = CARTESIAN_POINT('',(0.547946923548,-0.632493791516));
#2186 = CARTESIAN_POINT('',(0.527228320402,-0.569638333524));
#2187 = CARTESIAN_POINT('',(0.507335174002,-0.504176944525));
#2188 = CARTESIAN_POINT('',(0.488160566083,-0.43669478326));
#2189 = CARTESIAN_POINT('',(0.469597394533,-0.367520823422));
#2190 = CARTESIAN_POINT('',(0.442331162085,-0.260747631388));
#2191 = CARTESIAN_POINT('',(0.433272050251,-0.22436102886));
#2192 = CARTESIAN_POINT('',(0.424340564512,-0.187639922979));
#2193 = CARTESIAN_POINT('',(0.415527732591,-0.150616586495));
#2194 = CARTESIAN_POINT('',(0.406825613595,-0.113318811773));
#2195 = CARTESIAN_POINT('',(0.398227075068,-7.577040717118E-02));
#2196 = CARTESIAN_POINT('',(0.389725570029,-3.799169341952E-02));
#2197 = CARTESIAN_POINT('',(0.381314914025,-1.110223024625E-15));
#2198 = ( GEOMETRIC_REPRESENTATION_CONTEXT(2) 
PARAMETRIC_REPRESENTATION_CONTEXT() REPRESENTATION_CONTEXT('2D SPACE',''
  ) );
#2199 = ADVANCED_FACE('',(#2200),#1004,.T.);
#2200 = FACE_BOUND('',#2201,.T.);
#2201 = EDGE_LOOP('',(#2202,#2231,#2253,#2254,#2276,#2277));
#2202 = ORIENTED_EDGE('',*,*,#2203,.F.);
#2203 = EDGE_CURVE('',#2204,#2204,#2206,.T.);
#2204 = VERTEX_POINT('',#2205);
#2205 = CARTESIAN_POINT('',(5.999999999996,2.463E-12,0.75));
#2206 = SURFACE_CURVE('',#2207,(#2212,#2219),.PCURVE_S1.);
#2207 = CIRCLE('',#2208,6.);
#2208 = AXIS2_PLACEMENT_3D('',#2209,#2210,#2211);
#2209 = CARTESIAN_POINT('',(-4.1883E-12,2.46292E-12,0.75));
#2210 = DIRECTION('',(0.,0.,1.));
#2211 = DIRECTION('',(1.,0.,-0.));
#2212 = PCURVE('',#1004,#2213);
#2213 = DEFINITIONAL_REPRESENTATION('',(#2214),#2218);
#2214 = LINE('',#2215,#2216);
#2215 = CARTESIAN_POINT('',(6.28318530718,3.14159265359));
#2216 = VECTOR('',#2217,1.);
#2217 = DIRECTION('',(-1.,0.));
#2218 = ( GEOMETRIC_REPRESENTATION_CONTEXT(2) 
PARAMETRIC_REPRESENTATION_CONTEXT() REPRESENTATION_CONTEXT('2D SPACE',''
  ) );
#2219 = PCURVE('',#2220,#2225);
#2220 = CYLINDRICAL_SURFACE('',#2221,6.);
#2221 = AXIS2_PLACEMENT_3D('',#2222,#2223,#2224);
#2222 = CARTESIAN_POINT('',(-4.1883E-12,2.46292E-12,0.));
#2223 = DIRECTION('',(-0.,-0.,-1.));
#2224 = DIRECTION('',(1.,0.,0.));
#2225 = DEFINITIONAL_REPRESENTATION('',(#2226),#2230);
#2226 = LINE('',#2227,#2228);
#2227 = CARTESIAN_POINT('',(6.28318530718,-0.75));
#2228 = VECTOR('',#2229,1.);
#2229 = DIRECTION('',(-1.,0.));
#2230 = ( GEOMETRIC_REPRESENTATION_CONTEXT(2) 
PARAMETRIC_REPRESENTATION_CONTEXT() REPRESENTATION_CONTEXT('2D SPACE',''
  ) );
#2231 = ORIENTED_EDGE('',*,*,#2232,.T.);
#2232 = EDGE_CURVE('',#2204,#988,#2233,.T.);
#2233 = SEAM_CURVE('',#2234,(#2239,#2246),.PCURVE_S1.);
#2234 = CIRCLE('',#2235,0.25);
#2235 = AXIS2_PLACEMENT_3D('',#2236,#2237,#2238);
#2236 = CARTESIAN_POINT('',(6.249999999996,2.46292E-12,0.75));
#2237 = DIRECTION('',(-0.,1.,0.));
#2238 = DIRECTION('',(1.,0.,0.));
#2239 = PCURVE('',#1004,#2240);
#2240 = DEFINITIONAL_REPRESENTATION('',(#2241),#2245);
#2241 = LINE('',#2242,#2243);
#2242 = CARTESIAN_POINT('',(6.283185307179,0.));
#2243 = VECTOR('',#2244,1.);
#2244 = DIRECTION('',(-0.,1.));
#2245 = ( GEOMETRIC_REPRESENTATION_CONTEXT(2) 
PARAMETRIC_REPRESENTATION_CONTEXT() REPRESENTATION_CONTEXT('2D SPACE',''
  ) );
#2246 = PCURVE('',#1004,#2247);
#2247 = DEFINITIONAL_REPRESENTATION('',(#2248),#2252);
#2248 = LINE('',#2249,#2250);
#2249 = CARTESIAN_POINT('',(4.138911435803E-13,0.));
#2250 = VECTOR('',#2251,1.);
#2251 = DIRECTION('',(-0.,1.));
#2252 = ( GEOMETRIC_REPRESENTATION_CONTEXT(2) 
PARAMETRIC_REPRESENTATION_CONTEXT() REPRESENTATION_CONTEXT('2D SPACE',''
  ) );
#2253 = ORIENTED_EDGE('',*,*,#987,.T.);
#2254 = ORIENTED_EDGE('',*,*,#2255,.T.);
#2255 = EDGE_CURVE('',#964,#935,#2256,.T.);
#2256 = SURFACE_CURVE('',#2257,(#2262,#2269),.PCURVE_S1.);
#2257 = CIRCLE('',#2258,6.25);
#2258 = AXIS2_PLACEMENT_3D('',#2259,#2260,#2261);
#2259 = CARTESIAN_POINT('',(-4.1883E-12,2.46292E-12,1.));
#2260 = DIRECTION('',(0.,0.,1.));
#2261 = DIRECTION('',(1.,0.,-0.));
#2262 = PCURVE('',#1004,#2263);
#2263 = DEFINITIONAL_REPRESENTATION('',(#2264),#2268);
#2264 = LINE('',#2265,#2266);
#2265 = CARTESIAN_POINT('',(6.28318530718,4.712388980385));
#2266 = VECTOR('',#2267,1.);
#2267 = DIRECTION('',(-1.,0.));
#2268 = ( GEOMETRIC_REPRESENTATION_CONTEXT(2) 
PARAMETRIC_REPRESENTATION_CONTEXT() REPRESENTATION_CONTEXT('2D SPACE',''
  ) );
#2269 = PCURVE('',#2126,#2270);
#2270 = DEFINITIONAL_REPRESENTATION('',(#2271),#2275);
#2271 = LINE('',#2272,#2273);
#2272 = CARTESIAN_POINT('',(6.28318530718,0.));
#2273 = VECTOR('',#2274,1.);
#2274 = DIRECTION('',(-1.,0.));
#2275 = ( GEOMETRIC_REPRESENTATION_CONTEXT(2) 
PARAMETRIC_REPRESENTATION_CONTEXT() REPRESENTATION_CONTEXT('2D SPACE',''
  ) );
#2276 = ORIENTED_EDGE('',*,*,#1016,.T.);
#2277 = ORIENTED_EDGE('',*,*,#2232,.F.);
#2278 = ADVANCED_FACE('',(#2279,#2282),#1160,.T.);
#2279 = FACE_BOUND('',#2280,.T.);
#2280 = EDGE_LOOP('',(#2281));
#2281 = ORIENTED_EDGE('',*,*,#1145,.F.);
#2282 = FACE_BOUND('',#2283,.T.);
#2283 = EDGE_LOOP('',(#2284));
#2284 = ORIENTED_EDGE('',*,*,#2285,.F.);
#2285 = EDGE_CURVE('',#2286,#2286,#2288,.T.);
#2286 = VERTEX_POINT('',#2287);
#2287 = CARTESIAN_POINT('',(-37.86,-9.38,11.4));
#2288 = SURFACE_CURVE('',#2289,(#2294,#2301),.PCURVE_S1.);
#2289 = CIRCLE('',#2290,1.95);
#2290 = AXIS2_PLACEMENT_3D('',#2291,#2292,#2293);
#2291 = CARTESIAN_POINT('',(-37.86,-7.43,11.4));
#2292 = DIRECTION('',(0.,2.22044604925E-16,1.));
#2293 = DIRECTION('',(0.,1.,-2.22044604925E-16));
#2294 = PCURVE('',#1160,#2295);
#2295 = DEFINITIONAL_REPRESENTATION('',(#2296),#2300);
#2296 = CIRCLE('',#2297,1.95);
#2297 = AXIS2_PLACEMENT_2D('',#2298,#2299);
#2298 = CARTESIAN_POINT('',(38.075,-22.86));
#2299 = DIRECTION('',(-1.,0.));
#2300 = ( GEOMETRIC_REPRESENTATION_CONTEXT(2) 
PARAMETRIC_REPRESENTATION_CONTEXT() REPRESENTATION_CONTEXT('2D SPACE',''
  ) );
#2301 = PCURVE('',#2302,#2307);
#2302 = CONICAL_SURFACE('',#2303,1.8,0.785398163397);
#2303 = AXIS2_PLACEMENT_3D('',#2304,#2305,#2306);
#2304 = CARTESIAN_POINT('',(-37.86,-7.43,11.25));
#2305 = DIRECTION('',(0.,2.22044604925E-16,1.));
#2306 = DIRECTION('',(0.,1.,-2.22044604925E-16));
#2307 = DEFINITIONAL_REPRESENTATION('',(#2308),#2312);
#2308 = LINE('',#2309,#2310);
#2309 = CARTESIAN_POINT('',(0.,0.15));
#2310 = VECTOR('',#2311,1.);
#2311 = DIRECTION('',(1.,0.));
#2312 = ( GEOMETRIC_REPRESENTATION_CONTEXT(2) 
PARAMETRIC_REPRESENTATION_CONTEXT() REPRESENTATION_CONTEXT('2D SPACE',''
  ) );
#2313 = ADVANCED_FACE('',(#2314,#2320,#2375,#2406,#2437,#2492,#2523,
    #2554,#2609,#2664,#2695,#2726),#1220,.F.);
#2314 = FACE_BOUND('',#2315,.F.);
#2315 = EDGE_LOOP('',(#2316,#2317,#2318,#2319));
#2316 = ORIENTED_EDGE('',*,*,#1307,.F.);
#2317 = ORIENTED_EDGE('',*,*,#1204,.T.);
#2318 = ORIENTED_EDGE('',*,*,#1258,.T.);
#2319 = ORIENTED_EDGE('',*,*,#1356,.F.);
#2320 = FACE_BOUND('',#2321,.F.);
#2321 = EDGE_LOOP('',(#2322,#2353));
#2322 = ORIENTED_EDGE('',*,*,#2323,.F.);
#2323 = EDGE_CURVE('',#2324,#2326,#2328,.T.);
#2324 = VERTEX_POINT('',#2325);
#2325 = CARTESIAN_POINT('',(-39.13,66.57,-1.476596622751E-14));
#2326 = VERTEX_POINT('',#2327);
#2327 = CARTESIAN_POINT('',(-39.13,70.87,-1.576516694968E-14));
#2328 = SURFACE_CURVE('',#2329,(#2334,#2341),.PCURVE_S1.);
#2329 = CIRCLE('',#2330,2.15);
#2330 = AXIS2_PLACEMENT_3D('',#2331,#2332,#2333);
#2331 = CARTESIAN_POINT('',(-39.13,68.72,-1.521005543736E-14));
#2332 = DIRECTION('',(-0.,2.22044604925E-16,1.));
#2333 = DIRECTION('',(0.,-1.,2.22044604925E-16));
#2334 = PCURVE('',#1220,#2335);
#2335 = DEFINITIONAL_REPRESENTATION('',(#2336),#2340);
#2336 = CIRCLE('',#2337,2.15);
#2337 = AXIS2_PLACEMENT_2D('',#2338,#2339);
#2338 = CARTESIAN_POINT('',(6.28,5.87));
#2339 = DIRECTION('',(1.,0.));
#2340 = ( GEOMETRIC_REPRESENTATION_CONTEXT(2) 
PARAMETRIC_REPRESENTATION_CONTEXT() REPRESENTATION_CONTEXT('2D SPACE',''
  ) );
#2341 = PCURVE('',#2342,#2347);
#2342 = CYLINDRICAL_SURFACE('',#2343,2.15);
#2343 = AXIS2_PLACEMENT_3D('',#2344,#2345,#2346);
#2344 = CARTESIAN_POINT('',(-39.13,68.72,2.5));
#2345 = DIRECTION('',(0.,2.22044604925E-16,1.));
#2346 = DIRECTION('',(0.,1.,-2.22044604925E-16));
#2347 = DEFINITIONAL_REPRESENTATION('',(#2348),#2352);
#2348 = LINE('',#2349,#2350);
#2349 = CARTESIAN_POINT('',(-3.14159265359,-2.5));
#2350 = VECTOR('',#2351,1.);
#2351 = DIRECTION('',(1.,0.));
#2352 = ( GEOMETRIC_REPRESENTATION_CONTEXT(2) 
PARAMETRIC_REPRESENTATION_CONTEXT() REPRESENTATION_CONTEXT('2D SPACE',''
  ) );
#2353 = ORIENTED_EDGE('',*,*,#2354,.F.);
#2354 = EDGE_CURVE('',#2326,#2324,#2355,.T.);
#2355 = SURFACE_CURVE('',#2356,(#2361,#2368),.PCURVE_S1.);
#2356 = CIRCLE('',#2357,2.15);
#2357 = AXIS2_PLACEMENT_3D('',#2358,#2359,#2360);
#2358 = CARTESIAN_POINT('',(-39.13,68.72,-1.521005543736E-14));
#2359 = DIRECTION('',(-0.,2.22044604925E-16,1.));
#2360 = DIRECTION('',(0.,-1.,2.22044604925E-16));
#2361 = PCURVE('',#1220,#2362);
#2362 = DEFINITIONAL_REPRESENTATION('',(#2363),#2367);
#2363 = CIRCLE('',#2364,2.15);
#2364 = AXIS2_PLACEMENT_2D('',#2365,#2366);
#2365 = CARTESIAN_POINT('',(6.28,5.87));
#2366 = DIRECTION('',(1.,0.));
#2367 = ( GEOMETRIC_REPRESENTATION_CONTEXT(2) 
PARAMETRIC_REPRESENTATION_CONTEXT() REPRESENTATION_CONTEXT('2D SPACE',''
  ) );
#2368 = PCURVE('',#2342,#2369);
#2369 = DEFINITIONAL_REPRESENTATION('',(#2370),#2374);
#2370 = LINE('',#2371,#2372);
#2371 = CARTESIAN_POINT('',(-3.14159265359,-2.5));
#2372 = VECTOR('',#2373,1.);
#2373 = DIRECTION('',(1.,0.));
#2374 = ( GEOMETRIC_REPRESENTATION_CONTEXT(2) 
PARAMETRIC_REPRESENTATION_CONTEXT() REPRESENTATION_CONTEXT('2D SPACE',''
  ) );
#2375 = FACE_BOUND('',#2376,.F.);
#2376 = EDGE_LOOP('',(#2377));
#2377 = ORIENTED_EDGE('',*,*,#2378,.F.);
#2378 = EDGE_CURVE('',#2379,#2379,#2381,.T.);
#2379 = VERTEX_POINT('',#2380);
#2380 = CARTESIAN_POINT('',(-23.75,60.000000000002,-6.661338147751E-15)
  );
#2381 = SURFACE_CURVE('',#2382,(#2387,#2394),.PCURVE_S1.);
#2382 = CIRCLE('',#2383,6.25);
#2383 = AXIS2_PLACEMENT_3D('',#2384,#2385,#2386);
#2384 = CARTESIAN_POINT('',(-30.,60.000000000002,-6.661338147751E-15));
#2385 = DIRECTION('',(0.,0.,1.));
#2386 = DIRECTION('',(1.,0.,-0.));
#2387 = PCURVE('',#1220,#2388);
#2388 = DEFINITIONAL_REPRESENTATION('',(#2389),#2393);
#2389 = CIRCLE('',#2390,6.25);
#2390 = AXIS2_PLACEMENT_2D('',#2391,#2392);
#2391 = CARTESIAN_POINT('',(14.999999999998,15.));
#2392 = DIRECTION('',(0.,1.));
#2393 = ( GEOMETRIC_REPRESENTATION_CONTEXT(2) 
PARAMETRIC_REPRESENTATION_CONTEXT() REPRESENTATION_CONTEXT('2D SPACE',''
  ) );
#2394 = PCURVE('',#2395,#2400);
#2395 = TOROIDAL_SURFACE('',#2396,6.25,0.25);
#2396 = AXIS2_PLACEMENT_3D('',#2397,#2398,#2399);
#2397 = CARTESIAN_POINT('',(-30.,60.000000000002,0.25));
#2398 = DIRECTION('',(0.,0.,1.));
#2399 = DIRECTION('',(1.,0.,-0.));
#2400 = DEFINITIONAL_REPRESENTATION('',(#2401),#2405);
#2401 = LINE('',#2402,#2403);
#2402 = CARTESIAN_POINT('',(0.,4.712388980385));
#2403 = VECTOR('',#2404,1.);
#2404 = DIRECTION('',(1.,0.));
#2405 = ( GEOMETRIC_REPRESENTATION_CONTEXT(2) 
PARAMETRIC_REPRESENTATION_CONTEXT() REPRESENTATION_CONTEXT('2D SPACE',''
  ) );
#2406 = FACE_BOUND('',#2407,.F.);
#2407 = EDGE_LOOP('',(#2408));
#2408 = ORIENTED_EDGE('',*,*,#2409,.F.);
#2409 = EDGE_CURVE('',#2410,#2410,#2412,.T.);
#2410 = VERTEX_POINT('',#2411);
#2411 = CARTESIAN_POINT('',(-23.75,30.000000000002,-3.330669073875E-15)
  );
#2412 = SURFACE_CURVE('',#2413,(#2418,#2425),.PCURVE_S1.);
#2413 = CIRCLE('',#2414,6.25);
#2414 = AXIS2_PLACEMENT_3D('',#2415,#2416,#2417);
#2415 = CARTESIAN_POINT('',(-30.,30.000000000002,-3.330669073875E-15));
#2416 = DIRECTION('',(0.,0.,1.));
#2417 = DIRECTION('',(1.,0.,-0.));
#2418 = PCURVE('',#1220,#2419);
#2419 = DEFINITIONAL_REPRESENTATION('',(#2420),#2424);
#2420 = CIRCLE('',#2421,6.25);
#2421 = AXIS2_PLACEMENT_2D('',#2422,#2423);
#2422 = CARTESIAN_POINT('',(44.999999999998,15.));
#2423 = DIRECTION('',(0.,1.));
#2424 = ( GEOMETRIC_REPRESENTATION_CONTEXT(2) 
PARAMETRIC_REPRESENTATION_CONTEXT() REPRESENTATION_CONTEXT('2D SPACE',''
  ) );
#2425 = PCURVE('',#2426,#2431);
#2426 = TOROIDAL_SURFACE('',#2427,6.25,0.25);
#2427 = AXIS2_PLACEMENT_3D('',#2428,#2429,#2430);
#2428 = CARTESIAN_POINT('',(-30.,30.000000000002,0.25));
#2429 = DIRECTION('',(0.,0.,1.));
#2430 = DIRECTION('',(1.,0.,-0.));
#2431 = DEFINITIONAL_REPRESENTATION('',(#2432),#2436);
#2432 = LINE('',#2433,#2434);
#2433 = CARTESIAN_POINT('',(0.,4.712388980385));
#2434 = VECTOR('',#2435,1.);
#2435 = DIRECTION('',(1.,0.));
#2436 = ( GEOMETRIC_REPRESENTATION_CONTEXT(2) 
PARAMETRIC_REPRESENTATION_CONTEXT() REPRESENTATION_CONTEXT('2D SPACE',''
  ) );
#2437 = FACE_BOUND('',#2438,.F.);
#2438 = EDGE_LOOP('',(#2439,#2470));
#2439 = ORIENTED_EDGE('',*,*,#2440,.F.);
#2440 = EDGE_CURVE('',#2441,#2443,#2445,.T.);
#2441 = VERTEX_POINT('',#2442);
#2442 = CARTESIAN_POINT('',(-37.86,-9.58,2.22044604925E-15));
#2443 = VERTEX_POINT('',#2444);
#2444 = CARTESIAN_POINT('',(-37.86,-5.28,1.110223024625E-15));
#2445 = SURFACE_CURVE('',#2446,(#2451,#2458),.PCURVE_S1.);
#2446 = CIRCLE('',#2447,2.15);
#2447 = AXIS2_PLACEMENT_3D('',#2448,#2449,#2450);
#2448 = CARTESIAN_POINT('',(-37.86,-7.43,1.554312234475E-15));
#2449 = DIRECTION('',(-0.,2.22044604925E-16,1.));
#2450 = DIRECTION('',(0.,-1.,2.22044604925E-16));
#2451 = PCURVE('',#1220,#2452);
#2452 = DEFINITIONAL_REPRESENTATION('',(#2453),#2457);
#2453 = CIRCLE('',#2454,2.15);
#2454 = AXIS2_PLACEMENT_2D('',#2455,#2456);
#2455 = CARTESIAN_POINT('',(82.43,7.14));
#2456 = DIRECTION('',(1.,0.));
#2457 = ( GEOMETRIC_REPRESENTATION_CONTEXT(2) 
PARAMETRIC_REPRESENTATION_CONTEXT() REPRESENTATION_CONTEXT('2D SPACE',''
  ) );
#2458 = PCURVE('',#2459,#2464);
#2459 = CYLINDRICAL_SURFACE('',#2460,2.15);
#2460 = AXIS2_PLACEMENT_3D('',#2461,#2462,#2463);
#2461 = CARTESIAN_POINT('',(-37.86,-7.43,2.5));
#2462 = DIRECTION('',(0.,2.22044604925E-16,1.));
#2463 = DIRECTION('',(0.,1.,-2.22044604925E-16));
#2464 = DEFINITIONAL_REPRESENTATION('',(#2465),#2469);
#2465 = LINE('',#2466,#2467);
#2466 = CARTESIAN_POINT('',(-3.14159265359,-2.5));
#2467 = VECTOR('',#2468,1.);
#2468 = DIRECTION('',(1.,0.));
#2469 = ( GEOMETRIC_REPRESENTATION_CONTEXT(2) 
PARAMETRIC_REPRESENTATION_CONTEXT() REPRESENTATION_CONTEXT('2D SPACE',''
  ) );
#2470 = ORIENTED_EDGE('',*,*,#2471,.F.);
#2471 = EDGE_CURVE('',#2443,#2441,#2472,.T.);
#2472 = SURFACE_CURVE('',#2473,(#2478,#2485),.PCURVE_S1.);
#2473 = CIRCLE('',#2474,2.15);
#2474 = AXIS2_PLACEMENT_3D('',#2475,#2476,#2477);
#2475 = CARTESIAN_POINT('',(-37.86,-7.43,1.554312234475E-15));
#2476 = DIRECTION('',(-0.,2.22044604925E-16,1.));
#2477 = DIRECTION('',(0.,-1.,2.22044604925E-16));
#2478 = PCURVE('',#1220,#2479);
#2479 = DEFINITIONAL_REPRESENTATION('',(#2480),#2484);
#2480 = CIRCLE('',#2481,2.15);
#2481 = AXIS2_PLACEMENT_2D('',#2482,#2483);
#2482 = CARTESIAN_POINT('',(82.43,7.14));
#2483 = DIRECTION('',(1.,0.));
#2484 = ( GEOMETRIC_REPRESENTATION_CONTEXT(2) 
PARAMETRIC_REPRESENTATION_CONTEXT() REPRESENTATION_CONTEXT('2D SPACE',''
  ) );
#2485 = PCURVE('',#2459,#2486);
#2486 = DEFINITIONAL_REPRESENTATION('',(#2487),#2491);
#2487 = LINE('',#2488,#2489);
#2488 = CARTESIAN_POINT('',(-3.14159265359,-2.5));
#2489 = VECTOR('',#2490,1.);
#2490 = DIRECTION('',(1.,0.));
#2491 = ( GEOMETRIC_REPRESENTATION_CONTEXT(2) 
PARAMETRIC_REPRESENTATION_CONTEXT() REPRESENTATION_CONTEXT('2D SPACE',''
  ) );
#2492 = FACE_BOUND('',#2493,.F.);
#2493 = EDGE_LOOP('',(#2494));
#2494 = ORIENTED_EDGE('',*,*,#2495,.F.);
#2495 = EDGE_CURVE('',#2496,#2496,#2498,.T.);
#2496 = VERTEX_POINT('',#2497);
#2497 = CARTESIAN_POINT('',(-23.75,2.463E-12,0.));
#2498 = SURFACE_CURVE('',#2499,(#2504,#2511),.PCURVE_S1.);
#2499 = CIRCLE('',#2500,6.25);
#2500 = AXIS2_PLACEMENT_3D('',#2501,#2502,#2503);
#2501 = CARTESIAN_POINT('',(-30.,2.46292E-12,0.));
#2502 = DIRECTION('',(0.,0.,1.));
#2503 = DIRECTION('',(1.,0.,-0.));
#2504 = PCURVE('',#1220,#2505);
#2505 = DEFINITIONAL_REPRESENTATION('',(#2506),#2510);
#2506 = CIRCLE('',#2507,6.25);
#2507 = AXIS2_PLACEMENT_2D('',#2508,#2509);
#2508 = CARTESIAN_POINT('',(74.999999999998,15.));
#2509 = DIRECTION('',(0.,1.));
#2510 = ( GEOMETRIC_REPRESENTATION_CONTEXT(2) 
PARAMETRIC_REPRESENTATION_CONTEXT() REPRESENTATION_CONTEXT('2D SPACE',''
  ) );
#2511 = PCURVE('',#2512,#2517);
#2512 = TOROIDAL_SURFACE('',#2513,6.25,0.25);
#2513 = AXIS2_PLACEMENT_3D('',#2514,#2515,#2516);
#2514 = CARTESIAN_POINT('',(-30.,2.46292E-12,0.25));
#2515 = DIRECTION('',(0.,0.,1.));
#2516 = DIRECTION('',(1.,0.,-0.));
#2517 = DEFINITIONAL_REPRESENTATION('',(#2518),#2522);
#2518 = LINE('',#2519,#2520);
#2519 = CARTESIAN_POINT('',(0.,4.712388980385));
#2520 = VECTOR('',#2521,1.);
#2521 = DIRECTION('',(1.,0.));
#2522 = ( GEOMETRIC_REPRESENTATION_CONTEXT(2) 
PARAMETRIC_REPRESENTATION_CONTEXT() REPRESENTATION_CONTEXT('2D SPACE',''
  ) );
#2523 = FACE_BOUND('',#2524,.F.);
#2524 = EDGE_LOOP('',(#2525));
#2525 = ORIENTED_EDGE('',*,*,#2526,.F.);
#2526 = EDGE_CURVE('',#2527,#2527,#2529,.T.);
#2527 = VERTEX_POINT('',#2528);
#2528 = CARTESIAN_POINT('',(6.249999999996,60.000000000002,
    -6.661338147751E-15));
#2529 = SURFACE_CURVE('',#2530,(#2535,#2542),.PCURVE_S1.);
#2530 = CIRCLE('',#2531,6.25);
#2531 = AXIS2_PLACEMENT_3D('',#2532,#2533,#2534);
#2532 = CARTESIAN_POINT('',(-4.181638661852E-12,60.000000000002,
    -6.661338147751E-15));
#2533 = DIRECTION('',(0.,0.,1.));
#2534 = DIRECTION('',(1.,0.,-0.));
#2535 = PCURVE('',#1220,#2536);
#2536 = DEFINITIONAL_REPRESENTATION('',(#2537),#2541);
#2537 = CIRCLE('',#2538,6.25);
#2538 = AXIS2_PLACEMENT_2D('',#2539,#2540);
#2539 = CARTESIAN_POINT('',(14.999999999998,44.999999999996));
#2540 = DIRECTION('',(0.,1.));
#2541 = ( GEOMETRIC_REPRESENTATION_CONTEXT(2) 
PARAMETRIC_REPRESENTATION_CONTEXT() REPRESENTATION_CONTEXT('2D SPACE',''
  ) );
#2542 = PCURVE('',#2543,#2548);
#2543 = TOROIDAL_SURFACE('',#2544,6.25,0.25);
#2544 = AXIS2_PLACEMENT_3D('',#2545,#2546,#2547);
#2545 = CARTESIAN_POINT('',(-4.181638661852E-12,60.000000000002,0.25));
#2546 = DIRECTION('',(0.,0.,1.));
#2547 = DIRECTION('',(1.,0.,-0.));
#2548 = DEFINITIONAL_REPRESENTATION('',(#2549),#2553);
#2549 = LINE('',#2550,#2551);
#2550 = CARTESIAN_POINT('',(0.,4.712388980385));
#2551 = VECTOR('',#2552,1.);
#2552 = DIRECTION('',(1.,0.));
#2553 = ( GEOMETRIC_REPRESENTATION_CONTEXT(2) 
PARAMETRIC_REPRESENTATION_CONTEXT() REPRESENTATION_CONTEXT('2D SPACE',''
  ) );
#2554 = FACE_BOUND('',#2555,.F.);
#2555 = EDGE_LOOP('',(#2556,#2587));
#2556 = ORIENTED_EDGE('',*,*,#2557,.F.);
#2557 = EDGE_CURVE('',#2558,#2560,#2562,.T.);
#2558 = VERTEX_POINT('',#2559);
#2559 = CARTESIAN_POINT('',(9.13,65.3,-1.454392162259E-14));
#2560 = VERTEX_POINT('',#2561);
#2561 = CARTESIAN_POINT('',(9.13,69.6,-1.543210004229E-14));
#2562 = SURFACE_CURVE('',#2563,(#2568,#2575),.PCURVE_S1.);
#2563 = CIRCLE('',#2564,2.15);
#2564 = AXIS2_PLACEMENT_3D('',#2565,#2566,#2567);
#2565 = CARTESIAN_POINT('',(9.13,67.45,-1.498801083244E-14));
#2566 = DIRECTION('',(-0.,2.22044604925E-16,1.));
#2567 = DIRECTION('',(0.,-1.,2.22044604925E-16));
#2568 = PCURVE('',#1220,#2569);
#2569 = DEFINITIONAL_REPRESENTATION('',(#2570),#2574);
#2570 = CIRCLE('',#2571,2.15);
#2571 = AXIS2_PLACEMENT_2D('',#2572,#2573);
#2572 = CARTESIAN_POINT('',(7.55,54.13));
#2573 = DIRECTION('',(1.,0.));
#2574 = ( GEOMETRIC_REPRESENTATION_CONTEXT(2) 
PARAMETRIC_REPRESENTATION_CONTEXT() REPRESENTATION_CONTEXT('2D SPACE',''
  ) );
#2575 = PCURVE('',#2576,#2581);
#2576 = CYLINDRICAL_SURFACE('',#2577,2.15);
#2577 = AXIS2_PLACEMENT_3D('',#2578,#2579,#2580);
#2578 = CARTESIAN_POINT('',(9.13,67.45,2.5));
#2579 = DIRECTION('',(0.,2.22044604925E-16,1.));
#2580 = DIRECTION('',(0.,1.,-2.22044604925E-16));
#2581 = DEFINITIONAL_REPRESENTATION('',(#2582),#2586);
#2582 = LINE('',#2583,#2584);
#2583 = CARTESIAN_POINT('',(-3.14159265359,-2.5));
#2584 = VECTOR('',#2585,1.);
#2585 = DIRECTION('',(1.,0.));
#2586 = ( GEOMETRIC_REPRESENTATION_CONTEXT(2) 
PARAMETRIC_REPRESENTATION_CONTEXT() REPRESENTATION_CONTEXT('2D SPACE',''
  ) );
#2587 = ORIENTED_EDGE('',*,*,#2588,.F.);
#2588 = EDGE_CURVE('',#2560,#2558,#2589,.T.);
#2589 = SURFACE_CURVE('',#2590,(#2595,#2602),.PCURVE_S1.);
#2590 = CIRCLE('',#2591,2.15);
#2591 = AXIS2_PLACEMENT_3D('',#2592,#2593,#2594);
#2592 = CARTESIAN_POINT('',(9.13,67.45,-1.498801083244E-14));
#2593 = DIRECTION('',(-0.,2.22044604925E-16,1.));
#2594 = DIRECTION('',(0.,-1.,2.22044604925E-16));
#2595 = PCURVE('',#1220,#2596);
#2596 = DEFINITIONAL_REPRESENTATION('',(#2597),#2601);
#2597 = CIRCLE('',#2598,2.15);
#2598 = AXIS2_PLACEMENT_2D('',#2599,#2600);
#2599 = CARTESIAN_POINT('',(7.55,54.13));
#2600 = DIRECTION('',(1.,0.));
#2601 = ( GEOMETRIC_REPRESENTATION_CONTEXT(2) 
PARAMETRIC_REPRESENTATION_CONTEXT() REPRESENTATION_CONTEXT('2D SPACE',''
  ) );
#2602 = PCURVE('',#2576,#2603);
#2603 = DEFINITIONAL_REPRESENTATION('',(#2604),#2608);
#2604 = LINE('',#2605,#2606);
#2605 = CARTESIAN_POINT('',(-3.14159265359,-2.5));
#2606 = VECTOR('',#2607,1.);
#2607 = DIRECTION('',(1.,0.));
#2608 = ( GEOMETRIC_REPRESENTATION_CONTEXT(2) 
PARAMETRIC_REPRESENTATION_CONTEXT() REPRESENTATION_CONTEXT('2D SPACE',''
  ) );
#2609 = FACE_BOUND('',#2610,.F.);
#2610 = EDGE_LOOP('',(#2611,#2642));
#2611 = ORIENTED_EDGE('',*,*,#2612,.F.);
#2612 = EDGE_CURVE('',#2613,#2615,#2617,.T.);
#2613 = VERTEX_POINT('',#2614);
#2614 = CARTESIAN_POINT('',(-6.11,14.54,-3.330669073875E-15));
#2615 = VERTEX_POINT('',#2616);
#2616 = CARTESIAN_POINT('',(-6.11,18.84,-4.218847493576E-15));
#2617 = SURFACE_CURVE('',#2618,(#2623,#2630),.PCURVE_S1.);
#2618 = CIRCLE('',#2619,2.15);
#2619 = AXIS2_PLACEMENT_3D('',#2620,#2621,#2622);
#2620 = CARTESIAN_POINT('',(-6.11,16.69,-3.774758283726E-15));
#2621 = DIRECTION('',(-0.,2.22044604925E-16,1.));
#2622 = DIRECTION('',(0.,-1.,2.22044604925E-16));
#2623 = PCURVE('',#1220,#2624);
#2624 = DEFINITIONAL_REPRESENTATION('',(#2625),#2629);
#2625 = CIRCLE('',#2626,2.15);
#2626 = AXIS2_PLACEMENT_2D('',#2627,#2628);
#2627 = CARTESIAN_POINT('',(58.31,38.89));
#2628 = DIRECTION('',(1.,0.));
#2629 = ( GEOMETRIC_REPRESENTATION_CONTEXT(2) 
PARAMETRIC_REPRESENTATION_CONTEXT() REPRESENTATION_CONTEXT('2D SPACE',''
  ) );
#2630 = PCURVE('',#2631,#2636);
#2631 = CYLINDRICAL_SURFACE('',#2632,2.15);
#2632 = AXIS2_PLACEMENT_3D('',#2633,#2634,#2635);
#2633 = CARTESIAN_POINT('',(-6.11,16.69,2.5));
#2634 = DIRECTION('',(0.,2.22044604925E-16,1.));
#2635 = DIRECTION('',(0.,1.,-2.22044604925E-16));
#2636 = DEFINITIONAL_REPRESENTATION('',(#2637),#2641);
#2637 = LINE('',#2638,#2639);
#2638 = CARTESIAN_POINT('',(-3.14159265359,-2.5));
#2639 = VECTOR('',#2640,1.);
#2640 = DIRECTION('',(1.,0.));
#2641 = ( GEOMETRIC_REPRESENTATION_CONTEXT(2) 
PARAMETRIC_REPRESENTATION_CONTEXT() REPRESENTATION_CONTEXT('2D SPACE',''
  ) );
#2642 = ORIENTED_EDGE('',*,*,#2643,.F.);
#2643 = EDGE_CURVE('',#2615,#2613,#2644,.T.);
#2644 = SURFACE_CURVE('',#2645,(#2650,#2657),.PCURVE_S1.);
#2645 = CIRCLE('',#2646,2.15);
#2646 = AXIS2_PLACEMENT_3D('',#2647,#2648,#2649);
#2647 = CARTESIAN_POINT('',(-6.11,16.69,-3.774758283726E-15));
#2648 = DIRECTION('',(-0.,2.22044604925E-16,1.));
#2649 = DIRECTION('',(0.,-1.,2.22044604925E-16));
#2650 = PCURVE('',#1220,#2651);
#2651 = DEFINITIONAL_REPRESENTATION('',(#2652),#2656);
#2652 = CIRCLE('',#2653,2.15);
#2653 = AXIS2_PLACEMENT_2D('',#2654,#2655);
#2654 = CARTESIAN_POINT('',(58.31,38.89));
#2655 = DIRECTION('',(1.,0.));
#2656 = ( GEOMETRIC_REPRESENTATION_CONTEXT(2) 
PARAMETRIC_REPRESENTATION_CONTEXT() REPRESENTATION_CONTEXT('2D SPACE',''
  ) );
#2657 = PCURVE('',#2631,#2658);
#2658 = DEFINITIONAL_REPRESENTATION('',(#2659),#2663);
#2659 = LINE('',#2660,#2661);
#2660 = CARTESIAN_POINT('',(-3.14159265359,-2.5));
#2661 = VECTOR('',#2662,1.);
#2662 = DIRECTION('',(1.,0.));
#2663 = ( GEOMETRIC_REPRESENTATION_CONTEXT(2) 
PARAMETRIC_REPRESENTATION_CONTEXT() REPRESENTATION_CONTEXT('2D SPACE',''
  ) );
#2664 = FACE_BOUND('',#2665,.F.);
#2665 = EDGE_LOOP('',(#2666));
#2666 = ORIENTED_EDGE('',*,*,#2667,.F.);
#2667 = EDGE_CURVE('',#2668,#2668,#2670,.T.);
#2668 = VERTEX_POINT('',#2669);
#2669 = CARTESIAN_POINT('',(6.249999999996,30.000000000002,
    -3.330669073875E-15));
#2670 = SURFACE_CURVE('',#2671,(#2676,#2683),.PCURVE_S1.);
#2671 = CIRCLE('',#2672,6.25);
#2672 = AXIS2_PLACEMENT_3D('',#2673,#2674,#2675);
#2673 = CARTESIAN_POINT('',(-4.184969330926E-12,30.000000000002,
    -3.330669073875E-15));
#2674 = DIRECTION('',(0.,0.,1.));
#2675 = DIRECTION('',(1.,0.,-0.));
#2676 = PCURVE('',#1220,#2677);
#2677 = DEFINITIONAL_REPRESENTATION('',(#2678),#2682);
#2678 = CIRCLE('',#2679,6.25);
#2679 = AXIS2_PLACEMENT_2D('',#2680,#2681);
#2680 = CARTESIAN_POINT('',(44.999999999998,44.999999999996));
#2681 = DIRECTION('',(0.,1.));
#2682 = ( GEOMETRIC_REPRESENTATION_CONTEXT(2) 
PARAMETRIC_REPRESENTATION_CONTEXT() REPRESENTATION_CONTEXT('2D SPACE',''
  ) );
#2683 = PCURVE('',#2684,#2689);
#2684 = TOROIDAL_SURFACE('',#2685,6.25,0.25);
#2685 = AXIS2_PLACEMENT_3D('',#2686,#2687,#2688);
#2686 = CARTESIAN_POINT('',(-4.184969330926E-12,30.000000000002,0.25));
#2687 = DIRECTION('',(0.,0.,1.));
#2688 = DIRECTION('',(1.,0.,-0.));
#2689 = DEFINITIONAL_REPRESENTATION('',(#2690),#2694);
#2690 = LINE('',#2691,#2692);
#2691 = CARTESIAN_POINT('',(0.,4.712388980385));
#2692 = VECTOR('',#2693,1.);
#2693 = DIRECTION('',(1.,0.));
#2694 = ( GEOMETRIC_REPRESENTATION_CONTEXT(2) 
PARAMETRIC_REPRESENTATION_CONTEXT() REPRESENTATION_CONTEXT('2D SPACE',''
  ) );
#2695 = FACE_BOUND('',#2696,.F.);
#2696 = EDGE_LOOP('',(#2697));
#2697 = ORIENTED_EDGE('',*,*,#2698,.F.);
#2698 = EDGE_CURVE('',#2699,#2699,#2701,.T.);
#2699 = VERTEX_POINT('',#2700);
#2700 = CARTESIAN_POINT('',(6.249999999996,2.463E-12,0.));
#2701 = SURFACE_CURVE('',#2702,(#2707,#2714),.PCURVE_S1.);
#2702 = CIRCLE('',#2703,6.25);
#2703 = AXIS2_PLACEMENT_3D('',#2704,#2705,#2706);
#2704 = CARTESIAN_POINT('',(-4.1883E-12,2.46292E-12,0.));
#2705 = DIRECTION('',(0.,0.,1.));
#2706 = DIRECTION('',(1.,0.,-0.));
#2707 = PCURVE('',#1220,#2708);
#2708 = DEFINITIONAL_REPRESENTATION('',(#2709),#2713);
#2709 = CIRCLE('',#2710,6.25);
#2710 = AXIS2_PLACEMENT_2D('',#2711,#2712);
#2711 = CARTESIAN_POINT('',(74.999999999998,44.999999999996));
#2712 = DIRECTION('',(0.,1.));
#2713 = ( GEOMETRIC_REPRESENTATION_CONTEXT(2) 
PARAMETRIC_REPRESENTATION_CONTEXT() REPRESENTATION_CONTEXT('2D SPACE',''
  ) );
#2714 = PCURVE('',#2715,#2720);
#2715 = TOROIDAL_SURFACE('',#2716,6.25,0.25);
#2716 = AXIS2_PLACEMENT_3D('',#2717,#2718,#2719);
#2717 = CARTESIAN_POINT('',(-4.1883E-12,2.46292E-12,0.25));
#2718 = DIRECTION('',(0.,0.,1.));
#2719 = DIRECTION('',(1.,0.,-0.));
#2720 = DEFINITIONAL_REPRESENTATION('',(#2721),#2725);
#2721 = LINE('',#2722,#2723);
#2722 = CARTESIAN_POINT('',(0.,4.712388980385));
#2723 = VECTOR('',#2724,1.);
#2724 = DIRECTION('',(1.,0.));
#2725 = ( GEOMETRIC_REPRESENTATION_CONTEXT(2) 
PARAMETRIC_REPRESENTATION_CONTEXT() REPRESENTATION_CONTEXT('2D SPACE',''
  ) );
#2726 = FACE_BOUND('',#2727,.F.);
#2727 = EDGE_LOOP('',(#2728,#2759));
#2728 = ORIENTED_EDGE('',*,*,#2729,.F.);
#2729 = EDGE_CURVE('',#2730,#2732,#2734,.T.);
#2730 = VERTEX_POINT('',#2731);
#2731 = CARTESIAN_POINT('',(7.85,-9.58,2.22044604925E-15));
#2732 = VERTEX_POINT('',#2733);
#2733 = CARTESIAN_POINT('',(7.85,-5.28,1.110223024625E-15));
#2734 = SURFACE_CURVE('',#2735,(#2740,#2747),.PCURVE_S1.);
#2735 = CIRCLE('',#2736,2.15);
#2736 = AXIS2_PLACEMENT_3D('',#2737,#2738,#2739);
#2737 = CARTESIAN_POINT('',(7.85,-7.43,1.554312234475E-15));
#2738 = DIRECTION('',(-0.,2.22044604925E-16,1.));
#2739 = DIRECTION('',(0.,-1.,2.22044604925E-16));
#2740 = PCURVE('',#1220,#2741);
#2741 = DEFINITIONAL_REPRESENTATION('',(#2742),#2746);
#2742 = CIRCLE('',#2743,2.15);
#2743 = AXIS2_PLACEMENT_2D('',#2744,#2745);
#2744 = CARTESIAN_POINT('',(82.43,52.85));
#2745 = DIRECTION('',(1.,0.));
#2746 = ( GEOMETRIC_REPRESENTATION_CONTEXT(2) 
PARAMETRIC_REPRESENTATION_CONTEXT() REPRESENTATION_CONTEXT('2D SPACE',''
  ) );
#2747 = PCURVE('',#2748,#2753);
#2748 = CYLINDRICAL_SURFACE('',#2749,2.15);
#2749 = AXIS2_PLACEMENT_3D('',#2750,#2751,#2752);
#2750 = CARTESIAN_POINT('',(7.85,-7.43,2.5));
#2751 = DIRECTION('',(0.,2.22044604925E-16,1.));
#2752 = DIRECTION('',(0.,1.,-2.22044604925E-16));
#2753 = DEFINITIONAL_REPRESENTATION('',(#2754),#2758);
#2754 = LINE('',#2755,#2756);
#2755 = CARTESIAN_POINT('',(-3.14159265359,-2.5));
#2756 = VECTOR('',#2757,1.);
#2757 = DIRECTION('',(1.,0.));
#2758 = ( GEOMETRIC_REPRESENTATION_CONTEXT(2) 
PARAMETRIC_REPRESENTATION_CONTEXT() REPRESENTATION_CONTEXT('2D SPACE',''
  ) );
#2759 = ORIENTED_EDGE('',*,*,#2760,.F.);
#2760 = EDGE_CURVE('',#2732,#2730,#2761,.T.);
#2761 = SURFACE_CURVE('',#2762,(#2767,#2774),.PCURVE_S1.);
#2762 = CIRCLE('',#2763,2.15);
#2763 = AXIS2_PLACEMENT_3D('',#2764,#2765,#2766);
#2764 = CARTESIAN_POINT('',(7.85,-7.43,1.554312234475E-15));
#2765 = DIRECTION('',(-0.,2.22044604925E-16,1.));
#2766 = DIRECTION('',(0.,-1.,2.22044604925E-16));
#2767 = PCURVE('',#1220,#2768);
#2768 = DEFINITIONAL_REPRESENTATION('',(#2769),#2773);
#2769 = CIRCLE('',#2770,2.15);
#2770 = AXIS2_PLACEMENT_2D('',#2771,#2772);
#2771 = CARTESIAN_POINT('',(82.43,52.85));
#2772 = DIRECTION('',(1.,0.));
#2773 = ( GEOMETRIC_REPRESENTATION_CONTEXT(2) 
PARAMETRIC_REPRESENTATION_CONTEXT() REPRESENTATION_CONTEXT('2D SPACE',''
  ) );
#2774 = PCURVE('',#2748,#2775);
#2775 = DEFINITIONAL_REPRESENTATION('',(#2776),#2780);
#2776 = LINE('',#2777,#2778);
#2777 = CARTESIAN_POINT('',(-3.14159265359,-2.5));
#2778 = VECTOR('',#2779,1.);
#2779 = DIRECTION('',(1.,0.));
#2780 = ( GEOMETRIC_REPRESENTATION_CONTEXT(2) 
PARAMETRIC_REPRESENTATION_CONTEXT() REPRESENTATION_CONTEXT('2D SPACE',''
  ) );
#2781 = ADVANCED_FACE('',(#2782),#1421,.T.);
#2782 = FACE_BOUND('',#2783,.T.);
#2783 = EDGE_LOOP('',(#2784,#2813,#2834,#2835));
#2784 = ORIENTED_EDGE('',*,*,#2785,.F.);
#2785 = EDGE_CURVE('',#2786,#2786,#2788,.T.);
#2786 = VERTEX_POINT('',#2787);
#2787 = CARTESIAN_POINT('',(-42.63,68.72,9.4));
#2788 = SURFACE_CURVE('',#2789,(#2794,#2801),.PCURVE_S1.);
#2789 = CIRCLE('',#2790,3.5);
#2790 = AXIS2_PLACEMENT_3D('',#2791,#2792,#2793);
#2791 = CARTESIAN_POINT('',(-39.13,68.72,9.4));
#2792 = DIRECTION('',(-0.,2.22044604925E-16,1.));
#2793 = DIRECTION('',(1.,0.,0.));
#2794 = PCURVE('',#1421,#2795);
#2795 = DEFINITIONAL_REPRESENTATION('',(#2796),#2800);
#2796 = LINE('',#2797,#2798);
#2797 = CARTESIAN_POINT('',(-4.138911435803E-13,10.4));
#2798 = VECTOR('',#2799,1.);
#2799 = DIRECTION('',(1.,0.));
#2800 = ( GEOMETRIC_REPRESENTATION_CONTEXT(2) 
PARAMETRIC_REPRESENTATION_CONTEXT() REPRESENTATION_CONTEXT('2D SPACE',''
  ) );
#2801 = PCURVE('',#2802,#2807);
#2802 = CONICAL_SURFACE('',#2803,3.,0.785398163397);
#2803 = AXIS2_PLACEMENT_3D('',#2804,#2805,#2806);
#2804 = CARTESIAN_POINT('',(-39.13,68.72,9.9));
#2805 = DIRECTION('',(0.,-2.22044604925E-16,-1.));
#2806 = DIRECTION('',(1.,0.,0.));
#2807 = DEFINITIONAL_REPRESENTATION('',(#2808),#2812);
#2808 = LINE('',#2809,#2810);
#2809 = CARTESIAN_POINT('',(12.56637061436,0.5));
#2810 = VECTOR('',#2811,1.);
#2811 = DIRECTION('',(-1.,0.));
#2812 = ( GEOMETRIC_REPRESENTATION_CONTEXT(2) 
PARAMETRIC_REPRESENTATION_CONTEXT() REPRESENTATION_CONTEXT('2D SPACE',''
  ) );
#2813 = ORIENTED_EDGE('',*,*,#2814,.T.);
#2814 = EDGE_CURVE('',#2786,#1384,#2815,.T.);
#2815 = SEAM_CURVE('',#2816,(#2820,#2827),.PCURVE_S1.);
#2816 = LINE('',#2817,#2818);
#2817 = CARTESIAN_POINT('',(-42.63,68.72,-1.));
#2818 = VECTOR('',#2819,1.);
#2819 = DIRECTION('',(0.,-2.22044604925E-16,-1.));
#2820 = PCURVE('',#1421,#2821);
#2821 = DEFINITIONAL_REPRESENTATION('',(#2822),#2826);
#2822 = LINE('',#2823,#2824);
#2823 = CARTESIAN_POINT('',(3.14159265359,0.));
#2824 = VECTOR('',#2825,1.);
#2825 = DIRECTION('',(0.,-1.));
#2826 = ( GEOMETRIC_REPRESENTATION_CONTEXT(2) 
PARAMETRIC_REPRESENTATION_CONTEXT() REPRESENTATION_CONTEXT('2D SPACE',''
  ) );
#2827 = PCURVE('',#1421,#2828);
#2828 = DEFINITIONAL_REPRESENTATION('',(#2829),#2833);
#2829 = LINE('',#2830,#2831);
#2830 = CARTESIAN_POINT('',(9.424777960769,0.));
#2831 = VECTOR('',#2832,1.);
#2832 = DIRECTION('',(0.,-1.));
#2833 = ( GEOMETRIC_REPRESENTATION_CONTEXT(2) 
PARAMETRIC_REPRESENTATION_CONTEXT() REPRESENTATION_CONTEXT('2D SPACE',''
  ) );
#2834 = ORIENTED_EDGE('',*,*,#1406,.F.);
#2835 = ORIENTED_EDGE('',*,*,#2814,.F.);
#2836 = ADVANCED_FACE('',(#2837),#1476,.F.);
#2837 = FACE_BOUND('',#2838,.F.);
#2838 = EDGE_LOOP('',(#2839,#2863,#2884,#2885));
#2839 = ORIENTED_EDGE('',*,*,#2840,.T.);
#2840 = EDGE_CURVE('',#2841,#2841,#2843,.T.);
#2841 = VERTEX_POINT('',#2842);
#2842 = CARTESIAN_POINT('',(-24.,60.000000000002,0.25));
#2843 = SURFACE_CURVE('',#2844,(#2849,#2856),.PCURVE_S1.);
#2844 = CIRCLE('',#2845,6.);
#2845 = AXIS2_PLACEMENT_3D('',#2846,#2847,#2848);
#2846 = CARTESIAN_POINT('',(-30.,60.000000000002,0.25));
#2847 = DIRECTION('',(0.,0.,1.));
#2848 = DIRECTION('',(1.,0.,-0.));
#2849 = PCURVE('',#1476,#2850);
#2850 = DEFINITIONAL_REPRESENTATION('',(#2851),#2855);
#2851 = LINE('',#2852,#2853);
#2852 = CARTESIAN_POINT('',(6.28318530718,-0.25));
#2853 = VECTOR('',#2854,1.);
#2854 = DIRECTION('',(-1.,0.));
#2855 = ( GEOMETRIC_REPRESENTATION_CONTEXT(2) 
PARAMETRIC_REPRESENTATION_CONTEXT() REPRESENTATION_CONTEXT('2D SPACE',''
  ) );
#2856 = PCURVE('',#2395,#2857);
#2857 = DEFINITIONAL_REPRESENTATION('',(#2858),#2862);
#2858 = LINE('',#2859,#2860);
#2859 = CARTESIAN_POINT('',(0.,3.14159265359));
#2860 = VECTOR('',#2861,1.);
#2861 = DIRECTION('',(1.,0.));
#2862 = ( GEOMETRIC_REPRESENTATION_CONTEXT(2) 
PARAMETRIC_REPRESENTATION_CONTEXT() REPRESENTATION_CONTEXT('2D SPACE',''
  ) );
#2863 = ORIENTED_EDGE('',*,*,#2864,.T.);
#2864 = EDGE_CURVE('',#2841,#1438,#2865,.T.);
#2865 = SEAM_CURVE('',#2866,(#2870,#2877),.PCURVE_S1.);
#2866 = LINE('',#2867,#2868);
#2867 = CARTESIAN_POINT('',(-24.,60.000000000002,-6.661338147751E-15));
#2868 = VECTOR('',#2869,1.);
#2869 = DIRECTION('',(0.,0.,1.));
#2870 = PCURVE('',#1476,#2871);
#2871 = DEFINITIONAL_REPRESENTATION('',(#2872),#2876);
#2872 = LINE('',#2873,#2874);
#2873 = CARTESIAN_POINT('',(4.138911435803E-13,0.));
#2874 = VECTOR('',#2875,1.);
#2875 = DIRECTION('',(-0.,-1.));
#2876 = ( GEOMETRIC_REPRESENTATION_CONTEXT(2) 
PARAMETRIC_REPRESENTATION_CONTEXT() REPRESENTATION_CONTEXT('2D SPACE',''
  ) );
#2877 = PCURVE('',#1476,#2878);
#2878 = DEFINITIONAL_REPRESENTATION('',(#2879),#2883);
#2879 = LINE('',#2880,#2881);
#2880 = CARTESIAN_POINT('',(6.283185307179,0.));
#2881 = VECTOR('',#2882,1.);
#2882 = DIRECTION('',(-0.,-1.));
#2883 = ( GEOMETRIC_REPRESENTATION_CONTEXT(2) 
PARAMETRIC_REPRESENTATION_CONTEXT() REPRESENTATION_CONTEXT('2D SPACE',''
  ) );
#2884 = ORIENTED_EDGE('',*,*,#1461,.F.);
#2885 = ORIENTED_EDGE('',*,*,#2864,.F.);
#2886 = ADVANCED_FACE('',(#2887),#1532,.F.);
#2887 = FACE_BOUND('',#2888,.F.);
#2888 = EDGE_LOOP('',(#2889,#2913,#2934,#2935));
#2889 = ORIENTED_EDGE('',*,*,#2890,.T.);
#2890 = EDGE_CURVE('',#2891,#2891,#2893,.T.);
#2891 = VERTEX_POINT('',#2892);
#2892 = CARTESIAN_POINT('',(-24.,30.000000000002,0.25));
#2893 = SURFACE_CURVE('',#2894,(#2899,#2906),.PCURVE_S1.);
#2894 = CIRCLE('',#2895,6.);
#2895 = AXIS2_PLACEMENT_3D('',#2896,#2897,#2898);
#2896 = CARTESIAN_POINT('',(-30.,30.000000000002,0.25));
#2897 = DIRECTION('',(0.,0.,1.));
#2898 = DIRECTION('',(1.,0.,-0.));
#2899 = PCURVE('',#1532,#2900);
#2900 = DEFINITIONAL_REPRESENTATION('',(#2901),#2905);
#2901 = LINE('',#2902,#2903);
#2902 = CARTESIAN_POINT('',(6.28318530718,-0.25));
#2903 = VECTOR('',#2904,1.);
#2904 = DIRECTION('',(-1.,0.));
#2905 = ( GEOMETRIC_REPRESENTATION_CONTEXT(2) 
PARAMETRIC_REPRESENTATION_CONTEXT() REPRESENTATION_CONTEXT('2D SPACE',''
  ) );
#2906 = PCURVE('',#2426,#2907);
#2907 = DEFINITIONAL_REPRESENTATION('',(#2908),#2912);
#2908 = LINE('',#2909,#2910);
#2909 = CARTESIAN_POINT('',(0.,3.14159265359));
#2910 = VECTOR('',#2911,1.);
#2911 = DIRECTION('',(1.,0.));
#2912 = ( GEOMETRIC_REPRESENTATION_CONTEXT(2) 
PARAMETRIC_REPRESENTATION_CONTEXT() REPRESENTATION_CONTEXT('2D SPACE',''
  ) );
#2913 = ORIENTED_EDGE('',*,*,#2914,.T.);
#2914 = EDGE_CURVE('',#2891,#1494,#2915,.T.);
#2915 = SEAM_CURVE('',#2916,(#2920,#2927),.PCURVE_S1.);
#2916 = LINE('',#2917,#2918);
#2917 = CARTESIAN_POINT('',(-24.,30.000000000002,-3.330669073875E-15));
#2918 = VECTOR('',#2919,1.);
#2919 = DIRECTION('',(0.,0.,1.));
#2920 = PCURVE('',#1532,#2921);
#2921 = DEFINITIONAL_REPRESENTATION('',(#2922),#2926);
#2922 = LINE('',#2923,#2924);
#2923 = CARTESIAN_POINT('',(4.138911435803E-13,0.));
#2924 = VECTOR('',#2925,1.);
#2925 = DIRECTION('',(-0.,-1.));
#2926 = ( GEOMETRIC_REPRESENTATION_CONTEXT(2) 
PARAMETRIC_REPRESENTATION_CONTEXT() REPRESENTATION_CONTEXT('2D SPACE',''
  ) );
#2927 = PCURVE('',#1532,#2928);
#2928 = DEFINITIONAL_REPRESENTATION('',(#2929),#2933);
#2929 = LINE('',#2930,#2931);
#2930 = CARTESIAN_POINT('',(6.283185307179,0.));
#2931 = VECTOR('',#2932,1.);
#2932 = DIRECTION('',(-0.,-1.));
#2933 = ( GEOMETRIC_REPRESENTATION_CONTEXT(2) 
PARAMETRIC_REPRESENTATION_CONTEXT() REPRESENTATION_CONTEXT('2D SPACE',''
  ) );
#2934 = ORIENTED_EDGE('',*,*,#1517,.F.);
#2935 = ORIENTED_EDGE('',*,*,#2914,.F.);
#2936 = ADVANCED_FACE('',(#2937),#1566,.F.);
#2937 = FACE_BOUND('',#2938,.F.);
#2938 = EDGE_LOOP('',(#2939,#2963,#2984,#2985));
#2939 = ORIENTED_EDGE('',*,*,#2940,.T.);
#2940 = EDGE_CURVE('',#2941,#2941,#2943,.T.);
#2941 = VERTEX_POINT('',#2942);
#2942 = CARTESIAN_POINT('',(-24.,2.463E-12,0.25));
#2943 = SURFACE_CURVE('',#2944,(#2949,#2956),.PCURVE_S1.);
#2944 = CIRCLE('',#2945,6.);
#2945 = AXIS2_PLACEMENT_3D('',#2946,#2947,#2948);
#2946 = CARTESIAN_POINT('',(-30.,2.46292E-12,0.25));
#2947 = DIRECTION('',(0.,0.,1.));
#2948 = DIRECTION('',(1.,0.,-0.));
#2949 = PCURVE('',#1566,#2950);
#2950 = DEFINITIONAL_REPRESENTATION('',(#2951),#2955);
#2951 = LINE('',#2952,#2953);
#2952 = CARTESIAN_POINT('',(6.28318530718,-0.25));
#2953 = VECTOR('',#2954,1.);
#2954 = DIRECTION('',(-1.,0.));
#2955 = ( GEOMETRIC_REPRESENTATION_CONTEXT(2) 
PARAMETRIC_REPRESENTATION_CONTEXT() REPRESENTATION_CONTEXT('2D SPACE',''
  ) );
#2956 = PCURVE('',#2512,#2957);
#2957 = DEFINITIONAL_REPRESENTATION('',(#2958),#2962);
#2958 = LINE('',#2959,#2960);
#2959 = CARTESIAN_POINT('',(0.,3.14159265359));
#2960 = VECTOR('',#2961,1.);
#2961 = DIRECTION('',(1.,0.));
#2962 = ( GEOMETRIC_REPRESENTATION_CONTEXT(2) 
PARAMETRIC_REPRESENTATION_CONTEXT() REPRESENTATION_CONTEXT('2D SPACE',''
  ) );
#2963 = ORIENTED_EDGE('',*,*,#2964,.T.);
#2964 = EDGE_CURVE('',#2941,#1550,#2965,.T.);
#2965 = SEAM_CURVE('',#2966,(#2970,#2977),.PCURVE_S1.);
#2966 = LINE('',#2967,#2968);
#2967 = CARTESIAN_POINT('',(-24.,2.46292E-12,0.));
#2968 = VECTOR('',#2969,1.);
#2969 = DIRECTION('',(0.,0.,1.));
#2970 = PCURVE('',#1566,#2971);
#2971 = DEFINITIONAL_REPRESENTATION('',(#2972),#2976);
#2972 = LINE('',#2973,#2974);
#2973 = CARTESIAN_POINT('',(4.138911435803E-13,0.));
#2974 = VECTOR('',#2975,1.);
#2975 = DIRECTION('',(-0.,-1.));
#2976 = ( GEOMETRIC_REPRESENTATION_CONTEXT(2) 
PARAMETRIC_REPRESENTATION_CONTEXT() REPRESENTATION_CONTEXT('2D SPACE',''
  ) );
#2977 = PCURVE('',#1566,#2978);
#2978 = DEFINITIONAL_REPRESENTATION('',(#2979),#2983);
#2979 = LINE('',#2980,#2981);
#2980 = CARTESIAN_POINT('',(6.283185307179,0.));
#2981 = VECTOR('',#2982,1.);
#2982 = DIRECTION('',(-0.,-1.));
#2983 = ( GEOMETRIC_REPRESENTATION_CONTEXT(2) 
PARAMETRIC_REPRESENTATION_CONTEXT() REPRESENTATION_CONTEXT('2D SPACE',''
  ) );
#2984 = ORIENTED_EDGE('',*,*,#1549,.F.);
#2985 = ORIENTED_EDGE('',*,*,#2964,.F.);
#2986 = ADVANCED_FACE('',(#2987),#1646,.F.);
#2987 = FACE_BOUND('',#2988,.F.);
#2988 = EDGE_LOOP('',(#2989,#3013,#3034,#3035));
#2989 = ORIENTED_EDGE('',*,*,#2990,.T.);
#2990 = EDGE_CURVE('',#2991,#2991,#2993,.T.);
#2991 = VERTEX_POINT('',#2992);
#2992 = CARTESIAN_POINT('',(5.999999999996,60.000000000002,0.25));
#2993 = SURFACE_CURVE('',#2994,(#2999,#3006),.PCURVE_S1.);
#2994 = CIRCLE('',#2995,6.);
#2995 = AXIS2_PLACEMENT_3D('',#2996,#2997,#2998);
#2996 = CARTESIAN_POINT('',(-4.181638661852E-12,60.000000000002,0.25));
#2997 = DIRECTION('',(0.,0.,1.));
#2998 = DIRECTION('',(1.,0.,-0.));
#2999 = PCURVE('',#1646,#3000);
#3000 = DEFINITIONAL_REPRESENTATION('',(#3001),#3005);
#3001 = LINE('',#3002,#3003);
#3002 = CARTESIAN_POINT('',(6.28318530718,-0.25));
#3003 = VECTOR('',#3004,1.);
#3004 = DIRECTION('',(-1.,0.));
#3005 = ( GEOMETRIC_REPRESENTATION_CONTEXT(2) 
PARAMETRIC_REPRESENTATION_CONTEXT() REPRESENTATION_CONTEXT('2D SPACE',''
  ) );
#3006 = PCURVE('',#2543,#3007);
#3007 = DEFINITIONAL_REPRESENTATION('',(#3008),#3012);
#3008 = LINE('',#3009,#3010);
#3009 = CARTESIAN_POINT('',(0.,3.14159265359));
#3010 = VECTOR('',#3011,1.);
#3011 = DIRECTION('',(1.,0.));
#3012 = ( GEOMETRIC_REPRESENTATION_CONTEXT(2) 
PARAMETRIC_REPRESENTATION_CONTEXT() REPRESENTATION_CONTEXT('2D SPACE',''
  ) );
#3013 = ORIENTED_EDGE('',*,*,#3014,.T.);
#3014 = EDGE_CURVE('',#2991,#1608,#3015,.T.);
#3015 = SEAM_CURVE('',#3016,(#3020,#3027),.PCURVE_S1.);
#3016 = LINE('',#3017,#3018);
#3017 = CARTESIAN_POINT('',(5.999999999996,60.000000000002,
    -6.661338147751E-15));
#3018 = VECTOR('',#3019,1.);
#3019 = DIRECTION('',(0.,0.,1.));
#3020 = PCURVE('',#1646,#3021);
#3021 = DEFINITIONAL_REPRESENTATION('',(#3022),#3026);
#3022 = LINE('',#3023,#3024);
#3023 = CARTESIAN_POINT('',(4.138911435803E-13,0.));
#3024 = VECTOR('',#3025,1.);
#3025 = DIRECTION('',(-0.,-1.));
#3026 = ( GEOMETRIC_REPRESENTATION_CONTEXT(2) 
PARAMETRIC_REPRESENTATION_CONTEXT() REPRESENTATION_CONTEXT('2D SPACE',''
  ) );
#3027 = PCURVE('',#1646,#3028);
#3028 = DEFINITIONAL_REPRESENTATION('',(#3029),#3033);
#3029 = LINE('',#3030,#3031);
#3030 = CARTESIAN_POINT('',(6.283185307179,0.));
#3031 = VECTOR('',#3032,1.);
#3032 = DIRECTION('',(-0.,-1.));
#3033 = ( GEOMETRIC_REPRESENTATION_CONTEXT(2) 
PARAMETRIC_REPRESENTATION_CONTEXT() REPRESENTATION_CONTEXT('2D SPACE',''
  ) );
#3034 = ORIENTED_EDGE('',*,*,#1631,.F.);
#3035 = ORIENTED_EDGE('',*,*,#3014,.F.);
#3036 = ADVANCED_FACE('',(#3037),#1704,.T.);
#3037 = FACE_BOUND('',#3038,.T.);
#3038 = EDGE_LOOP('',(#3039,#3067,#3068,#3069,#3092,#3121));
#3039 = ORIENTED_EDGE('',*,*,#3040,.T.);
#3040 = EDGE_CURVE('',#3041,#1688,#3043,.T.);
#3041 = VERTEX_POINT('',#3042);
#3042 = CARTESIAN_POINT('',(11.052075700902,64.525,9.4));
#3043 = SURFACE_CURVE('',#3044,(#3048,#3055),.PCURVE_S1.);
#3044 = LINE('',#3045,#3046);
#3045 = CARTESIAN_POINT('',(11.052075700902,64.525,-1.));
#3046 = VECTOR('',#3047,1.);
#3047 = DIRECTION('',(0.,-2.22044604925E-16,-1.));
#3048 = PCURVE('',#1704,#3049);
#3049 = DEFINITIONAL_REPRESENTATION('',(#3050),#3054);
#3050 = LINE('',#3051,#3052);
#3051 = CARTESIAN_POINT('',(3.722956802298,0.));
#3052 = VECTOR('',#3053,1.);
#3053 = DIRECTION('',(0.,-1.));
#3054 = ( GEOMETRIC_REPRESENTATION_CONTEXT(2) 
PARAMETRIC_REPRESENTATION_CONTEXT() REPRESENTATION_CONTEXT('2D SPACE',''
  ) );
#3055 = PCURVE('',#3056,#3061);
#3056 = PLANE('',#3057);
#3057 = AXIS2_PLACEMENT_3D('',#3058,#3059,#3060);
#3058 = CARTESIAN_POINT('',(6.63,64.525,11.4));
#3059 = DIRECTION('',(0.,1.,-2.22044604925E-16));
#3060 = DIRECTION('',(1.,0.,0.));
#3061 = DEFINITIONAL_REPRESENTATION('',(#3062),#3066);
#3062 = LINE('',#3063,#3064);
#3063 = CARTESIAN_POINT('',(4.422075700902,12.4));
#3064 = VECTOR('',#3065,1.);
#3065 = DIRECTION('',(0.,1.));
#3066 = ( GEOMETRIC_REPRESENTATION_CONTEXT(2) 
PARAMETRIC_REPRESENTATION_CONTEXT() REPRESENTATION_CONTEXT('2D SPACE',''
  ) );
#3067 = ORIENTED_EDGE('',*,*,#1687,.F.);
#3068 = ORIENTED_EDGE('',*,*,#1745,.F.);
#3069 = ORIENTED_EDGE('',*,*,#3070,.T.);
#3070 = EDGE_CURVE('',#1717,#3071,#3073,.T.);
#3071 = VERTEX_POINT('',#3072);
#3072 = CARTESIAN_POINT('',(7.207924299097,64.525,9.4));
#3073 = SURFACE_CURVE('',#3074,(#3078,#3085),.PCURVE_S1.);
#3074 = LINE('',#3075,#3076);
#3075 = CARTESIAN_POINT('',(7.207924299097,64.525,-1.));
#3076 = VECTOR('',#3077,1.);
#3077 = DIRECTION('',(0.,2.22044604925E-16,1.));
#3078 = PCURVE('',#1704,#3079);
#3079 = DEFINITIONAL_REPRESENTATION('',(#3080),#3084);
#3080 = LINE('',#3081,#3082);
#3081 = CARTESIAN_POINT('',(8.843413812061,0.));
#3082 = VECTOR('',#3083,1.);
#3083 = DIRECTION('',(0.,1.));
#3084 = ( GEOMETRIC_REPRESENTATION_CONTEXT(2) 
PARAMETRIC_REPRESENTATION_CONTEXT() REPRESENTATION_CONTEXT('2D SPACE',''
  ) );
#3085 = PCURVE('',#3056,#3086);
#3086 = DEFINITIONAL_REPRESENTATION('',(#3087),#3091);
#3087 = LINE('',#3088,#3089);
#3088 = CARTESIAN_POINT('',(0.577924299097,12.4));
#3089 = VECTOR('',#3090,1.);
#3090 = DIRECTION('',(0.,-1.));
#3091 = ( GEOMETRIC_REPRESENTATION_CONTEXT(2) 
PARAMETRIC_REPRESENTATION_CONTEXT() REPRESENTATION_CONTEXT('2D SPACE',''
  ) );
#3092 = ORIENTED_EDGE('',*,*,#3093,.F.);
#3093 = EDGE_CURVE('',#3094,#3071,#3096,.T.);
#3094 = VERTEX_POINT('',#3095);
#3095 = CARTESIAN_POINT('',(5.63,67.45,9.4));
#3096 = SURFACE_CURVE('',#3097,(#3102,#3109),.PCURVE_S1.);
#3097 = CIRCLE('',#3098,3.5);
#3098 = AXIS2_PLACEMENT_3D('',#3099,#3100,#3101);
#3099 = CARTESIAN_POINT('',(9.13,67.45,9.4));
#3100 = DIRECTION('',(-0.,2.22044604925E-16,1.));
#3101 = DIRECTION('',(1.,0.,0.));
#3102 = PCURVE('',#1704,#3103);
#3103 = DEFINITIONAL_REPRESENTATION('',(#3104),#3108);
#3104 = LINE('',#3105,#3106);
#3105 = CARTESIAN_POINT('',(4.712388980385,10.4));
#3106 = VECTOR('',#3107,1.);
#3107 = DIRECTION('',(1.,0.));
#3108 = ( GEOMETRIC_REPRESENTATION_CONTEXT(2) 
PARAMETRIC_REPRESENTATION_CONTEXT() REPRESENTATION_CONTEXT('2D SPACE',''
  ) );
#3109 = PCURVE('',#3110,#3115);
#3110 = CONICAL_SURFACE('',#3111,3.,0.785398163397);
#3111 = AXIS2_PLACEMENT_3D('',#3112,#3113,#3114);
#3112 = CARTESIAN_POINT('',(9.13,67.45,9.9));
#3113 = DIRECTION('',(0.,-2.22044604925E-16,-1.));
#3114 = DIRECTION('',(1.,0.,0.));
#3115 = DEFINITIONAL_REPRESENTATION('',(#3116),#3120);
#3116 = LINE('',#3117,#3118);
#3117 = CARTESIAN_POINT('',(6.28318530718,0.5));
#3118 = VECTOR('',#3119,1.);
#3119 = DIRECTION('',(-1.,-1.11080349459E-15));
#3120 = ( GEOMETRIC_REPRESENTATION_CONTEXT(2) 
PARAMETRIC_REPRESENTATION_CONTEXT() REPRESENTATION_CONTEXT('2D SPACE',''
  ) );
#3121 = ORIENTED_EDGE('',*,*,#3122,.F.);
#3122 = EDGE_CURVE('',#3041,#3094,#3123,.T.);
#3123 = SURFACE_CURVE('',#3124,(#3129,#3136),.PCURVE_S1.);
#3124 = CIRCLE('',#3125,3.5);
#3125 = AXIS2_PLACEMENT_3D('',#3126,#3127,#3128);
#3126 = CARTESIAN_POINT('',(9.13,67.45,9.4));
#3127 = DIRECTION('',(-0.,2.22044604925E-16,1.));
#3128 = DIRECTION('',(1.,0.,0.));
#3129 = PCURVE('',#1704,#3130);
#3130 = DEFINITIONAL_REPRESENTATION('',(#3131),#3135);
#3131 = LINE('',#3132,#3133);
#3132 = CARTESIAN_POINT('',(-1.570796326795,10.4));
#3133 = VECTOR('',#3134,1.);
#3134 = DIRECTION('',(1.,0.));
#3135 = ( GEOMETRIC_REPRESENTATION_CONTEXT(2) 
PARAMETRIC_REPRESENTATION_CONTEXT() REPRESENTATION_CONTEXT('2D SPACE',''
  ) );
#3136 = PCURVE('',#3110,#3137);
#3137 = DEFINITIONAL_REPRESENTATION('',(#3138),#3142);
#3138 = LINE('',#3139,#3140);
#3139 = CARTESIAN_POINT('',(6.28318530718,0.5));
#3140 = VECTOR('',#3141,1.);
#3141 = DIRECTION('',(-1.,-4.370843558339E-16));
#3142 = ( GEOMETRIC_REPRESENTATION_CONTEXT(2) 
PARAMETRIC_REPRESENTATION_CONTEXT() REPRESENTATION_CONTEXT('2D SPACE',''
  ) );
#3143 = ADVANCED_FACE('',(#3144),#1733,.F.);
#3144 = FACE_BOUND('',#3145,.T.);
#3145 = EDGE_LOOP('',(#3146,#3147));
#3146 = ORIENTED_EDGE('',*,*,#1716,.F.);
#3147 = ORIENTED_EDGE('',*,*,#3148,.F.);
#3148 = EDGE_CURVE('',#1717,#1688,#3149,.T.);
#3149 = SURFACE_CURVE('',#3150,(#3154,#3161),.PCURVE_S1.);
#3150 = LINE('',#3151,#3152);
#3151 = CARTESIAN_POINT('',(6.63,64.525,3.));
#3152 = VECTOR('',#3153,1.);
#3153 = DIRECTION('',(1.,0.,0.));
#3154 = PCURVE('',#1733,#3155);
#3155 = DEFINITIONAL_REPRESENTATION('',(#3156),#3160);
#3156 = LINE('',#3157,#3158);
#3157 = CARTESIAN_POINT('',(0.875,-2.5));
#3158 = VECTOR('',#3159,1.);
#3159 = DIRECTION('',(0.,1.));
#3160 = ( GEOMETRIC_REPRESENTATION_CONTEXT(2) 
PARAMETRIC_REPRESENTATION_CONTEXT() REPRESENTATION_CONTEXT('2D SPACE',''
  ) );
#3161 = PCURVE('',#3056,#3162);
#3162 = DEFINITIONAL_REPRESENTATION('',(#3163),#3167);
#3163 = LINE('',#3164,#3165);
#3164 = CARTESIAN_POINT('',(0.,8.4));
#3165 = VECTOR('',#3166,1.);
#3166 = DIRECTION('',(1.,0.));
#3167 = ( GEOMETRIC_REPRESENTATION_CONTEXT(2) 
PARAMETRIC_REPRESENTATION_CONTEXT() REPRESENTATION_CONTEXT('2D SPACE',''
  ) );
#3168 = ADVANCED_FACE('',(#3169),#1810,.T.);
#3169 = FACE_BOUND('',#3170,.T.);
#3170 = EDGE_LOOP('',(#3171,#3200,#3221,#3222));
#3171 = ORIENTED_EDGE('',*,*,#3172,.F.);
#3172 = EDGE_CURVE('',#3173,#3173,#3175,.T.);
#3173 = VERTEX_POINT('',#3174);
#3174 = CARTESIAN_POINT('',(-9.61,16.69,10.4));
#3175 = SURFACE_CURVE('',#3176,(#3181,#3188),.PCURVE_S1.);
#3176 = CIRCLE('',#3177,3.5);
#3177 = AXIS2_PLACEMENT_3D('',#3178,#3179,#3180);
#3178 = CARTESIAN_POINT('',(-6.11,16.69,10.4));
#3179 = DIRECTION('',(-0.,2.22044604925E-16,1.));
#3180 = DIRECTION('',(1.,0.,0.));
#3181 = PCURVE('',#1810,#3182);
#3182 = DEFINITIONAL_REPRESENTATION('',(#3183),#3187);
#3183 = LINE('',#3184,#3185);
#3184 = CARTESIAN_POINT('',(-4.138911435803E-13,11.4));
#3185 = VECTOR('',#3186,1.);
#3186 = DIRECTION('',(1.,0.));
#3187 = ( GEOMETRIC_REPRESENTATION_CONTEXT(2) 
PARAMETRIC_REPRESENTATION_CONTEXT() REPRESENTATION_CONTEXT('2D SPACE',''
  ) );
#3188 = PCURVE('',#3189,#3194);
#3189 = CONICAL_SURFACE('',#3190,3.,0.785398163397);
#3190 = AXIS2_PLACEMENT_3D('',#3191,#3192,#3193);
#3191 = CARTESIAN_POINT('',(-6.11,16.69,10.9));
#3192 = DIRECTION('',(0.,-2.22044604925E-16,-1.));
#3193 = DIRECTION('',(1.,0.,0.));
#3194 = DEFINITIONAL_REPRESENTATION('',(#3195),#3199);
#3195 = LINE('',#3196,#3197);
#3196 = CARTESIAN_POINT('',(12.56637061436,0.5));
#3197 = VECTOR('',#3198,1.);
#3198 = DIRECTION('',(-1.,0.));
#3199 = ( GEOMETRIC_REPRESENTATION_CONTEXT(2) 
PARAMETRIC_REPRESENTATION_CONTEXT() REPRESENTATION_CONTEXT('2D SPACE',''
  ) );
#3200 = ORIENTED_EDGE('',*,*,#3201,.T.);
#3201 = EDGE_CURVE('',#3173,#1773,#3202,.T.);
#3202 = SEAM_CURVE('',#3203,(#3207,#3214),.PCURVE_S1.);
#3203 = LINE('',#3204,#3205);
#3204 = CARTESIAN_POINT('',(-9.61,16.69,-1.));
#3205 = VECTOR('',#3206,1.);
#3206 = DIRECTION('',(0.,-2.22044604925E-16,-1.));
#3207 = PCURVE('',#1810,#3208);
#3208 = DEFINITIONAL_REPRESENTATION('',(#3209),#3213);
#3209 = LINE('',#3210,#3211);
#3210 = CARTESIAN_POINT('',(3.14159265359,0.));
#3211 = VECTOR('',#3212,1.);
#3212 = DIRECTION('',(0.,-1.));
#3213 = ( GEOMETRIC_REPRESENTATION_CONTEXT(2) 
PARAMETRIC_REPRESENTATION_CONTEXT() REPRESENTATION_CONTEXT('2D SPACE',''
  ) );
#3214 = PCURVE('',#1810,#3215);
#3215 = DEFINITIONAL_REPRESENTATION('',(#3216),#3220);
#3216 = LINE('',#3217,#3218);
#3217 = CARTESIAN_POINT('',(9.424777960769,0.));
#3218 = VECTOR('',#3219,1.);
#3219 = DIRECTION('',(0.,-1.));
#3220 = ( GEOMETRIC_REPRESENTATION_CONTEXT(2) 
PARAMETRIC_REPRESENTATION_CONTEXT() REPRESENTATION_CONTEXT('2D SPACE',''
  ) );
#3221 = ORIENTED_EDGE('',*,*,#1795,.F.);
#3222 = ORIENTED_EDGE('',*,*,#3201,.F.);
#3223 = ADVANCED_FACE('',(#3224),#1865,.F.);
#3224 = FACE_BOUND('',#3225,.F.);
#3225 = EDGE_LOOP('',(#3226,#3250,#3271,#3272));
#3226 = ORIENTED_EDGE('',*,*,#3227,.T.);
#3227 = EDGE_CURVE('',#3228,#3228,#3230,.T.);
#3228 = VERTEX_POINT('',#3229);
#3229 = CARTESIAN_POINT('',(5.999999999996,30.000000000002,0.25));
#3230 = SURFACE_CURVE('',#3231,(#3236,#3243),.PCURVE_S1.);
#3231 = CIRCLE('',#3232,6.);
#3232 = AXIS2_PLACEMENT_3D('',#3233,#3234,#3235);
#3233 = CARTESIAN_POINT('',(-4.184969330926E-12,30.000000000002,0.25));
#3234 = DIRECTION('',(0.,0.,1.));
#3235 = DIRECTION('',(1.,0.,-0.));
#3236 = PCURVE('',#1865,#3237);
#3237 = DEFINITIONAL_REPRESENTATION('',(#3238),#3242);
#3238 = LINE('',#3239,#3240);
#3239 = CARTESIAN_POINT('',(6.28318530718,-0.25));
#3240 = VECTOR('',#3241,1.);
#3241 = DIRECTION('',(-1.,0.));
#3242 = ( GEOMETRIC_REPRESENTATION_CONTEXT(2) 
PARAMETRIC_REPRESENTATION_CONTEXT() REPRESENTATION_CONTEXT('2D SPACE',''
  ) );
#3243 = PCURVE('',#2684,#3244);
#3244 = DEFINITIONAL_REPRESENTATION('',(#3245),#3249);
#3245 = LINE('',#3246,#3247);
#3246 = CARTESIAN_POINT('',(0.,3.14159265359));
#3247 = VECTOR('',#3248,1.);
#3248 = DIRECTION('',(1.,0.));
#3249 = ( GEOMETRIC_REPRESENTATION_CONTEXT(2) 
PARAMETRIC_REPRESENTATION_CONTEXT() REPRESENTATION_CONTEXT('2D SPACE',''
  ) );
#3250 = ORIENTED_EDGE('',*,*,#3251,.T.);
#3251 = EDGE_CURVE('',#3228,#1827,#3252,.T.);
#3252 = SEAM_CURVE('',#3253,(#3257,#3264),.PCURVE_S1.);
#3253 = LINE('',#3254,#3255);
#3254 = CARTESIAN_POINT('',(5.999999999996,30.000000000002,
    -3.330669073875E-15));
#3255 = VECTOR('',#3256,1.);
#3256 = DIRECTION('',(0.,0.,1.));
#3257 = PCURVE('',#1865,#3258);
#3258 = DEFINITIONAL_REPRESENTATION('',(#3259),#3263);
#3259 = LINE('',#3260,#3261);
#3260 = CARTESIAN_POINT('',(4.138911435803E-13,0.));
#3261 = VECTOR('',#3262,1.);
#3262 = DIRECTION('',(-0.,-1.));
#3263 = ( GEOMETRIC_REPRESENTATION_CONTEXT(2) 
PARAMETRIC_REPRESENTATION_CONTEXT() REPRESENTATION_CONTEXT('2D SPACE',''
  ) );
#3264 = PCURVE('',#1865,#3265);
#3265 = DEFINITIONAL_REPRESENTATION('',(#3266),#3270);
#3266 = LINE('',#3267,#3268);
#3267 = CARTESIAN_POINT('',(6.283185307179,0.));
#3268 = VECTOR('',#3269,1.);
#3269 = DIRECTION('',(-0.,-1.));
#3270 = ( GEOMETRIC_REPRESENTATION_CONTEXT(2) 
PARAMETRIC_REPRESENTATION_CONTEXT() REPRESENTATION_CONTEXT('2D SPACE',''
  ) );
#3271 = ORIENTED_EDGE('',*,*,#1850,.F.);
#3272 = ORIENTED_EDGE('',*,*,#3251,.F.);
#3273 = ADVANCED_FACE('',(#3274),#2126,.F.);
#3274 = FACE_BOUND('',#3275,.F.);
#3275 = EDGE_LOOP('',(#3276,#3277));
#3276 = ORIENTED_EDGE('',*,*,#1988,.F.);
#3277 = ORIENTED_EDGE('',*,*,#2255,.T.);
#3278 = ADVANCED_FACE('',(#3279),#1923,.T.);
#3279 = FACE_BOUND('',#3280,.T.);
#3280 = EDGE_LOOP('',(#3281,#3309,#3310,#3311,#3334,#3363));
#3281 = ORIENTED_EDGE('',*,*,#3282,.T.);
#3282 = EDGE_CURVE('',#3283,#1907,#3285,.T.);
#3283 = VERTEX_POINT('',#3284);
#3284 = CARTESIAN_POINT('',(5.927924299098,-4.505,10.4));
#3285 = SURFACE_CURVE('',#3286,(#3290,#3297),.PCURVE_S1.);
#3286 = LINE('',#3287,#3288);
#3287 = CARTESIAN_POINT('',(5.927924299098,-4.505,-1.));
#3288 = VECTOR('',#3289,1.);
#3289 = DIRECTION('',(0.,-2.22044604925E-16,-1.));
#3290 = PCURVE('',#1923,#3291);
#3291 = DEFINITIONAL_REPRESENTATION('',(#3292),#3296);
#3292 = LINE('',#3293,#3294);
#3293 = CARTESIAN_POINT('',(3.722956802298,0.));
#3294 = VECTOR('',#3295,1.);
#3295 = DIRECTION('',(0.,-1.));
#3296 = ( GEOMETRIC_REPRESENTATION_CONTEXT(2) 
PARAMETRIC_REPRESENTATION_CONTEXT() REPRESENTATION_CONTEXT('2D SPACE',''
  ) );
#3297 = PCURVE('',#3298,#3303);
#3298 = PLANE('',#3299);
#3299 = AXIS2_PLACEMENT_3D('',#3300,#3301,#3302);
#3300 = CARTESIAN_POINT('',(10.24,-4.505,11.4));
#3301 = DIRECTION('',(0.,-1.,2.22044604925E-16));
#3302 = DIRECTION('',(-1.,0.,0.));
#3303 = DEFINITIONAL_REPRESENTATION('',(#3304),#3308);
#3304 = LINE('',#3305,#3306);
#3305 = CARTESIAN_POINT('',(4.312075700902,12.4));
#3306 = VECTOR('',#3307,1.);
#3307 = DIRECTION('',(-0.,1.));
#3308 = ( GEOMETRIC_REPRESENTATION_CONTEXT(2) 
PARAMETRIC_REPRESENTATION_CONTEXT() REPRESENTATION_CONTEXT('2D SPACE',''
  ) );
#3309 = ORIENTED_EDGE('',*,*,#1906,.F.);
#3310 = ORIENTED_EDGE('',*,*,#1964,.F.);
#3311 = ORIENTED_EDGE('',*,*,#3312,.T.);
#3312 = EDGE_CURVE('',#1936,#3313,#3315,.T.);
#3313 = VERTEX_POINT('',#3314);
#3314 = CARTESIAN_POINT('',(9.772075700903,-4.505,10.4));
#3315 = SURFACE_CURVE('',#3316,(#3320,#3327),.PCURVE_S1.);
#3316 = LINE('',#3317,#3318);
#3317 = CARTESIAN_POINT('',(9.772075700903,-4.505,-1.));
#3318 = VECTOR('',#3319,1.);
#3319 = DIRECTION('',(0.,2.22044604925E-16,1.));
#3320 = PCURVE('',#1923,#3321);
#3321 = DEFINITIONAL_REPRESENTATION('',(#3322),#3326);
#3322 = LINE('',#3323,#3324);
#3323 = CARTESIAN_POINT('',(8.843413812061,0.));
#3324 = VECTOR('',#3325,1.);
#3325 = DIRECTION('',(0.,1.));
#3326 = ( GEOMETRIC_REPRESENTATION_CONTEXT(2) 
PARAMETRIC_REPRESENTATION_CONTEXT() REPRESENTATION_CONTEXT('2D SPACE',''
  ) );
#3327 = PCURVE('',#3298,#3328);
#3328 = DEFINITIONAL_REPRESENTATION('',(#3329),#3333);
#3329 = LINE('',#3330,#3331);
#3330 = CARTESIAN_POINT('',(0.467924299097,12.4));
#3331 = VECTOR('',#3332,1.);
#3332 = DIRECTION('',(0.,-1.));
#3333 = ( GEOMETRIC_REPRESENTATION_CONTEXT(2) 
PARAMETRIC_REPRESENTATION_CONTEXT() REPRESENTATION_CONTEXT('2D SPACE',''
  ) );
#3334 = ORIENTED_EDGE('',*,*,#3335,.F.);
#3335 = EDGE_CURVE('',#3336,#3313,#3338,.T.);
#3336 = VERTEX_POINT('',#3337);
#3337 = CARTESIAN_POINT('',(4.35,-7.43,10.4));
#3338 = SURFACE_CURVE('',#3339,(#3344,#3351),.PCURVE_S1.);
#3339 = CIRCLE('',#3340,3.5);
#3340 = AXIS2_PLACEMENT_3D('',#3341,#3342,#3343);
#3341 = CARTESIAN_POINT('',(7.85,-7.43,10.4));
#3342 = DIRECTION('',(-0.,2.22044604925E-16,1.));
#3343 = DIRECTION('',(1.,0.,0.));
#3344 = PCURVE('',#1923,#3345);
#3345 = DEFINITIONAL_REPRESENTATION('',(#3346),#3350);
#3346 = LINE('',#3347,#3348);
#3347 = CARTESIAN_POINT('',(1.570796326795,11.4));
#3348 = VECTOR('',#3349,1.);
#3349 = DIRECTION('',(1.,0.));
#3350 = ( GEOMETRIC_REPRESENTATION_CONTEXT(2) 
PARAMETRIC_REPRESENTATION_CONTEXT() REPRESENTATION_CONTEXT('2D SPACE',''
  ) );
#3351 = PCURVE('',#3352,#3357);
#3352 = CONICAL_SURFACE('',#3353,3.,0.785398163397);
#3353 = AXIS2_PLACEMENT_3D('',#3354,#3355,#3356);
#3354 = CARTESIAN_POINT('',(7.85,-7.43,10.9));
#3355 = DIRECTION('',(0.,-2.22044604925E-16,-1.));
#3356 = DIRECTION('',(1.,0.,0.));
#3357 = DEFINITIONAL_REPRESENTATION('',(#3358),#3362);
#3358 = LINE('',#3359,#3360);
#3359 = CARTESIAN_POINT('',(6.28318530718,0.5));
#3360 = VECTOR('',#3361,1.);
#3361 = DIRECTION('',(-1.,0.));
#3362 = ( GEOMETRIC_REPRESENTATION_CONTEXT(2) 
PARAMETRIC_REPRESENTATION_CONTEXT() REPRESENTATION_CONTEXT('2D SPACE',''
  ) );
#3363 = ORIENTED_EDGE('',*,*,#3364,.F.);
#3364 = EDGE_CURVE('',#3283,#3336,#3365,.T.);
#3365 = SURFACE_CURVE('',#3366,(#3371,#3378),.PCURVE_S1.);
#3366 = CIRCLE('',#3367,3.5);
#3367 = AXIS2_PLACEMENT_3D('',#3368,#3369,#3370);
#3368 = CARTESIAN_POINT('',(7.85,-7.43,10.4));
#3369 = DIRECTION('',(-0.,2.22044604925E-16,1.));
#3370 = DIRECTION('',(1.,0.,0.));
#3371 = PCURVE('',#1923,#3372);
#3372 = DEFINITIONAL_REPRESENTATION('',(#3373),#3377);
#3373 = LINE('',#3374,#3375);
#3374 = CARTESIAN_POINT('',(1.570796326795,11.4));
#3375 = VECTOR('',#3376,1.);
#3376 = DIRECTION('',(1.,0.));
#3377 = ( GEOMETRIC_REPRESENTATION_CONTEXT(2) 
PARAMETRIC_REPRESENTATION_CONTEXT() REPRESENTATION_CONTEXT('2D SPACE',''
  ) );
#3378 = PCURVE('',#3352,#3379);
#3379 = DEFINITIONAL_REPRESENTATION('',(#3380),#3384);
#3380 = LINE('',#3381,#3382);
#3381 = CARTESIAN_POINT('',(0.,0.5));
#3382 = VECTOR('',#3383,1.);
#3383 = DIRECTION('',(-1.,0.));
#3384 = ( GEOMETRIC_REPRESENTATION_CONTEXT(2) 
PARAMETRIC_REPRESENTATION_CONTEXT() REPRESENTATION_CONTEXT('2D SPACE',''
  ) );
#3385 = ADVANCED_FACE('',(#3386),#1952,.F.);
#3386 = FACE_BOUND('',#3387,.T.);
#3387 = EDGE_LOOP('',(#3388,#3389));
#3388 = ORIENTED_EDGE('',*,*,#1935,.F.);
#3389 = ORIENTED_EDGE('',*,*,#3390,.F.);
#3390 = EDGE_CURVE('',#1936,#1907,#3391,.T.);
#3391 = SURFACE_CURVE('',#3392,(#3396,#3403),.PCURVE_S1.);
#3392 = LINE('',#3393,#3394);
#3393 = CARTESIAN_POINT('',(10.24,-4.505,3.));
#3394 = VECTOR('',#3395,1.);
#3395 = DIRECTION('',(-1.,0.,0.));
#3396 = PCURVE('',#1952,#3397);
#3397 = DEFINITIONAL_REPRESENTATION('',(#3398),#3402);
#3398 = LINE('',#3399,#3400);
#3399 = CARTESIAN_POINT('',(-0.875,2.5));
#3400 = VECTOR('',#3401,1.);
#3401 = DIRECTION('',(0.,-1.));
#3402 = ( GEOMETRIC_REPRESENTATION_CONTEXT(2) 
PARAMETRIC_REPRESENTATION_CONTEXT() REPRESENTATION_CONTEXT('2D SPACE',''
  ) );
#3403 = PCURVE('',#3298,#3404);
#3404 = DEFINITIONAL_REPRESENTATION('',(#3405),#3409);
#3405 = LINE('',#3406,#3407);
#3406 = CARTESIAN_POINT('',(-0.,8.4));
#3407 = VECTOR('',#3408,1.);
#3408 = DIRECTION('',(1.,0.));
#3409 = ( GEOMETRIC_REPRESENTATION_CONTEXT(2) 
PARAMETRIC_REPRESENTATION_CONTEXT() REPRESENTATION_CONTEXT('2D SPACE',''
  ) );
#3410 = ADVANCED_FACE('',(#3411),#2220,.F.);
#3411 = FACE_BOUND('',#3412,.F.);
#3412 = EDGE_LOOP('',(#3413,#3437,#3458,#3459));
#3413 = ORIENTED_EDGE('',*,*,#3414,.T.);
#3414 = EDGE_CURVE('',#3415,#3415,#3417,.T.);
#3415 = VERTEX_POINT('',#3416);
#3416 = CARTESIAN_POINT('',(5.999999999996,2.463E-12,0.25));
#3417 = SURFACE_CURVE('',#3418,(#3423,#3430),.PCURVE_S1.);
#3418 = CIRCLE('',#3419,6.);
#3419 = AXIS2_PLACEMENT_3D('',#3420,#3421,#3422);
#3420 = CARTESIAN_POINT('',(-4.1883E-12,2.46292E-12,0.25));
#3421 = DIRECTION('',(0.,0.,1.));
#3422 = DIRECTION('',(1.,0.,-0.));
#3423 = PCURVE('',#2220,#3424);
#3424 = DEFINITIONAL_REPRESENTATION('',(#3425),#3429);
#3425 = LINE('',#3426,#3427);
#3426 = CARTESIAN_POINT('',(6.28318530718,-0.25));
#3427 = VECTOR('',#3428,1.);
#3428 = DIRECTION('',(-1.,0.));
#3429 = ( GEOMETRIC_REPRESENTATION_CONTEXT(2) 
PARAMETRIC_REPRESENTATION_CONTEXT() REPRESENTATION_CONTEXT('2D SPACE',''
  ) );
#3430 = PCURVE('',#2715,#3431);
#3431 = DEFINITIONAL_REPRESENTATION('',(#3432),#3436);
#3432 = LINE('',#3433,#3434);
#3433 = CARTESIAN_POINT('',(0.,3.14159265359));
#3434 = VECTOR('',#3435,1.);
#3435 = DIRECTION('',(1.,0.));
#3436 = ( GEOMETRIC_REPRESENTATION_CONTEXT(2) 
PARAMETRIC_REPRESENTATION_CONTEXT() REPRESENTATION_CONTEXT('2D SPACE',''
  ) );
#3437 = ORIENTED_EDGE('',*,*,#3438,.T.);
#3438 = EDGE_CURVE('',#3415,#2204,#3439,.T.);
#3439 = SEAM_CURVE('',#3440,(#3444,#3451),.PCURVE_S1.);
#3440 = LINE('',#3441,#3442);
#3441 = CARTESIAN_POINT('',(5.999999999996,2.46292E-12,0.));
#3442 = VECTOR('',#3443,1.);
#3443 = DIRECTION('',(0.,0.,1.));
#3444 = PCURVE('',#2220,#3445);
#3445 = DEFINITIONAL_REPRESENTATION('',(#3446),#3450);
#3446 = LINE('',#3447,#3448);
#3447 = CARTESIAN_POINT('',(4.138911435803E-13,0.));
#3448 = VECTOR('',#3449,1.);
#3449 = DIRECTION('',(-0.,-1.));
#3450 = ( GEOMETRIC_REPRESENTATION_CONTEXT(2) 
PARAMETRIC_REPRESENTATION_CONTEXT() REPRESENTATION_CONTEXT('2D SPACE',''
  ) );
#3451 = PCURVE('',#2220,#3452);
#3452 = DEFINITIONAL_REPRESENTATION('',(#3453),#3457);
#3453 = LINE('',#3454,#3455);
#3454 = CARTESIAN_POINT('',(6.283185307179,0.));
#3455 = VECTOR('',#3456,1.);
#3456 = DIRECTION('',(-0.,-1.));
#3457 = ( GEOMETRIC_REPRESENTATION_CONTEXT(2) 
PARAMETRIC_REPRESENTATION_CONTEXT() REPRESENTATION_CONTEXT('2D SPACE',''
  ) );
#3458 = ORIENTED_EDGE('',*,*,#2203,.F.);
#3459 = ORIENTED_EDGE('',*,*,#3438,.F.);
#3460 = ADVANCED_FACE('',(#3461),#2302,.F.);
#3461 = FACE_BOUND('',#3462,.F.);
#3462 = EDGE_LOOP('',(#3463,#3486,#3513,#3514));
#3463 = ORIENTED_EDGE('',*,*,#3464,.T.);
#3464 = EDGE_CURVE('',#2286,#3465,#3467,.T.);
#3465 = VERTEX_POINT('',#3466);
#3466 = CARTESIAN_POINT('',(-37.86,-9.08,11.1));
#3467 = SEAM_CURVE('',#3468,(#3472,#3479),.PCURVE_S1.);
#3468 = LINE('',#3469,#3470);
#3469 = CARTESIAN_POINT('',(-37.86,-9.23,11.25));
#3470 = VECTOR('',#3471,1.);
#3471 = DIRECTION('',(-8.659560562349E-17,0.707106781187,-0.707106781187
    ));
#3472 = PCURVE('',#2302,#3473);
#3473 = DEFINITIONAL_REPRESENTATION('',(#3474),#3478);
#3474 = LINE('',#3475,#3476);
#3475 = CARTESIAN_POINT('',(3.141592653589,3.336446474703E-16));
#3476 = VECTOR('',#3477,1.);
#3477 = DIRECTION('',(0.,-1.));
#3478 = ( GEOMETRIC_REPRESENTATION_CONTEXT(2) 
PARAMETRIC_REPRESENTATION_CONTEXT() REPRESENTATION_CONTEXT('2D SPACE',''
  ) );
#3479 = PCURVE('',#2302,#3480);
#3480 = DEFINITIONAL_REPRESENTATION('',(#3481),#3485);
#3481 = LINE('',#3482,#3483);
#3482 = CARTESIAN_POINT('',(9.42477796077,3.336446474703E-16));
#3483 = VECTOR('',#3484,1.);
#3484 = DIRECTION('',(0.,-1.));
#3485 = ( GEOMETRIC_REPRESENTATION_CONTEXT(2) 
PARAMETRIC_REPRESENTATION_CONTEXT() REPRESENTATION_CONTEXT('2D SPACE',''
  ) );
#3486 = ORIENTED_EDGE('',*,*,#3487,.F.);
#3487 = EDGE_CURVE('',#3465,#3465,#3488,.T.);
#3488 = SURFACE_CURVE('',#3489,(#3494,#3501),.PCURVE_S1.);
#3489 = CIRCLE('',#3490,1.65);
#3490 = AXIS2_PLACEMENT_3D('',#3491,#3492,#3493);
#3491 = CARTESIAN_POINT('',(-37.86,-7.43,11.1));
#3492 = DIRECTION('',(0.,-2.22044604925E-16,-1.));
#3493 = DIRECTION('',(0.,1.,-2.22044604925E-16));
#3494 = PCURVE('',#2302,#3495);
#3495 = DEFINITIONAL_REPRESENTATION('',(#3496),#3500);
#3496 = LINE('',#3497,#3498);
#3497 = CARTESIAN_POINT('',(12.566370614359,-0.15));
#3498 = VECTOR('',#3499,1.);
#3499 = DIRECTION('',(-1.,0.));
#3500 = ( GEOMETRIC_REPRESENTATION_CONTEXT(2) 
PARAMETRIC_REPRESENTATION_CONTEXT() REPRESENTATION_CONTEXT('2D SPACE',''
  ) );
#3501 = PCURVE('',#3502,#3507);
#3502 = CYLINDRICAL_SURFACE('',#3503,1.65);
#3503 = AXIS2_PLACEMENT_3D('',#3504,#3505,#3506);
#3504 = CARTESIAN_POINT('',(-37.86,-7.43,6.7));
#3505 = DIRECTION('',(0.,2.22044604925E-16,1.));
#3506 = DIRECTION('',(0.,1.,-2.22044604925E-16));
#3507 = DEFINITIONAL_REPRESENTATION('',(#3508),#3512);
#3508 = LINE('',#3509,#3510);
#3509 = CARTESIAN_POINT('',(12.566370614359,4.4));
#3510 = VECTOR('',#3511,1.);
#3511 = DIRECTION('',(-1.,0.));
#3512 = ( GEOMETRIC_REPRESENTATION_CONTEXT(2) 
PARAMETRIC_REPRESENTATION_CONTEXT() REPRESENTATION_CONTEXT('2D SPACE',''
  ) );
#3513 = ORIENTED_EDGE('',*,*,#3464,.F.);
#3514 = ORIENTED_EDGE('',*,*,#2285,.F.);
#3515 = ADVANCED_FACE('',(#3516),#2342,.F.);
#3516 = FACE_BOUND('',#3517,.F.);
#3517 = EDGE_LOOP('',(#3518,#3547,#3567,#3568,#3569));
#3518 = ORIENTED_EDGE('',*,*,#3519,.F.);
#3519 = EDGE_CURVE('',#3520,#3520,#3522,.T.);
#3520 = VERTEX_POINT('',#3521);
#3521 = CARTESIAN_POINT('',(-39.13,66.57,6.));
#3522 = SURFACE_CURVE('',#3523,(#3528,#3535),.PCURVE_S1.);
#3523 = CIRCLE('',#3524,2.15);
#3524 = AXIS2_PLACEMENT_3D('',#3525,#3526,#3527);
#3525 = CARTESIAN_POINT('',(-39.13,68.72,6.));
#3526 = DIRECTION('',(0.,2.22044604925E-16,1.));
#3527 = DIRECTION('',(0.,1.,-2.22044604925E-16));
#3528 = PCURVE('',#2342,#3529);
#3529 = DEFINITIONAL_REPRESENTATION('',(#3530),#3534);
#3530 = LINE('',#3531,#3532);
#3531 = CARTESIAN_POINT('',(-6.28318530718,3.5));
#3532 = VECTOR('',#3533,1.);
#3533 = DIRECTION('',(1.,0.));
#3534 = ( GEOMETRIC_REPRESENTATION_CONTEXT(2) 
PARAMETRIC_REPRESENTATION_CONTEXT() REPRESENTATION_CONTEXT('2D SPACE',''
  ) );
#3535 = PCURVE('',#3536,#3541);
#3536 = PLANE('',#3537);
#3537 = AXIS2_PLACEMENT_3D('',#3538,#3539,#3540);
#3538 = CARTESIAN_POINT('',(-39.13,68.72,6.));
#3539 = DIRECTION('',(0.,2.22044604925E-16,1.));
#3540 = DIRECTION('',(0.,1.,-2.22044604925E-16));
#3541 = DEFINITIONAL_REPRESENTATION('',(#3542),#3546);
#3542 = CIRCLE('',#3543,2.15);
#3543 = AXIS2_PLACEMENT_2D('',#3544,#3545);
#3544 = CARTESIAN_POINT('',(0.,0.));
#3545 = DIRECTION('',(1.,0.));
#3546 = ( GEOMETRIC_REPRESENTATION_CONTEXT(2) 
PARAMETRIC_REPRESENTATION_CONTEXT() REPRESENTATION_CONTEXT('2D SPACE',''
  ) );
#3547 = ORIENTED_EDGE('',*,*,#3548,.F.);
#3548 = EDGE_CURVE('',#2324,#3520,#3549,.T.);
#3549 = SEAM_CURVE('',#3550,(#3553,#3560),.PCURVE_S1.);
#3550 = B_SPLINE_CURVE_WITH_KNOTS('',1,(#3551,#3552),.UNSPECIFIED.,.F.,
  .F.,(2,2),(-2.5,3.5),.PIECEWISE_BEZIER_KNOTS.);
#3551 = CARTESIAN_POINT('',(-39.13,66.57,-1.465494392505E-14));
#3552 = CARTESIAN_POINT('',(-39.13,66.57,6.));
#3553 = PCURVE('',#2342,#3554);
#3554 = DEFINITIONAL_REPRESENTATION('',(#3555),#3559);
#3555 = LINE('',#3556,#3557);
#3556 = CARTESIAN_POINT('',(-3.14159265359,0.));
#3557 = VECTOR('',#3558,1.);
#3558 = DIRECTION('',(0.,1.));
#3559 = ( GEOMETRIC_REPRESENTATION_CONTEXT(2) 
PARAMETRIC_REPRESENTATION_CONTEXT() REPRESENTATION_CONTEXT('2D SPACE',''
  ) );
#3560 = PCURVE('',#2342,#3561);
#3561 = DEFINITIONAL_REPRESENTATION('',(#3562),#3566);
#3562 = LINE('',#3563,#3564);
#3563 = CARTESIAN_POINT('',(3.141592653589,0.));
#3564 = VECTOR('',#3565,1.);
#3565 = DIRECTION('',(0.,1.));
#3566 = ( GEOMETRIC_REPRESENTATION_CONTEXT(2) 
PARAMETRIC_REPRESENTATION_CONTEXT() REPRESENTATION_CONTEXT('2D SPACE',''
  ) );
#3567 = ORIENTED_EDGE('',*,*,#2323,.T.);
#3568 = ORIENTED_EDGE('',*,*,#2354,.T.);
#3569 = ORIENTED_EDGE('',*,*,#3548,.T.);
#3570 = ADVANCED_FACE('',(#3571),#2395,.T.);
#3571 = FACE_BOUND('',#3572,.T.);
#3572 = EDGE_LOOP('',(#3573,#3595,#3596,#3597));
#3573 = ORIENTED_EDGE('',*,*,#3574,.F.);
#3574 = EDGE_CURVE('',#2841,#2379,#3575,.T.);
#3575 = SEAM_CURVE('',#3576,(#3581,#3588),.PCURVE_S1.);
#3576 = CIRCLE('',#3577,0.25);
#3577 = AXIS2_PLACEMENT_3D('',#3578,#3579,#3580);
#3578 = CARTESIAN_POINT('',(-23.75,60.000000000002,0.25));
#3579 = DIRECTION('',(0.,-1.,0.));
#3580 = DIRECTION('',(1.,0.,0.));
#3581 = PCURVE('',#2395,#3582);
#3582 = DEFINITIONAL_REPRESENTATION('',(#3583),#3587);
#3583 = LINE('',#3584,#3585);
#3584 = CARTESIAN_POINT('',(0.,0.));
#3585 = VECTOR('',#3586,1.);
#3586 = DIRECTION('',(0.,1.));
#3587 = ( GEOMETRIC_REPRESENTATION_CONTEXT(2) 
PARAMETRIC_REPRESENTATION_CONTEXT() REPRESENTATION_CONTEXT('2D SPACE',''
  ) );
#3588 = PCURVE('',#2395,#3589);
#3589 = DEFINITIONAL_REPRESENTATION('',(#3590),#3594);
#3590 = LINE('',#3591,#3592);
#3591 = CARTESIAN_POINT('',(6.28318530718,0.));
#3592 = VECTOR('',#3593,1.);
#3593 = DIRECTION('',(0.,1.));
#3594 = ( GEOMETRIC_REPRESENTATION_CONTEXT(2) 
PARAMETRIC_REPRESENTATION_CONTEXT() REPRESENTATION_CONTEXT('2D SPACE',''
  ) );
#3595 = ORIENTED_EDGE('',*,*,#2840,.T.);
#3596 = ORIENTED_EDGE('',*,*,#3574,.T.);
#3597 = ORIENTED_EDGE('',*,*,#2378,.F.);
#3598 = ADVANCED_FACE('',(#3599),#2426,.T.);
#3599 = FACE_BOUND('',#3600,.T.);
#3600 = EDGE_LOOP('',(#3601,#3623,#3624,#3625));
#3601 = ORIENTED_EDGE('',*,*,#3602,.F.);
#3602 = EDGE_CURVE('',#2891,#2410,#3603,.T.);
#3603 = SEAM_CURVE('',#3604,(#3609,#3616),.PCURVE_S1.);
#3604 = CIRCLE('',#3605,0.25);
#3605 = AXIS2_PLACEMENT_3D('',#3606,#3607,#3608);
#3606 = CARTESIAN_POINT('',(-23.75,30.000000000002,0.25));
#3607 = DIRECTION('',(0.,-1.,0.));
#3608 = DIRECTION('',(1.,0.,0.));
#3609 = PCURVE('',#2426,#3610);
#3610 = DEFINITIONAL_REPRESENTATION('',(#3611),#3615);
#3611 = LINE('',#3612,#3613);
#3612 = CARTESIAN_POINT('',(0.,0.));
#3613 = VECTOR('',#3614,1.);
#3614 = DIRECTION('',(0.,1.));
#3615 = ( GEOMETRIC_REPRESENTATION_CONTEXT(2) 
PARAMETRIC_REPRESENTATION_CONTEXT() REPRESENTATION_CONTEXT('2D SPACE',''
  ) );
#3616 = PCURVE('',#2426,#3617);
#3617 = DEFINITIONAL_REPRESENTATION('',(#3618),#3622);
#3618 = LINE('',#3619,#3620);
#3619 = CARTESIAN_POINT('',(6.28318530718,0.));
#3620 = VECTOR('',#3621,1.);
#3621 = DIRECTION('',(0.,1.));
#3622 = ( GEOMETRIC_REPRESENTATION_CONTEXT(2) 
PARAMETRIC_REPRESENTATION_CONTEXT() REPRESENTATION_CONTEXT('2D SPACE',''
  ) );
#3623 = ORIENTED_EDGE('',*,*,#2890,.T.);
#3624 = ORIENTED_EDGE('',*,*,#3602,.T.);
#3625 = ORIENTED_EDGE('',*,*,#2409,.F.);
#3626 = ADVANCED_FACE('',(#3627),#2459,.F.);
#3627 = FACE_BOUND('',#3628,.F.);
#3628 = EDGE_LOOP('',(#3629,#3658,#3678,#3679,#3680));
#3629 = ORIENTED_EDGE('',*,*,#3630,.F.);
#3630 = EDGE_CURVE('',#3631,#3631,#3633,.T.);
#3631 = VERTEX_POINT('',#3632);
#3632 = CARTESIAN_POINT('',(-37.86,-9.58,6.));
#3633 = SURFACE_CURVE('',#3634,(#3639,#3646),.PCURVE_S1.);
#3634 = CIRCLE('',#3635,2.15);
#3635 = AXIS2_PLACEMENT_3D('',#3636,#3637,#3638);
#3636 = CARTESIAN_POINT('',(-37.86,-7.43,6.));
#3637 = DIRECTION('',(0.,2.22044604925E-16,1.));
#3638 = DIRECTION('',(0.,1.,-2.22044604925E-16));
#3639 = PCURVE('',#2459,#3640);
#3640 = DEFINITIONAL_REPRESENTATION('',(#3641),#3645);
#3641 = LINE('',#3642,#3643);
#3642 = CARTESIAN_POINT('',(-6.28318530718,3.5));
#3643 = VECTOR('',#3644,1.);
#3644 = DIRECTION('',(1.,0.));
#3645 = ( GEOMETRIC_REPRESENTATION_CONTEXT(2) 
PARAMETRIC_REPRESENTATION_CONTEXT() REPRESENTATION_CONTEXT('2D SPACE',''
  ) );
#3646 = PCURVE('',#3647,#3652);
#3647 = PLANE('',#3648);
#3648 = AXIS2_PLACEMENT_3D('',#3649,#3650,#3651);
#3649 = CARTESIAN_POINT('',(-37.86,-7.43,6.));
#3650 = DIRECTION('',(0.,2.22044604925E-16,1.));
#3651 = DIRECTION('',(0.,1.,-2.22044604925E-16));
#3652 = DEFINITIONAL_REPRESENTATION('',(#3653),#3657);
#3653 = CIRCLE('',#3654,2.15);
#3654 = AXIS2_PLACEMENT_2D('',#3655,#3656);
#3655 = CARTESIAN_POINT('',(0.,0.));
#3656 = DIRECTION('',(1.,0.));
#3657 = ( GEOMETRIC_REPRESENTATION_CONTEXT(2) 
PARAMETRIC_REPRESENTATION_CONTEXT() REPRESENTATION_CONTEXT('2D SPACE',''
  ) );
#3658 = ORIENTED_EDGE('',*,*,#3659,.F.);
#3659 = EDGE_CURVE('',#2441,#3631,#3660,.T.);
#3660 = SEAM_CURVE('',#3661,(#3664,#3671),.PCURVE_S1.);
#3661 = B_SPLINE_CURVE_WITH_KNOTS('',1,(#3662,#3663),.UNSPECIFIED.,.F.,
  .F.,(2,2),(-2.5,3.5),.PIECEWISE_BEZIER_KNOTS.);
#3662 = CARTESIAN_POINT('',(-37.86,-9.58,2.22044604925E-15));
#3663 = CARTESIAN_POINT('',(-37.86,-9.58,6.));
#3664 = PCURVE('',#2459,#3665);
#3665 = DEFINITIONAL_REPRESENTATION('',(#3666),#3670);
#3666 = LINE('',#3667,#3668);
#3667 = CARTESIAN_POINT('',(-3.14159265359,0.));
#3668 = VECTOR('',#3669,1.);
#3669 = DIRECTION('',(0.,1.));
#3670 = ( GEOMETRIC_REPRESENTATION_CONTEXT(2) 
PARAMETRIC_REPRESENTATION_CONTEXT() REPRESENTATION_CONTEXT('2D SPACE',''
  ) );
#3671 = PCURVE('',#2459,#3672);
#3672 = DEFINITIONAL_REPRESENTATION('',(#3673),#3677);
#3673 = LINE('',#3674,#3675);
#3674 = CARTESIAN_POINT('',(3.141592653589,0.));
#3675 = VECTOR('',#3676,1.);
#3676 = DIRECTION('',(0.,1.));
#3677 = ( GEOMETRIC_REPRESENTATION_CONTEXT(2) 
PARAMETRIC_REPRESENTATION_CONTEXT() REPRESENTATION_CONTEXT('2D SPACE',''
  ) );
#3678 = ORIENTED_EDGE('',*,*,#2440,.T.);
#3679 = ORIENTED_EDGE('',*,*,#2471,.T.);
#3680 = ORIENTED_EDGE('',*,*,#3659,.T.);
#3681 = ADVANCED_FACE('',(#3682),#2512,.T.);
#3682 = FACE_BOUND('',#3683,.T.);
#3683 = EDGE_LOOP('',(#3684,#3706,#3707,#3708));
#3684 = ORIENTED_EDGE('',*,*,#3685,.F.);
#3685 = EDGE_CURVE('',#2941,#2496,#3686,.T.);
#3686 = SEAM_CURVE('',#3687,(#3692,#3699),.PCURVE_S1.);
#3687 = CIRCLE('',#3688,0.25);
#3688 = AXIS2_PLACEMENT_3D('',#3689,#3690,#3691);
#3689 = CARTESIAN_POINT('',(-23.75,2.46292E-12,0.25));
#3690 = DIRECTION('',(0.,-1.,0.));
#3691 = DIRECTION('',(1.,0.,0.));
#3692 = PCURVE('',#2512,#3693);
#3693 = DEFINITIONAL_REPRESENTATION('',(#3694),#3698);
#3694 = LINE('',#3695,#3696);
#3695 = CARTESIAN_POINT('',(0.,0.));
#3696 = VECTOR('',#3697,1.);
#3697 = DIRECTION('',(0.,1.));
#3698 = ( GEOMETRIC_REPRESENTATION_CONTEXT(2) 
PARAMETRIC_REPRESENTATION_CONTEXT() REPRESENTATION_CONTEXT('2D SPACE',''
  ) );
#3699 = PCURVE('',#2512,#3700);
#3700 = DEFINITIONAL_REPRESENTATION('',(#3701),#3705);
#3701 = LINE('',#3702,#3703);
#3702 = CARTESIAN_POINT('',(6.28318530718,0.));
#3703 = VECTOR('',#3704,1.);
#3704 = DIRECTION('',(0.,1.));
#3705 = ( GEOMETRIC_REPRESENTATION_CONTEXT(2) 
PARAMETRIC_REPRESENTATION_CONTEXT() REPRESENTATION_CONTEXT('2D SPACE',''
  ) );
#3706 = ORIENTED_EDGE('',*,*,#2940,.T.);
#3707 = ORIENTED_EDGE('',*,*,#3685,.T.);
#3708 = ORIENTED_EDGE('',*,*,#2495,.F.);
#3709 = ADVANCED_FACE('',(#3710),#2543,.T.);
#3710 = FACE_BOUND('',#3711,.T.);
#3711 = EDGE_LOOP('',(#3712,#3734,#3735,#3736));
#3712 = ORIENTED_EDGE('',*,*,#3713,.F.);
#3713 = EDGE_CURVE('',#2991,#2527,#3714,.T.);
#3714 = SEAM_CURVE('',#3715,(#3720,#3727),.PCURVE_S1.);
#3715 = CIRCLE('',#3716,0.25);
#3716 = AXIS2_PLACEMENT_3D('',#3717,#3718,#3719);
#3717 = CARTESIAN_POINT('',(6.249999999996,60.000000000002,0.25));
#3718 = DIRECTION('',(0.,-1.,0.));
#3719 = DIRECTION('',(1.,0.,0.));
#3720 = PCURVE('',#2543,#3721);
#3721 = DEFINITIONAL_REPRESENTATION('',(#3722),#3726);
#3722 = LINE('',#3723,#3724);
#3723 = CARTESIAN_POINT('',(0.,0.));
#3724 = VECTOR('',#3725,1.);
#3725 = DIRECTION('',(0.,1.));
#3726 = ( GEOMETRIC_REPRESENTATION_CONTEXT(2) 
PARAMETRIC_REPRESENTATION_CONTEXT() REPRESENTATION_CONTEXT('2D SPACE',''
  ) );
#3727 = PCURVE('',#2543,#3728);
#3728 = DEFINITIONAL_REPRESENTATION('',(#3729),#3733);
#3729 = LINE('',#3730,#3731);
#3730 = CARTESIAN_POINT('',(6.28318530718,0.));
#3731 = VECTOR('',#3732,1.);
#3732 = DIRECTION('',(0.,1.));
#3733 = ( GEOMETRIC_REPRESENTATION_CONTEXT(2) 
PARAMETRIC_REPRESENTATION_CONTEXT() REPRESENTATION_CONTEXT('2D SPACE',''
  ) );
#3734 = ORIENTED_EDGE('',*,*,#2990,.T.);
#3735 = ORIENTED_EDGE('',*,*,#3713,.T.);
#3736 = ORIENTED_EDGE('',*,*,#2526,.F.);
#3737 = ADVANCED_FACE('',(#3738),#2576,.F.);
#3738 = FACE_BOUND('',#3739,.F.);
#3739 = EDGE_LOOP('',(#3740,#3769,#3789,#3790,#3791));
#3740 = ORIENTED_EDGE('',*,*,#3741,.F.);
#3741 = EDGE_CURVE('',#3742,#3742,#3744,.T.);
#3742 = VERTEX_POINT('',#3743);
#3743 = CARTESIAN_POINT('',(9.13,65.3,6.));
#3744 = SURFACE_CURVE('',#3745,(#3750,#3757),.PCURVE_S1.);
#3745 = CIRCLE('',#3746,2.15);
#3746 = AXIS2_PLACEMENT_3D('',#3747,#3748,#3749);
#3747 = CARTESIAN_POINT('',(9.13,67.45,6.));
#3748 = DIRECTION('',(0.,2.22044604925E-16,1.));
#3749 = DIRECTION('',(0.,1.,-2.22044604925E-16));
#3750 = PCURVE('',#2576,#3751);
#3751 = DEFINITIONAL_REPRESENTATION('',(#3752),#3756);
#3752 = LINE('',#3753,#3754);
#3753 = CARTESIAN_POINT('',(-6.28318530718,3.5));
#3754 = VECTOR('',#3755,1.);
#3755 = DIRECTION('',(1.,0.));
#3756 = ( GEOMETRIC_REPRESENTATION_CONTEXT(2) 
PARAMETRIC_REPRESENTATION_CONTEXT() REPRESENTATION_CONTEXT('2D SPACE',''
  ) );
#3757 = PCURVE('',#3758,#3763);
#3758 = PLANE('',#3759);
#3759 = AXIS2_PLACEMENT_3D('',#3760,#3761,#3762);
#3760 = CARTESIAN_POINT('',(9.13,67.45,6.));
#3761 = DIRECTION('',(0.,2.22044604925E-16,1.));
#3762 = DIRECTION('',(0.,1.,-2.22044604925E-16));
#3763 = DEFINITIONAL_REPRESENTATION('',(#3764),#3768);
#3764 = CIRCLE('',#3765,2.15);
#3765 = AXIS2_PLACEMENT_2D('',#3766,#3767);
#3766 = CARTESIAN_POINT('',(0.,0.));
#3767 = DIRECTION('',(1.,0.));
#3768 = ( GEOMETRIC_REPRESENTATION_CONTEXT(2) 
PARAMETRIC_REPRESENTATION_CONTEXT() REPRESENTATION_CONTEXT('2D SPACE',''
  ) );
#3769 = ORIENTED_EDGE('',*,*,#3770,.F.);
#3770 = EDGE_CURVE('',#2558,#3742,#3771,.T.);
#3771 = SEAM_CURVE('',#3772,(#3775,#3782),.PCURVE_S1.);
#3772 = B_SPLINE_CURVE_WITH_KNOTS('',1,(#3773,#3774),.UNSPECIFIED.,.F.,
  .F.,(2,2),(-2.5,3.5),.PIECEWISE_BEZIER_KNOTS.);
#3773 = CARTESIAN_POINT('',(9.13,65.3,-1.465494392505E-14));
#3774 = CARTESIAN_POINT('',(9.13,65.3,6.));
#3775 = PCURVE('',#2576,#3776);
#3776 = DEFINITIONAL_REPRESENTATION('',(#3777),#3781);
#3777 = LINE('',#3778,#3779);
#3778 = CARTESIAN_POINT('',(-3.14159265359,0.));
#3779 = VECTOR('',#3780,1.);
#3780 = DIRECTION('',(0.,1.));
#3781 = ( GEOMETRIC_REPRESENTATION_CONTEXT(2) 
PARAMETRIC_REPRESENTATION_CONTEXT() REPRESENTATION_CONTEXT('2D SPACE',''
  ) );
#3782 = PCURVE('',#2576,#3783);
#3783 = DEFINITIONAL_REPRESENTATION('',(#3784),#3788);
#3784 = LINE('',#3785,#3786);
#3785 = CARTESIAN_POINT('',(3.141592653589,0.));
#3786 = VECTOR('',#3787,1.);
#3787 = DIRECTION('',(0.,1.));
#3788 = ( GEOMETRIC_REPRESENTATION_CONTEXT(2) 
PARAMETRIC_REPRESENTATION_CONTEXT() REPRESENTATION_CONTEXT('2D SPACE',''
  ) );
#3789 = ORIENTED_EDGE('',*,*,#2557,.T.);
#3790 = ORIENTED_EDGE('',*,*,#2588,.T.);
#3791 = ORIENTED_EDGE('',*,*,#3770,.T.);
#3792 = ADVANCED_FACE('',(#3793),#2631,.F.);
#3793 = FACE_BOUND('',#3794,.F.);
#3794 = EDGE_LOOP('',(#3795,#3824,#3844,#3845,#3846));
#3795 = ORIENTED_EDGE('',*,*,#3796,.F.);
#3796 = EDGE_CURVE('',#3797,#3797,#3799,.T.);
#3797 = VERTEX_POINT('',#3798);
#3798 = CARTESIAN_POINT('',(-6.11,14.54,6.));
#3799 = SURFACE_CURVE('',#3800,(#3805,#3812),.PCURVE_S1.);
#3800 = CIRCLE('',#3801,2.15);
#3801 = AXIS2_PLACEMENT_3D('',#3802,#3803,#3804);
#3802 = CARTESIAN_POINT('',(-6.11,16.69,6.));
#3803 = DIRECTION('',(0.,2.22044604925E-16,1.));
#3804 = DIRECTION('',(0.,1.,-2.22044604925E-16));
#3805 = PCURVE('',#2631,#3806);
#3806 = DEFINITIONAL_REPRESENTATION('',(#3807),#3811);
#3807 = LINE('',#3808,#3809);
#3808 = CARTESIAN_POINT('',(-6.28318530718,3.5));
#3809 = VECTOR('',#3810,1.);
#3810 = DIRECTION('',(1.,0.));
#3811 = ( GEOMETRIC_REPRESENTATION_CONTEXT(2) 
PARAMETRIC_REPRESENTATION_CONTEXT() REPRESENTATION_CONTEXT('2D SPACE',''
  ) );
#3812 = PCURVE('',#3813,#3818);
#3813 = PLANE('',#3814);
#3814 = AXIS2_PLACEMENT_3D('',#3815,#3816,#3817);
#3815 = CARTESIAN_POINT('',(-6.11,16.69,6.));
#3816 = DIRECTION('',(0.,2.22044604925E-16,1.));
#3817 = DIRECTION('',(0.,1.,-2.22044604925E-16));
#3818 = DEFINITIONAL_REPRESENTATION('',(#3819),#3823);
#3819 = CIRCLE('',#3820,2.15);
#3820 = AXIS2_PLACEMENT_2D('',#3821,#3822);
#3821 = CARTESIAN_POINT('',(0.,0.));
#3822 = DIRECTION('',(1.,0.));
#3823 = ( GEOMETRIC_REPRESENTATION_CONTEXT(2) 
PARAMETRIC_REPRESENTATION_CONTEXT() REPRESENTATION_CONTEXT('2D SPACE',''
  ) );
#3824 = ORIENTED_EDGE('',*,*,#3825,.F.);
#3825 = EDGE_CURVE('',#2613,#3797,#3826,.T.);
#3826 = SEAM_CURVE('',#3827,(#3830,#3837),.PCURVE_S1.);
#3827 = B_SPLINE_CURVE_WITH_KNOTS('',1,(#3828,#3829),.UNSPECIFIED.,.F.,
  .F.,(2,2),(-2.5,3.5),.PIECEWISE_BEZIER_KNOTS.);
#3828 = CARTESIAN_POINT('',(-6.11,14.54,-3.10862446895E-15));
#3829 = CARTESIAN_POINT('',(-6.11,14.54,6.));
#3830 = PCURVE('',#2631,#3831);
#3831 = DEFINITIONAL_REPRESENTATION('',(#3832),#3836);
#3832 = LINE('',#3833,#3834);
#3833 = CARTESIAN_POINT('',(-3.14159265359,0.));
#3834 = VECTOR('',#3835,1.);
#3835 = DIRECTION('',(0.,1.));
#3836 = ( GEOMETRIC_REPRESENTATION_CONTEXT(2) 
PARAMETRIC_REPRESENTATION_CONTEXT() REPRESENTATION_CONTEXT('2D SPACE',''
  ) );
#3837 = PCURVE('',#2631,#3838);
#3838 = DEFINITIONAL_REPRESENTATION('',(#3839),#3843);
#3839 = LINE('',#3840,#3841);
#3840 = CARTESIAN_POINT('',(3.141592653589,0.));
#3841 = VECTOR('',#3842,1.);
#3842 = DIRECTION('',(0.,1.));
#3843 = ( GEOMETRIC_REPRESENTATION_CONTEXT(2) 
PARAMETRIC_REPRESENTATION_CONTEXT() REPRESENTATION_CONTEXT('2D SPACE',''
  ) );
#3844 = ORIENTED_EDGE('',*,*,#2612,.T.);
#3845 = ORIENTED_EDGE('',*,*,#2643,.T.);
#3846 = ORIENTED_EDGE('',*,*,#3825,.T.);
#3847 = ADVANCED_FACE('',(#3848),#2684,.T.);
#3848 = FACE_BOUND('',#3849,.T.);
#3849 = EDGE_LOOP('',(#3850,#3872,#3873,#3874));
#3850 = ORIENTED_EDGE('',*,*,#3851,.F.);
#3851 = EDGE_CURVE('',#3228,#2668,#3852,.T.);
#3852 = SEAM_CURVE('',#3853,(#3858,#3865),.PCURVE_S1.);
#3853 = CIRCLE('',#3854,0.25);
#3854 = AXIS2_PLACEMENT_3D('',#3855,#3856,#3857);
#3855 = CARTESIAN_POINT('',(6.249999999996,30.000000000002,0.25));
#3856 = DIRECTION('',(0.,-1.,0.));
#3857 = DIRECTION('',(1.,0.,0.));
#3858 = PCURVE('',#2684,#3859);
#3859 = DEFINITIONAL_REPRESENTATION('',(#3860),#3864);
#3860 = LINE('',#3861,#3862);
#3861 = CARTESIAN_POINT('',(0.,0.));
#3862 = VECTOR('',#3863,1.);
#3863 = DIRECTION('',(0.,1.));
#3864 = ( GEOMETRIC_REPRESENTATION_CONTEXT(2) 
PARAMETRIC_REPRESENTATION_CONTEXT() REPRESENTATION_CONTEXT('2D SPACE',''
  ) );
#3865 = PCURVE('',#2684,#3866);
#3866 = DEFINITIONAL_REPRESENTATION('',(#3867),#3871);
#3867 = LINE('',#3868,#3869);
#3868 = CARTESIAN_POINT('',(6.28318530718,0.));
#3869 = VECTOR('',#3870,1.);
#3870 = DIRECTION('',(0.,1.));
#3871 = ( GEOMETRIC_REPRESENTATION_CONTEXT(2) 
PARAMETRIC_REPRESENTATION_CONTEXT() REPRESENTATION_CONTEXT('2D SPACE',''
  ) );
#3872 = ORIENTED_EDGE('',*,*,#3227,.T.);
#3873 = ORIENTED_EDGE('',*,*,#3851,.T.);
#3874 = ORIENTED_EDGE('',*,*,#2667,.F.);
#3875 = ADVANCED_FACE('',(#3876),#2715,.T.);
#3876 = FACE_BOUND('',#3877,.T.);
#3877 = EDGE_LOOP('',(#3878,#3900,#3901,#3902));
#3878 = ORIENTED_EDGE('',*,*,#3879,.F.);
#3879 = EDGE_CURVE('',#3415,#2699,#3880,.T.);
#3880 = SEAM_CURVE('',#3881,(#3886,#3893),.PCURVE_S1.);
#3881 = CIRCLE('',#3882,0.25);
#3882 = AXIS2_PLACEMENT_3D('',#3883,#3884,#3885);
#3883 = CARTESIAN_POINT('',(6.249999999996,2.46292E-12,0.25));
#3884 = DIRECTION('',(0.,-1.,0.));
#3885 = DIRECTION('',(1.,0.,0.));
#3886 = PCURVE('',#2715,#3887);
#3887 = DEFINITIONAL_REPRESENTATION('',(#3888),#3892);
#3888 = LINE('',#3889,#3890);
#3889 = CARTESIAN_POINT('',(0.,0.));
#3890 = VECTOR('',#3891,1.);
#3891 = DIRECTION('',(0.,1.));
#3892 = ( GEOMETRIC_REPRESENTATION_CONTEXT(2) 
PARAMETRIC_REPRESENTATION_CONTEXT() REPRESENTATION_CONTEXT('2D SPACE',''
  ) );
#3893 = PCURVE('',#2715,#3894);
#3894 = DEFINITIONAL_REPRESENTATION('',(#3895),#3899);
#3895 = LINE('',#3896,#3897);
#3896 = CARTESIAN_POINT('',(6.28318530718,0.));
#3897 = VECTOR('',#3898,1.);
#3898 = DIRECTION('',(0.,1.));
#3899 = ( GEOMETRIC_REPRESENTATION_CONTEXT(2) 
PARAMETRIC_REPRESENTATION_CONTEXT() REPRESENTATION_CONTEXT('2D SPACE',''
  ) );
#3900 = ORIENTED_EDGE('',*,*,#3414,.T.);
#3901 = ORIENTED_EDGE('',*,*,#3879,.T.);
#3902 = ORIENTED_EDGE('',*,*,#2698,.F.);
#3903 = ADVANCED_FACE('',(#3904),#2748,.F.);
#3904 = FACE_BOUND('',#3905,.F.);
#3905 = EDGE_LOOP('',(#3906,#3935,#3955,#3956,#3957));
#3906 = ORIENTED_EDGE('',*,*,#3907,.F.);
#3907 = EDGE_CURVE('',#3908,#3908,#3910,.T.);
#3908 = VERTEX_POINT('',#3909);
#3909 = CARTESIAN_POINT('',(7.85,-9.58,6.));
#3910 = SURFACE_CURVE('',#3911,(#3916,#3923),.PCURVE_S1.);
#3911 = CIRCLE('',#3912,2.15);
#3912 = AXIS2_PLACEMENT_3D('',#3913,#3914,#3915);
#3913 = CARTESIAN_POINT('',(7.85,-7.43,6.));
#3914 = DIRECTION('',(0.,2.22044604925E-16,1.));
#3915 = DIRECTION('',(0.,1.,-2.22044604925E-16));
#3916 = PCURVE('',#2748,#3917);
#3917 = DEFINITIONAL_REPRESENTATION('',(#3918),#3922);
#3918 = LINE('',#3919,#3920);
#3919 = CARTESIAN_POINT('',(-6.28318530718,3.5));
#3920 = VECTOR('',#3921,1.);
#3921 = DIRECTION('',(1.,0.));
#3922 = ( GEOMETRIC_REPRESENTATION_CONTEXT(2) 
PARAMETRIC_REPRESENTATION_CONTEXT() REPRESENTATION_CONTEXT('2D SPACE',''
  ) );
#3923 = PCURVE('',#3924,#3929);
#3924 = PLANE('',#3925);
#3925 = AXIS2_PLACEMENT_3D('',#3926,#3927,#3928);
#3926 = CARTESIAN_POINT('',(7.85,-7.43,6.));
#3927 = DIRECTION('',(0.,2.22044604925E-16,1.));
#3928 = DIRECTION('',(0.,1.,-2.22044604925E-16));
#3929 = DEFINITIONAL_REPRESENTATION('',(#3930),#3934);
#3930 = CIRCLE('',#3931,2.15);
#3931 = AXIS2_PLACEMENT_2D('',#3932,#3933);
#3932 = CARTESIAN_POINT('',(0.,0.));
#3933 = DIRECTION('',(1.,0.));
#3934 = ( GEOMETRIC_REPRESENTATION_CONTEXT(2) 
PARAMETRIC_REPRESENTATION_CONTEXT() REPRESENTATION_CONTEXT('2D SPACE',''
  ) );
#3935 = ORIENTED_EDGE('',*,*,#3936,.F.);
#3936 = EDGE_CURVE('',#2730,#3908,#3937,.T.);
#3937 = SEAM_CURVE('',#3938,(#3941,#3948),.PCURVE_S1.);
#3938 = B_SPLINE_CURVE_WITH_KNOTS('',1,(#3939,#3940),.UNSPECIFIED.,.F.,
  .F.,(2,2),(-2.5,3.5),.PIECEWISE_BEZIER_KNOTS.);
#3939 = CARTESIAN_POINT('',(7.85,-9.58,2.22044604925E-15));
#3940 = CARTESIAN_POINT('',(7.85,-9.58,6.));
#3941 = PCURVE('',#2748,#3942);
#3942 = DEFINITIONAL_REPRESENTATION('',(#3943),#3947);
#3943 = LINE('',#3944,#3945);
#3944 = CARTESIAN_POINT('',(-3.14159265359,0.));
#3945 = VECTOR('',#3946,1.);
#3946 = DIRECTION('',(0.,1.));
#3947 = ( GEOMETRIC_REPRESENTATION_CONTEXT(2) 
PARAMETRIC_REPRESENTATION_CONTEXT() REPRESENTATION_CONTEXT('2D SPACE',''
  ) );
#3948 = PCURVE('',#2748,#3949);
#3949 = DEFINITIONAL_REPRESENTATION('',(#3950),#3954);
#3950 = LINE('',#3951,#3952);
#3951 = CARTESIAN_POINT('',(3.141592653589,0.));
#3952 = VECTOR('',#3953,1.);
#3953 = DIRECTION('',(0.,1.));
#3954 = ( GEOMETRIC_REPRESENTATION_CONTEXT(2) 
PARAMETRIC_REPRESENTATION_CONTEXT() REPRESENTATION_CONTEXT('2D SPACE',''
  ) );
#3955 = ORIENTED_EDGE('',*,*,#2729,.T.);
#3956 = ORIENTED_EDGE('',*,*,#2760,.T.);
#3957 = ORIENTED_EDGE('',*,*,#3936,.T.);
#3958 = ADVANCED_FACE('',(#3959),#2802,.T.);
#3959 = FACE_BOUND('',#3960,.T.);
#3960 = EDGE_LOOP('',(#3961,#3962,#3985,#4016));
#3961 = ORIENTED_EDGE('',*,*,#2785,.T.);
#3962 = ORIENTED_EDGE('',*,*,#3963,.T.);
#3963 = EDGE_CURVE('',#2786,#3964,#3966,.T.);
#3964 = VERTEX_POINT('',#3965);
#3965 = CARTESIAN_POINT('',(-41.63,68.72,10.4));
#3966 = SEAM_CURVE('',#3967,(#3971,#3978),.PCURVE_S1.);
#3967 = LINE('',#3968,#3969);
#3968 = CARTESIAN_POINT('',(-42.13,68.72,9.9));
#3969 = VECTOR('',#3970,1.);
#3970 = DIRECTION('',(0.707106781187,7.041364024478E-17,0.707106781187)
  );
#3971 = PCURVE('',#2802,#3972);
#3972 = DEFINITIONAL_REPRESENTATION('',(#3973),#3977);
#3973 = LINE('',#3974,#3975);
#3974 = CARTESIAN_POINT('',(3.14159265359,0.));
#3975 = VECTOR('',#3976,1.);
#3976 = DIRECTION('',(0.,-1.));
#3977 = ( GEOMETRIC_REPRESENTATION_CONTEXT(2) 
PARAMETRIC_REPRESENTATION_CONTEXT() REPRESENTATION_CONTEXT('2D SPACE',''
  ) );
#3978 = PCURVE('',#2802,#3979);
#3979 = DEFINITIONAL_REPRESENTATION('',(#3980),#3984);
#3980 = LINE('',#3981,#3982);
#3981 = CARTESIAN_POINT('',(9.424777960769,0.));
#3982 = VECTOR('',#3983,1.);
#3983 = DIRECTION('',(0.,-1.));
#3984 = ( GEOMETRIC_REPRESENTATION_CONTEXT(2) 
PARAMETRIC_REPRESENTATION_CONTEXT() REPRESENTATION_CONTEXT('2D SPACE',''
  ) );
#3985 = ORIENTED_EDGE('',*,*,#3986,.T.);
#3986 = EDGE_CURVE('',#3964,#3964,#3987,.T.);
#3987 = SURFACE_CURVE('',#3988,(#3993,#4000),.PCURVE_S1.);
#3988 = CIRCLE('',#3989,2.5);
#3989 = AXIS2_PLACEMENT_3D('',#3990,#3991,#3992);
#3990 = CARTESIAN_POINT('',(-39.13,68.72,10.4));
#3991 = DIRECTION('',(0.,-2.22044604925E-16,-1.));
#3992 = DIRECTION('',(1.,0.,0.));
#3993 = PCURVE('',#2802,#3994);
#3994 = DEFINITIONAL_REPRESENTATION('',(#3995),#3999);
#3995 = LINE('',#3996,#3997);
#3996 = CARTESIAN_POINT('',(-4.138911435803E-13,-0.5));
#3997 = VECTOR('',#3998,1.);
#3998 = DIRECTION('',(1.,0.));
#3999 = ( GEOMETRIC_REPRESENTATION_CONTEXT(2) 
PARAMETRIC_REPRESENTATION_CONTEXT() REPRESENTATION_CONTEXT('2D SPACE',''
  ) );
#4000 = PCURVE('',#4001,#4006);
#4001 = PLANE('',#4002);
#4002 = AXIS2_PLACEMENT_3D('',#4003,#4004,#4005);
#4003 = CARTESIAN_POINT('',(-39.13,53.02,10.4));
#4004 = DIRECTION('',(0.,2.22044604925E-16,1.));
#4005 = DIRECTION('',(-1.,0.,0.));
#4006 = DEFINITIONAL_REPRESENTATION('',(#4007),#4015);
#4007 = ( BOUNDED_CURVE() B_SPLINE_CURVE(2,(#4008,#4009,#4010,#4011,
#4012,#4013,#4014),.UNSPECIFIED.,.T.,.F.) B_SPLINE_CURVE_WITH_KNOTS((1,2
    ,2,2,2,1),(-2.094395102393,0.,2.094395102393,4.188790204786,
6.28318530718,8.377580409573),.UNSPECIFIED.) CURVE() 
GEOMETRIC_REPRESENTATION_ITEM() RATIONAL_B_SPLINE_CURVE((1.,0.5,1.,0.5,
1.,0.5,1.)) REPRESENTATION_ITEM('') );
#4008 = CARTESIAN_POINT('',(-2.5,-15.7));
#4009 = CARTESIAN_POINT('',(-2.5,-11.36987298107));
#4010 = CARTESIAN_POINT('',(1.25,-13.53493649053));
#4011 = CARTESIAN_POINT('',(5.,-15.7));
#4012 = CARTESIAN_POINT('',(1.25,-17.86506350946));
#4013 = CARTESIAN_POINT('',(-2.5,-20.03012701892));
#4014 = CARTESIAN_POINT('',(-2.5,-15.7));
#4015 = ( GEOMETRIC_REPRESENTATION_CONTEXT(2) 
PARAMETRIC_REPRESENTATION_CONTEXT() REPRESENTATION_CONTEXT('2D SPACE',''
  ) );
#4016 = ORIENTED_EDGE('',*,*,#3963,.F.);
#4017 = ADVANCED_FACE('',(#4018),#3056,.F.);
#4018 = FACE_BOUND('',#4019,.T.);
#4019 = EDGE_LOOP('',(#4020,#4021,#4064,#4065));
#4020 = ORIENTED_EDGE('',*,*,#3040,.F.);
#4021 = ORIENTED_EDGE('',*,*,#4022,.F.);
#4022 = EDGE_CURVE('',#3071,#3041,#4023,.T.);
#4023 = SURFACE_CURVE('',#4024,(#4028,#4035),.PCURVE_S1.);
#4024 = ( BOUNDED_CURVE() B_SPLINE_CURVE(2,(#4025,#4026,#4027),
.UNSPECIFIED.,.F.,.F.) B_SPLINE_CURVE_WITH_KNOTS((3,3),(0.,
0.401248052955),.PIECEWISE_BEZIER_KNOTS.) CURVE() 
GEOMETRIC_REPRESENTATION_ITEM() RATIONAL_B_SPLINE_CURVE((1.,
1.196581196581,1.)) REPRESENTATION_ITEM('') );
#4025 = CARTESIAN_POINT('',(7.207924299097,64.525,9.4));
#4026 = CARTESIAN_POINT('',(9.13,64.525,10.455535714286));
#4027 = CARTESIAN_POINT('',(11.052075700902,64.525,9.4));
#4028 = PCURVE('',#3056,#4029);
#4029 = DEFINITIONAL_REPRESENTATION('',(#4030),#4034);
#4030 = ( BOUNDED_CURVE() B_SPLINE_CURVE(2,(#4031,#4032,#4033),
.UNSPECIFIED.,.F.,.F.) B_SPLINE_CURVE_WITH_KNOTS((3,3),(0.,
0.401248052955),.PIECEWISE_BEZIER_KNOTS.) CURVE() 
GEOMETRIC_REPRESENTATION_ITEM() RATIONAL_B_SPLINE_CURVE((1.,
1.196581196581,1.)) REPRESENTATION_ITEM('') );
#4031 = CARTESIAN_POINT('',(0.577924299097,2.));
#4032 = CARTESIAN_POINT('',(2.5,0.944464285714));
#4033 = CARTESIAN_POINT('',(4.422075700902,2.));
#4034 = ( GEOMETRIC_REPRESENTATION_CONTEXT(2) 
PARAMETRIC_REPRESENTATION_CONTEXT() REPRESENTATION_CONTEXT('2D SPACE',''
  ) );
#4035 = PCURVE('',#3110,#4036);
#4036 = DEFINITIONAL_REPRESENTATION('',(#4037),#4063);
#4037 = B_SPLINE_CURVE_WITH_KNOTS('',3,(#4038,#4039,#4040,#4041,#4042,
    #4043,#4044,#4045,#4046,#4047,#4048,#4049,#4050,#4051,#4052,#4053,
    #4054,#4055,#4056,#4057,#4058,#4059,#4060,#4061,#4062),
  .UNSPECIFIED.,.F.,.F.,(4,1,1,1,1,1,1,1,1,1,1,1,1,1,1,1,1,1,1,1,1,1,4),
  (0.,1.823854786158E-02,3.647709572316E-02,5.471564358474E-02,
    7.295419144632E-02,9.11927393079E-02,0.109431287169,0.127669835031,
    0.145908382893,0.164146930754,0.182385478616,0.200624026477,
    0.218862574339,0.237101122201,0.255339670062,0.273578217924,
    0.291816765785,0.310055313647,0.328293861508,0.34653240937,
    0.364770957232,0.383009505093,0.401248052955),.UNSPECIFIED.);
#4038 = CARTESIAN_POINT('',(2.152160475503,0.5));
#4039 = CARTESIAN_POINT('',(2.135519538413,0.461742364492));
#4040 = CARTESIAN_POINT('',(2.101987560333,0.390012326797));
#4041 = CARTESIAN_POINT('',(2.05099273949,0.29576033208));
#4042 = CARTESIAN_POINT('',(1.999352629558,0.213769906488));
#4043 = CARTESIAN_POINT('',(1.947125421864,0.143200548295));
#4044 = CARTESIAN_POINT('',(1.894373338156,8.333781024039E-02));
#4045 = CARTESIAN_POINT('',(1.841162910407,3.359885992222E-02));
#4046 = CARTESIAN_POINT('',(1.787564389651,-6.488901590344E-03));
#4047 = CARTESIAN_POINT('',(1.733651293274,-3.729765168637E-02));
#4048 = CARTESIAN_POINT('',(1.679499828999,-5.910844893185E-02));
#4049 = CARTESIAN_POINT('',(1.625188277566,-7.211760918997E-02));
#4050 = CARTESIAN_POINT('',(1.570796326795,-7.644119540501E-02));
#4051 = CARTESIAN_POINT('',(1.516404376024,-7.211760918996E-02));
#4052 = CARTESIAN_POINT('',(1.462092824591,-5.910844893185E-02));
#4053 = CARTESIAN_POINT('',(1.407941360316,-3.729765168637E-02));
#4054 = CARTESIAN_POINT('',(1.354028263938,-6.488901590342E-03));
#4055 = CARTESIAN_POINT('',(1.300429743182,3.359885992222E-02));
#4056 = CARTESIAN_POINT('',(1.247219315434,8.333781024038E-02));
#4057 = CARTESIAN_POINT('',(1.194467231726,0.143200548295));
#4058 = CARTESIAN_POINT('',(1.142240024032,0.213769906488));
#4059 = CARTESIAN_POINT('',(1.090599914099,0.29576033208));
#4060 = CARTESIAN_POINT('',(1.039605093257,0.390012326797));
#4061 = CARTESIAN_POINT('',(1.006073115177,0.461742364492));
#4062 = CARTESIAN_POINT('',(0.989432178087,0.5));
#4063 = ( GEOMETRIC_REPRESENTATION_CONTEXT(2) 
PARAMETRIC_REPRESENTATION_CONTEXT() REPRESENTATION_CONTEXT('2D SPACE',''
  ) );
#4064 = ORIENTED_EDGE('',*,*,#3070,.F.);
#4065 = ORIENTED_EDGE('',*,*,#3148,.T.);
#4066 = ADVANCED_FACE('',(#4067),#3110,.T.);
#4067 = FACE_BOUND('',#4068,.T.);
#4068 = EDGE_LOOP('',(#4069,#4070,#4071,#4094,#4125,#4126));
#4069 = ORIENTED_EDGE('',*,*,#4022,.T.);
#4070 = ORIENTED_EDGE('',*,*,#3122,.T.);
#4071 = ORIENTED_EDGE('',*,*,#4072,.T.);
#4072 = EDGE_CURVE('',#3094,#4073,#4075,.T.);
#4073 = VERTEX_POINT('',#4074);
#4074 = CARTESIAN_POINT('',(6.63,67.45,10.4));
#4075 = SEAM_CURVE('',#4076,(#4080,#4087),.PCURVE_S1.);
#4076 = LINE('',#4077,#4078);
#4077 = CARTESIAN_POINT('',(6.13,67.45,9.9));
#4078 = VECTOR('',#4079,1.);
#4079 = DIRECTION('',(0.707106781187,7.041364024478E-17,0.707106781187)
  );
#4080 = PCURVE('',#3110,#4081);
#4081 = DEFINITIONAL_REPRESENTATION('',(#4082),#4086);
#4082 = LINE('',#4083,#4084);
#4083 = CARTESIAN_POINT('',(-3.14159265359,0.));
#4084 = VECTOR('',#4085,1.);
#4085 = DIRECTION('',(0.,-1.));
#4086 = ( GEOMETRIC_REPRESENTATION_CONTEXT(2) 
PARAMETRIC_REPRESENTATION_CONTEXT() REPRESENTATION_CONTEXT('2D SPACE',''
  ) );
#4087 = PCURVE('',#3110,#4088);
#4088 = DEFINITIONAL_REPRESENTATION('',(#4089),#4093);
#4089 = LINE('',#4090,#4091);
#4090 = CARTESIAN_POINT('',(3.14159265359,0.));
#4091 = VECTOR('',#4092,1.);
#4092 = DIRECTION('',(0.,-1.));
#4093 = ( GEOMETRIC_REPRESENTATION_CONTEXT(2) 
PARAMETRIC_REPRESENTATION_CONTEXT() REPRESENTATION_CONTEXT('2D SPACE',''
  ) );
#4094 = ORIENTED_EDGE('',*,*,#4095,.T.);
#4095 = EDGE_CURVE('',#4073,#4073,#4096,.T.);
#4096 = SURFACE_CURVE('',#4097,(#4102,#4109),.PCURVE_S1.);
#4097 = CIRCLE('',#4098,2.5);
#4098 = AXIS2_PLACEMENT_3D('',#4099,#4100,#4101);
#4099 = CARTESIAN_POINT('',(9.13,67.45,10.4));
#4100 = DIRECTION('',(0.,-2.22044604925E-16,-1.));
#4101 = DIRECTION('',(1.,0.,0.));
#4102 = PCURVE('',#3110,#4103);
#4103 = DEFINITIONAL_REPRESENTATION('',(#4104),#4108);
#4104 = LINE('',#4105,#4106);
#4105 = CARTESIAN_POINT('',(-6.28318530718,-0.5));
#4106 = VECTOR('',#4107,1.);
#4107 = DIRECTION('',(1.,0.));
#4108 = ( GEOMETRIC_REPRESENTATION_CONTEXT(2) 
PARAMETRIC_REPRESENTATION_CONTEXT() REPRESENTATION_CONTEXT('2D SPACE',''
  ) );
#4109 = PCURVE('',#4110,#4115);
#4110 = PLANE('',#4111);
#4111 = AXIS2_PLACEMENT_3D('',#4112,#4113,#4114);
#4112 = CARTESIAN_POINT('',(9.13,51.75,10.4));
#4113 = DIRECTION('',(0.,2.22044604925E-16,1.));
#4114 = DIRECTION('',(-1.,0.,0.));
#4115 = DEFINITIONAL_REPRESENTATION('',(#4116),#4124);
#4116 = ( BOUNDED_CURVE() B_SPLINE_CURVE(2,(#4117,#4118,#4119,#4120,
#4121,#4122,#4123),.UNSPECIFIED.,.T.,.F.) B_SPLINE_CURVE_WITH_KNOTS((1,2
    ,2,2,2,1),(-2.094395102393,0.,2.094395102393,4.188790204786,
6.28318530718,8.377580409573),.UNSPECIFIED.) CURVE() 
GEOMETRIC_REPRESENTATION_ITEM() RATIONAL_B_SPLINE_CURVE((1.,0.5,1.,0.5,
1.,0.5,1.)) REPRESENTATION_ITEM('') );
#4117 = CARTESIAN_POINT('',(-2.5,-15.7));
#4118 = CARTESIAN_POINT('',(-2.5,-11.36987298107));
#4119 = CARTESIAN_POINT('',(1.25,-13.53493649053));
#4120 = CARTESIAN_POINT('',(5.,-15.7));
#4121 = CARTESIAN_POINT('',(1.25,-17.86506350946));
#4122 = CARTESIAN_POINT('',(-2.5,-20.03012701892));
#4123 = CARTESIAN_POINT('',(-2.5,-15.7));
#4124 = ( GEOMETRIC_REPRESENTATION_CONTEXT(2) 
PARAMETRIC_REPRESENTATION_CONTEXT() REPRESENTATION_CONTEXT('2D SPACE',''
  ) );
#4125 = ORIENTED_EDGE('',*,*,#4072,.F.);
#4126 = ORIENTED_EDGE('',*,*,#3093,.T.);
#4127 = ADVANCED_FACE('',(#4128),#3189,.T.);
#4128 = FACE_BOUND('',#4129,.T.);
#4129 = EDGE_LOOP('',(#4130,#4131,#4154,#4185));
#4130 = ORIENTED_EDGE('',*,*,#3172,.T.);
#4131 = ORIENTED_EDGE('',*,*,#4132,.T.);
#4132 = EDGE_CURVE('',#3173,#4133,#4135,.T.);
#4133 = VERTEX_POINT('',#4134);
#4134 = CARTESIAN_POINT('',(-8.61,16.69,11.4));
#4135 = SEAM_CURVE('',#4136,(#4140,#4147),.PCURVE_S1.);
#4136 = LINE('',#4137,#4138);
#4137 = CARTESIAN_POINT('',(-9.11,16.69,10.9));
#4138 = VECTOR('',#4139,1.);
#4139 = DIRECTION('',(0.707106781187,7.041364024478E-17,0.707106781187)
  );
#4140 = PCURVE('',#3189,#4141);
#4141 = DEFINITIONAL_REPRESENTATION('',(#4142),#4146);
#4142 = LINE('',#4143,#4144);
#4143 = CARTESIAN_POINT('',(3.14159265359,-3.925231146709E-16));
#4144 = VECTOR('',#4145,1.);
#4145 = DIRECTION('',(0.,-1.));
#4146 = ( GEOMETRIC_REPRESENTATION_CONTEXT(2) 
PARAMETRIC_REPRESENTATION_CONTEXT() REPRESENTATION_CONTEXT('2D SPACE',''
  ) );
#4147 = PCURVE('',#3189,#4148);
#4148 = DEFINITIONAL_REPRESENTATION('',(#4149),#4153);
#4149 = LINE('',#4150,#4151);
#4150 = CARTESIAN_POINT('',(9.424777960769,-3.925231146709E-16));
#4151 = VECTOR('',#4152,1.);
#4152 = DIRECTION('',(0.,-1.));
#4153 = ( GEOMETRIC_REPRESENTATION_CONTEXT(2) 
PARAMETRIC_REPRESENTATION_CONTEXT() REPRESENTATION_CONTEXT('2D SPACE',''
  ) );
#4154 = ORIENTED_EDGE('',*,*,#4155,.T.);
#4155 = EDGE_CURVE('',#4133,#4133,#4156,.T.);
#4156 = SURFACE_CURVE('',#4157,(#4162,#4169),.PCURVE_S1.);
#4157 = CIRCLE('',#4158,2.5);
#4158 = AXIS2_PLACEMENT_3D('',#4159,#4160,#4161);
#4159 = CARTESIAN_POINT('',(-6.11,16.69,11.4));
#4160 = DIRECTION('',(0.,-2.22044604925E-16,-1.));
#4161 = DIRECTION('',(1.,0.,0.));
#4162 = PCURVE('',#3189,#4163);
#4163 = DEFINITIONAL_REPRESENTATION('',(#4164),#4168);
#4164 = LINE('',#4165,#4166);
#4165 = CARTESIAN_POINT('',(-4.138911435803E-13,-0.5));
#4166 = VECTOR('',#4167,1.);
#4167 = DIRECTION('',(1.,0.));
#4168 = ( GEOMETRIC_REPRESENTATION_CONTEXT(2) 
PARAMETRIC_REPRESENTATION_CONTEXT() REPRESENTATION_CONTEXT('2D SPACE',''
  ) );
#4169 = PCURVE('',#4170,#4175);
#4170 = PLANE('',#4171);
#4171 = AXIS2_PLACEMENT_3D('',#4172,#4173,#4174);
#4172 = CARTESIAN_POINT('',(-6.11,16.69,11.4));
#4173 = DIRECTION('',(0.,2.22044604925E-16,1.));
#4174 = DIRECTION('',(0.,-1.,2.22044604925E-16));
#4175 = DEFINITIONAL_REPRESENTATION('',(#4176),#4184);
#4176 = ( BOUNDED_CURVE() B_SPLINE_CURVE(2,(#4177,#4178,#4179,#4180,
#4181,#4182,#4183),.UNSPECIFIED.,.T.,.F.) B_SPLINE_CURVE_WITH_KNOTS((1,2
    ,2,2,2,1),(-2.094395102393,0.,2.094395102393,4.188790204786,
6.28318530718,8.377580409573),.UNSPECIFIED.) CURVE() 
GEOMETRIC_REPRESENTATION_ITEM() RATIONAL_B_SPLINE_CURVE((1.,0.5,1.,0.5,
1.,0.5,1.)) REPRESENTATION_ITEM('') );
#4177 = CARTESIAN_POINT('',(0.,2.5));
#4178 = CARTESIAN_POINT('',(4.330127018922,2.5));
#4179 = CARTESIAN_POINT('',(2.165063509461,-1.25));
#4180 = CARTESIAN_POINT('',(6.123233995737E-16,-5.));
#4181 = CARTESIAN_POINT('',(-2.165063509461,-1.25));
#4182 = CARTESIAN_POINT('',(-4.330127018922,2.5));
#4183 = CARTESIAN_POINT('',(0.,2.5));
#4184 = ( GEOMETRIC_REPRESENTATION_CONTEXT(2) 
PARAMETRIC_REPRESENTATION_CONTEXT() REPRESENTATION_CONTEXT('2D SPACE',''
  ) );
#4185 = ORIENTED_EDGE('',*,*,#4132,.F.);
#4186 = ADVANCED_FACE('',(#4187),#3298,.F.);
#4187 = FACE_BOUND('',#4188,.T.);
#4188 = EDGE_LOOP('',(#4189,#4190,#4233,#4234));
#4189 = ORIENTED_EDGE('',*,*,#3282,.F.);
#4190 = ORIENTED_EDGE('',*,*,#4191,.F.);
#4191 = EDGE_CURVE('',#3313,#3283,#4192,.T.);
#4192 = SURFACE_CURVE('',#4193,(#4197,#4204),.PCURVE_S1.);
#4193 = ( BOUNDED_CURVE() B_SPLINE_CURVE(2,(#4194,#4195,#4196),
.UNSPECIFIED.,.F.,.F.) B_SPLINE_CURVE_WITH_KNOTS((3,3),(0.,
0.401248052955),.PIECEWISE_BEZIER_KNOTS.) CURVE() 
GEOMETRIC_REPRESENTATION_ITEM() RATIONAL_B_SPLINE_CURVE((1.,
1.196581196581,1.)) REPRESENTATION_ITEM('') );
#4194 = CARTESIAN_POINT('',(9.772075700903,-4.505,10.4));
#4195 = CARTESIAN_POINT('',(7.85,-4.505,11.455535714286));
#4196 = CARTESIAN_POINT('',(5.927924299098,-4.505,10.4));
#4197 = PCURVE('',#3298,#4198);
#4198 = DEFINITIONAL_REPRESENTATION('',(#4199),#4203);
#4199 = ( BOUNDED_CURVE() B_SPLINE_CURVE(2,(#4200,#4201,#4202),
.UNSPECIFIED.,.F.,.F.) B_SPLINE_CURVE_WITH_KNOTS((3,3),(0.,
0.401248052955),.PIECEWISE_BEZIER_KNOTS.) CURVE() 
GEOMETRIC_REPRESENTATION_ITEM() RATIONAL_B_SPLINE_CURVE((1.,
1.196581196581,1.)) REPRESENTATION_ITEM('') );
#4200 = CARTESIAN_POINT('',(0.467924299097,1.));
#4201 = CARTESIAN_POINT('',(2.39,-5.5535714286E-02));
#4202 = CARTESIAN_POINT('',(4.312075700902,1.));
#4203 = ( GEOMETRIC_REPRESENTATION_CONTEXT(2) 
PARAMETRIC_REPRESENTATION_CONTEXT() REPRESENTATION_CONTEXT('2D SPACE',''
  ) );
#4204 = PCURVE('',#3352,#4205);
#4205 = DEFINITIONAL_REPRESENTATION('',(#4206),#4232);
#4206 = B_SPLINE_CURVE_WITH_KNOTS('',3,(#4207,#4208,#4209,#4210,#4211,
    #4212,#4213,#4214,#4215,#4216,#4217,#4218,#4219,#4220,#4221,#4222,
    #4223,#4224,#4225,#4226,#4227,#4228,#4229,#4230,#4231),
  .UNSPECIFIED.,.F.,.F.,(4,1,1,1,1,1,1,1,1,1,1,1,1,1,1,1,1,1,1,1,1,1,4),
  (0.,1.823854786158E-02,3.647709572316E-02,5.471564358474E-02,
    7.295419144632E-02,9.11927393079E-02,0.109431287169,0.127669835031,
    0.145908382893,0.164146930754,0.182385478616,0.200624026477,
    0.218862574339,0.237101122201,0.255339670062,0.273578217924,
    0.291816765785,0.310055313647,0.328293861508,0.34653240937,
    0.364770957232,0.383009505093,0.401248052955),.UNSPECIFIED.);
#4207 = CARTESIAN_POINT('',(-0.989432178087,0.5));
#4208 = CARTESIAN_POINT('',(-1.006073115177,0.461742364492));
#4209 = CARTESIAN_POINT('',(-1.039605093257,0.390012326797));
#4210 = CARTESIAN_POINT('',(-1.090599914099,0.29576033208));
#4211 = CARTESIAN_POINT('',(-1.142240024032,0.213769906488));
#4212 = CARTESIAN_POINT('',(-1.194467231726,0.143200548295));
#4213 = CARTESIAN_POINT('',(-1.247219315434,8.333781024039E-02));
#4214 = CARTESIAN_POINT('',(-1.300429743182,3.359885992221E-02));
#4215 = CARTESIAN_POINT('',(-1.354028263938,-6.488901590344E-03));
#4216 = CARTESIAN_POINT('',(-1.407941360316,-3.729765168639E-02));
#4217 = CARTESIAN_POINT('',(-1.462092824591,-5.910844893186E-02));
#4218 = CARTESIAN_POINT('',(-1.516404376024,-7.211760918996E-02));
#4219 = CARTESIAN_POINT('',(-1.570796326795,-7.644119540502E-02));
#4220 = CARTESIAN_POINT('',(-1.625188277566,-7.211760918996E-02));
#4221 = CARTESIAN_POINT('',(-1.679499828999,-5.910844893185E-02));
#4222 = CARTESIAN_POINT('',(-1.733651293274,-3.729765168639E-02));
#4223 = CARTESIAN_POINT('',(-1.787564389651,-6.488901590344E-03));
#4224 = CARTESIAN_POINT('',(-1.841162910407,3.359885992221E-02));
#4225 = CARTESIAN_POINT('',(-1.894373338156,8.333781024037E-02));
#4226 = CARTESIAN_POINT('',(-1.947125421864,0.143200548295));
#4227 = CARTESIAN_POINT('',(-1.999352629558,0.213769906488));
#4228 = CARTESIAN_POINT('',(-2.05099273949,0.29576033208));
#4229 = CARTESIAN_POINT('',(-2.101987560333,0.390012326797));
#4230 = CARTESIAN_POINT('',(-2.135519538413,0.461742364492));
#4231 = CARTESIAN_POINT('',(-2.152160475503,0.5));
#4232 = ( GEOMETRIC_REPRESENTATION_CONTEXT(2) 
PARAMETRIC_REPRESENTATION_CONTEXT() REPRESENTATION_CONTEXT('2D SPACE',''
  ) );
#4233 = ORIENTED_EDGE('',*,*,#3312,.F.);
#4234 = ORIENTED_EDGE('',*,*,#3390,.T.);
#4235 = ADVANCED_FACE('',(#4236),#3352,.T.);
#4236 = FACE_BOUND('',#4237,.T.);
#4237 = EDGE_LOOP('',(#4238,#4239,#4240,#4263,#4294,#4295));
#4238 = ORIENTED_EDGE('',*,*,#4191,.T.);
#4239 = ORIENTED_EDGE('',*,*,#3364,.T.);
#4240 = ORIENTED_EDGE('',*,*,#4241,.T.);
#4241 = EDGE_CURVE('',#3336,#4242,#4244,.T.);
#4242 = VERTEX_POINT('',#4243);
#4243 = CARTESIAN_POINT('',(5.35,-7.43,11.4));
#4244 = SEAM_CURVE('',#4245,(#4249,#4256),.PCURVE_S1.);
#4245 = LINE('',#4246,#4247);
#4246 = CARTESIAN_POINT('',(4.85,-7.43,10.9));
#4247 = VECTOR('',#4248,1.);
#4248 = DIRECTION('',(0.707106781187,7.041364024478E-17,0.707106781187)
  );
#4249 = PCURVE('',#3352,#4250);
#4250 = DEFINITIONAL_REPRESENTATION('',(#4251),#4255);
#4251 = LINE('',#4252,#4253);
#4252 = CARTESIAN_POINT('',(-3.14159265359,0.));
#4253 = VECTOR('',#4254,1.);
#4254 = DIRECTION('',(0.,-1.));
#4255 = ( GEOMETRIC_REPRESENTATION_CONTEXT(2) 
PARAMETRIC_REPRESENTATION_CONTEXT() REPRESENTATION_CONTEXT('2D SPACE',''
  ) );
#4256 = PCURVE('',#3352,#4257);
#4257 = DEFINITIONAL_REPRESENTATION('',(#4258),#4262);
#4258 = LINE('',#4259,#4260);
#4259 = CARTESIAN_POINT('',(3.14159265359,0.));
#4260 = VECTOR('',#4261,1.);
#4261 = DIRECTION('',(0.,-1.));
#4262 = ( GEOMETRIC_REPRESENTATION_CONTEXT(2) 
PARAMETRIC_REPRESENTATION_CONTEXT() REPRESENTATION_CONTEXT('2D SPACE',''
  ) );
#4263 = ORIENTED_EDGE('',*,*,#4264,.T.);
#4264 = EDGE_CURVE('',#4242,#4242,#4265,.T.);
#4265 = SURFACE_CURVE('',#4266,(#4271,#4278),.PCURVE_S1.);
#4266 = CIRCLE('',#4267,2.5);
#4267 = AXIS2_PLACEMENT_3D('',#4268,#4269,#4270);
#4268 = CARTESIAN_POINT('',(7.85,-7.43,11.4));
#4269 = DIRECTION('',(0.,-2.22044604925E-16,-1.));
#4270 = DIRECTION('',(1.,0.,0.));
#4271 = PCURVE('',#3352,#4272);
#4272 = DEFINITIONAL_REPRESENTATION('',(#4273),#4277);
#4273 = LINE('',#4274,#4275);
#4274 = CARTESIAN_POINT('',(-6.28318530718,-0.5));
#4275 = VECTOR('',#4276,1.);
#4276 = DIRECTION('',(1.,0.));
#4277 = ( GEOMETRIC_REPRESENTATION_CONTEXT(2) 
PARAMETRIC_REPRESENTATION_CONTEXT() REPRESENTATION_CONTEXT('2D SPACE',''
  ) );
#4278 = PCURVE('',#4279,#4284);
#4279 = PLANE('',#4280);
#4280 = AXIS2_PLACEMENT_3D('',#4281,#4282,#4283);
#4281 = CARTESIAN_POINT('',(-15.,30.645,11.4));
#4282 = DIRECTION('',(0.,2.22044604925E-16,1.));
#4283 = DIRECTION('',(0.,-1.,2.22044604925E-16));
#4284 = DEFINITIONAL_REPRESENTATION('',(#4285),#4293);
#4285 = ( BOUNDED_CURVE() B_SPLINE_CURVE(2,(#4286,#4287,#4288,#4289,
#4290,#4291,#4292),.UNSPECIFIED.,.T.,.F.) B_SPLINE_CURVE_WITH_KNOTS((1,2
    ,2,2,2,1),(-2.094395102393,0.,2.094395102393,4.188790204786,
6.28318530718,8.377580409573),.UNSPECIFIED.) CURVE() 
GEOMETRIC_REPRESENTATION_ITEM() RATIONAL_B_SPLINE_CURVE((1.,0.5,1.,0.5,
1.,0.5,1.)) REPRESENTATION_ITEM('') );
#4286 = CARTESIAN_POINT('',(38.075,25.35));
#4287 = CARTESIAN_POINT('',(42.405127018922,25.35));
#4288 = CARTESIAN_POINT('',(40.240063509461,21.6));
#4289 = CARTESIAN_POINT('',(38.075,17.85));
#4290 = CARTESIAN_POINT('',(35.909936490539,21.6));
#4291 = CARTESIAN_POINT('',(33.744872981078,25.35));
#4292 = CARTESIAN_POINT('',(38.075,25.35));
#4293 = ( GEOMETRIC_REPRESENTATION_CONTEXT(2) 
PARAMETRIC_REPRESENTATION_CONTEXT() REPRESENTATION_CONTEXT('2D SPACE',''
  ) );
#4294 = ORIENTED_EDGE('',*,*,#4241,.F.);
#4295 = ORIENTED_EDGE('',*,*,#3335,.T.);
#4296 = ADVANCED_FACE('',(#4297),#3502,.F.);
#4297 = FACE_BOUND('',#4298,.F.);
#4298 = EDGE_LOOP('',(#4299,#4322,#4323,#4324));
#4299 = ORIENTED_EDGE('',*,*,#4300,.T.);
#4300 = EDGE_CURVE('',#4301,#3465,#4303,.T.);
#4301 = VERTEX_POINT('',#4302);
#4302 = CARTESIAN_POINT('',(-37.86,-9.08,6.));
#4303 = SEAM_CURVE('',#4304,(#4308,#4315),.PCURVE_S1.);
#4304 = LINE('',#4305,#4306);
#4305 = CARTESIAN_POINT('',(-37.86,-9.08,6.7));
#4306 = VECTOR('',#4307,1.);
#4307 = DIRECTION('',(0.,2.22044604925E-16,1.));
#4308 = PCURVE('',#3502,#4309);
#4309 = DEFINITIONAL_REPRESENTATION('',(#4310),#4314);
#4310 = LINE('',#4311,#4312);
#4311 = CARTESIAN_POINT('',(9.42477796077,0.));
#4312 = VECTOR('',#4313,1.);
#4313 = DIRECTION('',(0.,1.));
#4314 = ( GEOMETRIC_REPRESENTATION_CONTEXT(2) 
PARAMETRIC_REPRESENTATION_CONTEXT() REPRESENTATION_CONTEXT('2D SPACE',''
  ) );
#4315 = PCURVE('',#3502,#4316);
#4316 = DEFINITIONAL_REPRESENTATION('',(#4317),#4321);
#4317 = LINE('',#4318,#4319);
#4318 = CARTESIAN_POINT('',(3.141592653589,0.));
#4319 = VECTOR('',#4320,1.);
#4320 = DIRECTION('',(0.,1.));
#4321 = ( GEOMETRIC_REPRESENTATION_CONTEXT(2) 
PARAMETRIC_REPRESENTATION_CONTEXT() REPRESENTATION_CONTEXT('2D SPACE',''
  ) );
#4322 = ORIENTED_EDGE('',*,*,#3487,.T.);
#4323 = ORIENTED_EDGE('',*,*,#4300,.F.);
#4324 = ORIENTED_EDGE('',*,*,#4325,.T.);
#4325 = EDGE_CURVE('',#4301,#4301,#4326,.T.);
#4326 = SURFACE_CURVE('',#4327,(#4332,#4339),.PCURVE_S1.);
#4327 = CIRCLE('',#4328,1.65);
#4328 = AXIS2_PLACEMENT_3D('',#4329,#4330,#4331);
#4329 = CARTESIAN_POINT('',(-37.86,-7.43,6.));
#4330 = DIRECTION('',(0.,2.22044604925E-16,1.));
#4331 = DIRECTION('',(0.,1.,-2.22044604925E-16));
#4332 = PCURVE('',#3502,#4333);
#4333 = DEFINITIONAL_REPRESENTATION('',(#4334),#4338);
#4334 = LINE('',#4335,#4336);
#4335 = CARTESIAN_POINT('',(0.,-0.7));
#4336 = VECTOR('',#4337,1.);
#4337 = DIRECTION('',(1.,0.));
#4338 = ( GEOMETRIC_REPRESENTATION_CONTEXT(2) 
PARAMETRIC_REPRESENTATION_CONTEXT() REPRESENTATION_CONTEXT('2D SPACE',''
  ) );
#4339 = PCURVE('',#3647,#4340);
#4340 = DEFINITIONAL_REPRESENTATION('',(#4341),#4345);
#4341 = CIRCLE('',#4342,1.65);
#4342 = AXIS2_PLACEMENT_2D('',#4343,#4344);
#4343 = CARTESIAN_POINT('',(0.,0.));
#4344 = DIRECTION('',(1.,0.));
#4345 = ( GEOMETRIC_REPRESENTATION_CONTEXT(2) 
PARAMETRIC_REPRESENTATION_CONTEXT() REPRESENTATION_CONTEXT('2D SPACE',''
  ) );
#4346 = ADVANCED_FACE('',(#4347,#4350),#3536,.F.);
#4347 = FACE_BOUND('',#4348,.T.);
#4348 = EDGE_LOOP('',(#4349));
#4349 = ORIENTED_EDGE('',*,*,#3519,.F.);
#4350 = FACE_BOUND('',#4351,.T.);
#4351 = EDGE_LOOP('',(#4352));
#4352 = ORIENTED_EDGE('',*,*,#4353,.T.);
#4353 = EDGE_CURVE('',#4354,#4354,#4356,.T.);
#4354 = VERTEX_POINT('',#4355);
#4355 = CARTESIAN_POINT('',(-39.13,67.07,6.));
#4356 = SURFACE_CURVE('',#4357,(#4362,#4369),.PCURVE_S1.);
#4357 = CIRCLE('',#4358,1.65);
#4358 = AXIS2_PLACEMENT_3D('',#4359,#4360,#4361);
#4359 = CARTESIAN_POINT('',(-39.13,68.72,6.));
#4360 = DIRECTION('',(0.,2.22044604925E-16,1.));
#4361 = DIRECTION('',(0.,1.,-2.22044604925E-16));
#4362 = PCURVE('',#3536,#4363);
#4363 = DEFINITIONAL_REPRESENTATION('',(#4364),#4368);
#4364 = CIRCLE('',#4365,1.65);
#4365 = AXIS2_PLACEMENT_2D('',#4366,#4367);
#4366 = CARTESIAN_POINT('',(0.,0.));
#4367 = DIRECTION('',(1.,0.));
#4368 = ( GEOMETRIC_REPRESENTATION_CONTEXT(2) 
PARAMETRIC_REPRESENTATION_CONTEXT() REPRESENTATION_CONTEXT('2D SPACE',''
  ) );
#4369 = PCURVE('',#4370,#4375);
#4370 = CYLINDRICAL_SURFACE('',#4371,1.65);
#4371 = AXIS2_PLACEMENT_3D('',#4372,#4373,#4374);
#4372 = CARTESIAN_POINT('',(-39.13,68.72,6.7));
#4373 = DIRECTION('',(0.,2.22044604925E-16,1.));
#4374 = DIRECTION('',(0.,1.,-2.22044604925E-16));
#4375 = DEFINITIONAL_REPRESENTATION('',(#4376),#4380);
#4376 = LINE('',#4377,#4378);
#4377 = CARTESIAN_POINT('',(0.,-0.7));
#4378 = VECTOR('',#4379,1.);
#4379 = DIRECTION('',(1.,0.));
#4380 = ( GEOMETRIC_REPRESENTATION_CONTEXT(2) 
PARAMETRIC_REPRESENTATION_CONTEXT() REPRESENTATION_CONTEXT('2D SPACE',''
  ) );
#4381 = ADVANCED_FACE('',(#4382,#4385),#3647,.F.);
#4382 = FACE_BOUND('',#4383,.T.);
#4383 = EDGE_LOOP('',(#4384));
#4384 = ORIENTED_EDGE('',*,*,#3630,.F.);
#4385 = FACE_BOUND('',#4386,.T.);
#4386 = EDGE_LOOP('',(#4387));
#4387 = ORIENTED_EDGE('',*,*,#4325,.T.);
#4388 = ADVANCED_FACE('',(#4389,#4392),#3758,.F.);
#4389 = FACE_BOUND('',#4390,.T.);
#4390 = EDGE_LOOP('',(#4391));
#4391 = ORIENTED_EDGE('',*,*,#3741,.F.);
#4392 = FACE_BOUND('',#4393,.T.);
#4393 = EDGE_LOOP('',(#4394));
#4394 = ORIENTED_EDGE('',*,*,#4395,.T.);
#4395 = EDGE_CURVE('',#4396,#4396,#4398,.T.);
#4396 = VERTEX_POINT('',#4397);
#4397 = CARTESIAN_POINT('',(9.13,65.8,6.));
#4398 = SURFACE_CURVE('',#4399,(#4404,#4411),.PCURVE_S1.);
#4399 = CIRCLE('',#4400,1.65);
#4400 = AXIS2_PLACEMENT_3D('',#4401,#4402,#4403);
#4401 = CARTESIAN_POINT('',(9.13,67.45,6.));
#4402 = DIRECTION('',(0.,2.22044604925E-16,1.));
#4403 = DIRECTION('',(0.,1.,-2.22044604925E-16));
#4404 = PCURVE('',#3758,#4405);
#4405 = DEFINITIONAL_REPRESENTATION('',(#4406),#4410);
#4406 = CIRCLE('',#4407,1.65);
#4407 = AXIS2_PLACEMENT_2D('',#4408,#4409);
#4408 = CARTESIAN_POINT('',(0.,0.));
#4409 = DIRECTION('',(1.,0.));
#4410 = ( GEOMETRIC_REPRESENTATION_CONTEXT(2) 
PARAMETRIC_REPRESENTATION_CONTEXT() REPRESENTATION_CONTEXT('2D SPACE',''
  ) );
#4411 = PCURVE('',#4412,#4417);
#4412 = CYLINDRICAL_SURFACE('',#4413,1.65);
#4413 = AXIS2_PLACEMENT_3D('',#4414,#4415,#4416);
#4414 = CARTESIAN_POINT('',(9.13,67.45,6.7));
#4415 = DIRECTION('',(0.,2.22044604925E-16,1.));
#4416 = DIRECTION('',(0.,1.,-2.22044604925E-16));
#4417 = DEFINITIONAL_REPRESENTATION('',(#4418),#4422);
#4418 = LINE('',#4419,#4420);
#4419 = CARTESIAN_POINT('',(0.,-0.7));
#4420 = VECTOR('',#4421,1.);
#4421 = DIRECTION('',(1.,0.));
#4422 = ( GEOMETRIC_REPRESENTATION_CONTEXT(2) 
PARAMETRIC_REPRESENTATION_CONTEXT() REPRESENTATION_CONTEXT('2D SPACE',''
  ) );
#4423 = ADVANCED_FACE('',(#4424,#4427),#3813,.F.);
#4424 = FACE_BOUND('',#4425,.T.);
#4425 = EDGE_LOOP('',(#4426));
#4426 = ORIENTED_EDGE('',*,*,#3796,.F.);
#4427 = FACE_BOUND('',#4428,.T.);
#4428 = EDGE_LOOP('',(#4429));
#4429 = ORIENTED_EDGE('',*,*,#4430,.T.);
#4430 = EDGE_CURVE('',#4431,#4431,#4433,.T.);
#4431 = VERTEX_POINT('',#4432);
#4432 = CARTESIAN_POINT('',(-6.11,15.04,6.));
#4433 = SURFACE_CURVE('',#4434,(#4439,#4446),.PCURVE_S1.);
#4434 = CIRCLE('',#4435,1.65);
#4435 = AXIS2_PLACEMENT_3D('',#4436,#4437,#4438);
#4436 = CARTESIAN_POINT('',(-6.11,16.69,6.));
#4437 = DIRECTION('',(0.,2.22044604925E-16,1.));
#4438 = DIRECTION('',(0.,1.,-2.22044604925E-16));
#4439 = PCURVE('',#3813,#4440);
#4440 = DEFINITIONAL_REPRESENTATION('',(#4441),#4445);
#4441 = CIRCLE('',#4442,1.65);
#4442 = AXIS2_PLACEMENT_2D('',#4443,#4444);
#4443 = CARTESIAN_POINT('',(0.,0.));
#4444 = DIRECTION('',(1.,0.));
#4445 = ( GEOMETRIC_REPRESENTATION_CONTEXT(2) 
PARAMETRIC_REPRESENTATION_CONTEXT() REPRESENTATION_CONTEXT('2D SPACE',''
  ) );
#4446 = PCURVE('',#4447,#4452);
#4447 = CYLINDRICAL_SURFACE('',#4448,1.65);
#4448 = AXIS2_PLACEMENT_3D('',#4449,#4450,#4451);
#4449 = CARTESIAN_POINT('',(-6.11,16.69,6.7));
#4450 = DIRECTION('',(0.,2.22044604925E-16,1.));
#4451 = DIRECTION('',(0.,1.,-2.22044604925E-16));
#4452 = DEFINITIONAL_REPRESENTATION('',(#4453),#4457);
#4453 = LINE('',#4454,#4455);
#4454 = CARTESIAN_POINT('',(0.,-0.7));
#4455 = VECTOR('',#4456,1.);
#4456 = DIRECTION('',(1.,0.));
#4457 = ( GEOMETRIC_REPRESENTATION_CONTEXT(2) 
PARAMETRIC_REPRESENTATION_CONTEXT() REPRESENTATION_CONTEXT('2D SPACE',''
  ) );
#4458 = ADVANCED_FACE('',(#4459,#4462),#3924,.F.);
#4459 = FACE_BOUND('',#4460,.T.);
#4460 = EDGE_LOOP('',(#4461));
#4461 = ORIENTED_EDGE('',*,*,#3907,.F.);
#4462 = FACE_BOUND('',#4463,.T.);
#4463 = EDGE_LOOP('',(#4464));
#4464 = ORIENTED_EDGE('',*,*,#4465,.T.);
#4465 = EDGE_CURVE('',#4466,#4466,#4468,.T.);
#4466 = VERTEX_POINT('',#4467);
#4467 = CARTESIAN_POINT('',(7.85,-9.08,6.));
#4468 = SURFACE_CURVE('',#4469,(#4474,#4481),.PCURVE_S1.);
#4469 = CIRCLE('',#4470,1.65);
#4470 = AXIS2_PLACEMENT_3D('',#4471,#4472,#4473);
#4471 = CARTESIAN_POINT('',(7.85,-7.43,6.));
#4472 = DIRECTION('',(0.,2.22044604925E-16,1.));
#4473 = DIRECTION('',(0.,1.,-2.22044604925E-16));
#4474 = PCURVE('',#3924,#4475);
#4475 = DEFINITIONAL_REPRESENTATION('',(#4476),#4480);
#4476 = CIRCLE('',#4477,1.65);
#4477 = AXIS2_PLACEMENT_2D('',#4478,#4479);
#4478 = CARTESIAN_POINT('',(0.,0.));
#4479 = DIRECTION('',(1.,0.));
#4480 = ( GEOMETRIC_REPRESENTATION_CONTEXT(2) 
PARAMETRIC_REPRESENTATION_CONTEXT() REPRESENTATION_CONTEXT('2D SPACE',''
  ) );
#4481 = PCURVE('',#4482,#4487);
#4482 = CYLINDRICAL_SURFACE('',#4483,1.65);
#4483 = AXIS2_PLACEMENT_3D('',#4484,#4485,#4486);
#4484 = CARTESIAN_POINT('',(7.85,-7.43,6.7));
#4485 = DIRECTION('',(0.,2.22044604925E-16,1.));
#4486 = DIRECTION('',(0.,1.,-2.22044604925E-16));
#4487 = DEFINITIONAL_REPRESENTATION('',(#4488),#4492);
#4488 = LINE('',#4489,#4490);
#4489 = CARTESIAN_POINT('',(0.,-0.7));
#4490 = VECTOR('',#4491,1.);
#4491 = DIRECTION('',(1.,0.));
#4492 = ( GEOMETRIC_REPRESENTATION_CONTEXT(2) 
PARAMETRIC_REPRESENTATION_CONTEXT() REPRESENTATION_CONTEXT('2D SPACE',''
  ) );
#4493 = ADVANCED_FACE('',(#4494,#4497),#4001,.T.);
#4494 = FACE_BOUND('',#4495,.T.);
#4495 = EDGE_LOOP('',(#4496));
#4496 = ORIENTED_EDGE('',*,*,#3986,.F.);
#4497 = FACE_BOUND('',#4498,.T.);
#4498 = EDGE_LOOP('',(#4499));
#4499 = ORIENTED_EDGE('',*,*,#4500,.F.);
#4500 = EDGE_CURVE('',#4501,#4501,#4503,.T.);
#4501 = VERTEX_POINT('',#4502);
#4502 = CARTESIAN_POINT('',(-39.13,66.77,10.4));
#4503 = SURFACE_CURVE('',#4504,(#4509,#4516),.PCURVE_S1.);
#4504 = CIRCLE('',#4505,1.95);
#4505 = AXIS2_PLACEMENT_3D('',#4506,#4507,#4508);
#4506 = CARTESIAN_POINT('',(-39.13,68.72,10.4));
#4507 = DIRECTION('',(0.,2.22044604925E-16,1.));
#4508 = DIRECTION('',(0.,1.,-2.22044604925E-16));
#4509 = PCURVE('',#4001,#4510);
#4510 = DEFINITIONAL_REPRESENTATION('',(#4511),#4515);
#4511 = CIRCLE('',#4512,1.95);
#4512 = AXIS2_PLACEMENT_2D('',#4513,#4514);
#4513 = CARTESIAN_POINT('',(0.,-15.7));
#4514 = DIRECTION('',(0.,-1.));
#4515 = ( GEOMETRIC_REPRESENTATION_CONTEXT(2) 
PARAMETRIC_REPRESENTATION_CONTEXT() REPRESENTATION_CONTEXT('2D SPACE',''
  ) );
#4516 = PCURVE('',#4517,#4522);
#4517 = CONICAL_SURFACE('',#4518,1.8,0.785398163397);
#4518 = AXIS2_PLACEMENT_3D('',#4519,#4520,#4521);
#4519 = CARTESIAN_POINT('',(-39.13,68.72,10.25));
#4520 = DIRECTION('',(0.,2.22044604925E-16,1.));
#4521 = DIRECTION('',(0.,1.,-2.22044604925E-16));
#4522 = DEFINITIONAL_REPRESENTATION('',(#4523),#4527);
#4523 = LINE('',#4524,#4525);
#4524 = CARTESIAN_POINT('',(-4.138911435803E-13,0.15));
#4525 = VECTOR('',#4526,1.);
#4526 = DIRECTION('',(1.,0.));
#4527 = ( GEOMETRIC_REPRESENTATION_CONTEXT(2) 
PARAMETRIC_REPRESENTATION_CONTEXT() REPRESENTATION_CONTEXT('2D SPACE',''
  ) );
#4528 = ADVANCED_FACE('',(#4529,#4532),#4110,.T.);
#4529 = FACE_BOUND('',#4530,.T.);
#4530 = EDGE_LOOP('',(#4531));
#4531 = ORIENTED_EDGE('',*,*,#4095,.F.);
#4532 = FACE_BOUND('',#4533,.T.);
#4533 = EDGE_LOOP('',(#4534));
#4534 = ORIENTED_EDGE('',*,*,#4535,.F.);
#4535 = EDGE_CURVE('',#4536,#4536,#4538,.T.);
#4536 = VERTEX_POINT('',#4537);
#4537 = CARTESIAN_POINT('',(9.13,65.5,10.4));
#4538 = SURFACE_CURVE('',#4539,(#4544,#4551),.PCURVE_S1.);
#4539 = CIRCLE('',#4540,1.95);
#4540 = AXIS2_PLACEMENT_3D('',#4541,#4542,#4543);
#4541 = CARTESIAN_POINT('',(9.13,67.45,10.4));
#4542 = DIRECTION('',(0.,2.22044604925E-16,1.));
#4543 = DIRECTION('',(0.,1.,-2.22044604925E-16));
#4544 = PCURVE('',#4110,#4545);
#4545 = DEFINITIONAL_REPRESENTATION('',(#4546),#4550);
#4546 = CIRCLE('',#4547,1.95);
#4547 = AXIS2_PLACEMENT_2D('',#4548,#4549);
#4548 = CARTESIAN_POINT('',(0.,-15.7));
#4549 = DIRECTION('',(0.,-1.));
#4550 = ( GEOMETRIC_REPRESENTATION_CONTEXT(2) 
PARAMETRIC_REPRESENTATION_CONTEXT() REPRESENTATION_CONTEXT('2D SPACE',''
  ) );
#4551 = PCURVE('',#4552,#4557);
#4552 = CONICAL_SURFACE('',#4553,1.8,0.785398163397);
#4553 = AXIS2_PLACEMENT_3D('',#4554,#4555,#4556);
#4554 = CARTESIAN_POINT('',(9.13,67.45,10.25));
#4555 = DIRECTION('',(0.,2.22044604925E-16,1.));
#4556 = DIRECTION('',(0.,1.,-2.22044604925E-16));
#4557 = DEFINITIONAL_REPRESENTATION('',(#4558),#4562);
#4558 = LINE('',#4559,#4560);
#4559 = CARTESIAN_POINT('',(-4.138911435803E-13,0.15));
#4560 = VECTOR('',#4561,1.);
#4561 = DIRECTION('',(1.,0.));
#4562 = ( GEOMETRIC_REPRESENTATION_CONTEXT(2) 
PARAMETRIC_REPRESENTATION_CONTEXT() REPRESENTATION_CONTEXT('2D SPACE',''
  ) );
#4563 = ADVANCED_FACE('',(#4564,#4567),#4170,.T.);
#4564 = FACE_BOUND('',#4565,.T.);
#4565 = EDGE_LOOP('',(#4566));
#4566 = ORIENTED_EDGE('',*,*,#4155,.F.);
#4567 = FACE_BOUND('',#4568,.T.);
#4568 = EDGE_LOOP('',(#4569));
#4569 = ORIENTED_EDGE('',*,*,#4570,.F.);
#4570 = EDGE_CURVE('',#4571,#4571,#4573,.T.);
#4571 = VERTEX_POINT('',#4572);
#4572 = CARTESIAN_POINT('',(-6.11,14.74,11.4));
#4573 = SURFACE_CURVE('',#4574,(#4579,#4586),.PCURVE_S1.);
#4574 = CIRCLE('',#4575,1.95);
#4575 = AXIS2_PLACEMENT_3D('',#4576,#4577,#4578);
#4576 = CARTESIAN_POINT('',(-6.11,16.69,11.4));
#4577 = DIRECTION('',(0.,2.22044604925E-16,1.));
#4578 = DIRECTION('',(0.,1.,-2.22044604925E-16));
#4579 = PCURVE('',#4170,#4580);
#4580 = DEFINITIONAL_REPRESENTATION('',(#4581),#4585);
#4581 = CIRCLE('',#4582,1.95);
#4582 = AXIS2_PLACEMENT_2D('',#4583,#4584);
#4583 = CARTESIAN_POINT('',(0.,0.));
#4584 = DIRECTION('',(-1.,0.));
#4585 = ( GEOMETRIC_REPRESENTATION_CONTEXT(2) 
PARAMETRIC_REPRESENTATION_CONTEXT() REPRESENTATION_CONTEXT('2D SPACE',''
  ) );
#4586 = PCURVE('',#4587,#4592);
#4587 = CONICAL_SURFACE('',#4588,1.8,0.785398163397);
#4588 = AXIS2_PLACEMENT_3D('',#4589,#4590,#4591);
#4589 = CARTESIAN_POINT('',(-6.11,16.69,11.25));
#4590 = DIRECTION('',(0.,2.22044604925E-16,1.));
#4591 = DIRECTION('',(0.,1.,-2.22044604925E-16));
#4592 = DEFINITIONAL_REPRESENTATION('',(#4593),#4597);
#4593 = LINE('',#4594,#4595);
#4594 = CARTESIAN_POINT('',(0.,0.15));
#4595 = VECTOR('',#4596,1.);
#4596 = DIRECTION('',(1.,0.));
#4597 = ( GEOMETRIC_REPRESENTATION_CONTEXT(2) 
PARAMETRIC_REPRESENTATION_CONTEXT() REPRESENTATION_CONTEXT('2D SPACE',''
  ) );
#4598 = ADVANCED_FACE('',(#4599,#4602),#4279,.T.);
#4599 = FACE_BOUND('',#4600,.T.);
#4600 = EDGE_LOOP('',(#4601));
#4601 = ORIENTED_EDGE('',*,*,#4264,.F.);
#4602 = FACE_BOUND('',#4603,.T.);
#4603 = EDGE_LOOP('',(#4604));
#4604 = ORIENTED_EDGE('',*,*,#4605,.F.);
#4605 = EDGE_CURVE('',#4606,#4606,#4608,.T.);
#4606 = VERTEX_POINT('',#4607);
#4607 = CARTESIAN_POINT('',(7.85,-9.38,11.4));
#4608 = SURFACE_CURVE('',#4609,(#4614,#4621),.PCURVE_S1.);
#4609 = CIRCLE('',#4610,1.95);
#4610 = AXIS2_PLACEMENT_3D('',#4611,#4612,#4613);
#4611 = CARTESIAN_POINT('',(7.85,-7.43,11.4));
#4612 = DIRECTION('',(0.,2.22044604925E-16,1.));
#4613 = DIRECTION('',(0.,1.,-2.22044604925E-16));
#4614 = PCURVE('',#4279,#4615);
#4615 = DEFINITIONAL_REPRESENTATION('',(#4616),#4620);
#4616 = CIRCLE('',#4617,1.95);
#4617 = AXIS2_PLACEMENT_2D('',#4618,#4619);
#4618 = CARTESIAN_POINT('',(38.075,22.85));
#4619 = DIRECTION('',(-1.,0.));
#4620 = ( GEOMETRIC_REPRESENTATION_CONTEXT(2) 
PARAMETRIC_REPRESENTATION_CONTEXT() REPRESENTATION_CONTEXT('2D SPACE',''
  ) );
#4621 = PCURVE('',#4622,#4627);
#4622 = CONICAL_SURFACE('',#4623,1.8,0.785398163397);
#4623 = AXIS2_PLACEMENT_3D('',#4624,#4625,#4626);
#4624 = CARTESIAN_POINT('',(7.85,-7.43,11.25));
#4625 = DIRECTION('',(0.,2.22044604925E-16,1.));
#4626 = DIRECTION('',(0.,1.,-2.22044604925E-16));
#4627 = DEFINITIONAL_REPRESENTATION('',(#4628),#4632);
#4628 = LINE('',#4629,#4630);
#4629 = CARTESIAN_POINT('',(0.,0.15));
#4630 = VECTOR('',#4631,1.);
#4631 = DIRECTION('',(1.,0.));
#4632 = ( GEOMETRIC_REPRESENTATION_CONTEXT(2) 
PARAMETRIC_REPRESENTATION_CONTEXT() REPRESENTATION_CONTEXT('2D SPACE',''
  ) );
#4633 = ADVANCED_FACE('',(#4634),#4370,.F.);
#4634 = FACE_BOUND('',#4635,.F.);
#4635 = EDGE_LOOP('',(#4636,#4659,#4681,#4682));
#4636 = ORIENTED_EDGE('',*,*,#4637,.T.);
#4637 = EDGE_CURVE('',#4354,#4638,#4640,.T.);
#4638 = VERTEX_POINT('',#4639);
#4639 = CARTESIAN_POINT('',(-39.13,67.07,10.1));
#4640 = SEAM_CURVE('',#4641,(#4645,#4652),.PCURVE_S1.);
#4641 = LINE('',#4642,#4643);
#4642 = CARTESIAN_POINT('',(-39.13,67.07,6.7));
#4643 = VECTOR('',#4644,1.);
#4644 = DIRECTION('',(0.,2.22044604925E-16,1.));
#4645 = PCURVE('',#4370,#4646);
#4646 = DEFINITIONAL_REPRESENTATION('',(#4647),#4651);
#4647 = LINE('',#4648,#4649);
#4648 = CARTESIAN_POINT('',(9.42477796077,0.));
#4649 = VECTOR('',#4650,1.);
#4650 = DIRECTION('',(0.,1.));
#4651 = ( GEOMETRIC_REPRESENTATION_CONTEXT(2) 
PARAMETRIC_REPRESENTATION_CONTEXT() REPRESENTATION_CONTEXT('2D SPACE',''
  ) );
#4652 = PCURVE('',#4370,#4653);
#4653 = DEFINITIONAL_REPRESENTATION('',(#4654),#4658);
#4654 = LINE('',#4655,#4656);
#4655 = CARTESIAN_POINT('',(3.141592653589,0.));
#4656 = VECTOR('',#4657,1.);
#4657 = DIRECTION('',(0.,1.));
#4658 = ( GEOMETRIC_REPRESENTATION_CONTEXT(2) 
PARAMETRIC_REPRESENTATION_CONTEXT() REPRESENTATION_CONTEXT('2D SPACE',''
  ) );
#4659 = ORIENTED_EDGE('',*,*,#4660,.T.);
#4660 = EDGE_CURVE('',#4638,#4638,#4661,.T.);
#4661 = SURFACE_CURVE('',#4662,(#4667,#4674),.PCURVE_S1.);
#4662 = CIRCLE('',#4663,1.65);
#4663 = AXIS2_PLACEMENT_3D('',#4664,#4665,#4666);
#4664 = CARTESIAN_POINT('',(-39.13,68.72,10.1));
#4665 = DIRECTION('',(0.,-2.22044604925E-16,-1.));
#4666 = DIRECTION('',(0.,1.,-2.22044604925E-16));
#4667 = PCURVE('',#4370,#4668);
#4668 = DEFINITIONAL_REPRESENTATION('',(#4669),#4673);
#4669 = LINE('',#4670,#4671);
#4670 = CARTESIAN_POINT('',(12.566370614359,3.4));
#4671 = VECTOR('',#4672,1.);
#4672 = DIRECTION('',(-1.,0.));
#4673 = ( GEOMETRIC_REPRESENTATION_CONTEXT(2) 
PARAMETRIC_REPRESENTATION_CONTEXT() REPRESENTATION_CONTEXT('2D SPACE',''
  ) );
#4674 = PCURVE('',#4517,#4675);
#4675 = DEFINITIONAL_REPRESENTATION('',(#4676),#4680);
#4676 = LINE('',#4677,#4678);
#4677 = CARTESIAN_POINT('',(12.56637061436,-0.15));
#4678 = VECTOR('',#4679,1.);
#4679 = DIRECTION('',(-1.,0.));
#4680 = ( GEOMETRIC_REPRESENTATION_CONTEXT(2) 
PARAMETRIC_REPRESENTATION_CONTEXT() REPRESENTATION_CONTEXT('2D SPACE',''
  ) );
#4681 = ORIENTED_EDGE('',*,*,#4637,.F.);
#4682 = ORIENTED_EDGE('',*,*,#4353,.T.);
#4683 = ADVANCED_FACE('',(#4684),#4412,.F.);
#4684 = FACE_BOUND('',#4685,.F.);
#4685 = EDGE_LOOP('',(#4686,#4709,#4731,#4732));
#4686 = ORIENTED_EDGE('',*,*,#4687,.T.);
#4687 = EDGE_CURVE('',#4396,#4688,#4690,.T.);
#4688 = VERTEX_POINT('',#4689);
#4689 = CARTESIAN_POINT('',(9.13,65.8,10.1));
#4690 = SEAM_CURVE('',#4691,(#4695,#4702),.PCURVE_S1.);
#4691 = LINE('',#4692,#4693);
#4692 = CARTESIAN_POINT('',(9.13,65.8,6.7));
#4693 = VECTOR('',#4694,1.);
#4694 = DIRECTION('',(0.,2.22044604925E-16,1.));
#4695 = PCURVE('',#4412,#4696);
#4696 = DEFINITIONAL_REPRESENTATION('',(#4697),#4701);
#4697 = LINE('',#4698,#4699);
#4698 = CARTESIAN_POINT('',(9.42477796077,0.));
#4699 = VECTOR('',#4700,1.);
#4700 = DIRECTION('',(0.,1.));
#4701 = ( GEOMETRIC_REPRESENTATION_CONTEXT(2) 
PARAMETRIC_REPRESENTATION_CONTEXT() REPRESENTATION_CONTEXT('2D SPACE',''
  ) );
#4702 = PCURVE('',#4412,#4703);
#4703 = DEFINITIONAL_REPRESENTATION('',(#4704),#4708);
#4704 = LINE('',#4705,#4706);
#4705 = CARTESIAN_POINT('',(3.141592653589,0.));
#4706 = VECTOR('',#4707,1.);
#4707 = DIRECTION('',(0.,1.));
#4708 = ( GEOMETRIC_REPRESENTATION_CONTEXT(2) 
PARAMETRIC_REPRESENTATION_CONTEXT() REPRESENTATION_CONTEXT('2D SPACE',''
  ) );
#4709 = ORIENTED_EDGE('',*,*,#4710,.T.);
#4710 = EDGE_CURVE('',#4688,#4688,#4711,.T.);
#4711 = SURFACE_CURVE('',#4712,(#4717,#4724),.PCURVE_S1.);
#4712 = CIRCLE('',#4713,1.65);
#4713 = AXIS2_PLACEMENT_3D('',#4714,#4715,#4716);
#4714 = CARTESIAN_POINT('',(9.13,67.45,10.1));
#4715 = DIRECTION('',(0.,-2.22044604925E-16,-1.));
#4716 = DIRECTION('',(0.,1.,-2.22044604925E-16));
#4717 = PCURVE('',#4412,#4718);
#4718 = DEFINITIONAL_REPRESENTATION('',(#4719),#4723);
#4719 = LINE('',#4720,#4721);
#4720 = CARTESIAN_POINT('',(12.566370614359,3.4));
#4721 = VECTOR('',#4722,1.);
#4722 = DIRECTION('',(-1.,0.));
#4723 = ( GEOMETRIC_REPRESENTATION_CONTEXT(2) 
PARAMETRIC_REPRESENTATION_CONTEXT() REPRESENTATION_CONTEXT('2D SPACE',''
  ) );
#4724 = PCURVE('',#4552,#4725);
#4725 = DEFINITIONAL_REPRESENTATION('',(#4726),#4730);
#4726 = LINE('',#4727,#4728);
#4727 = CARTESIAN_POINT('',(12.56637061436,-0.15));
#4728 = VECTOR('',#4729,1.);
#4729 = DIRECTION('',(-1.,0.));
#4730 = ( GEOMETRIC_REPRESENTATION_CONTEXT(2) 
PARAMETRIC_REPRESENTATION_CONTEXT() REPRESENTATION_CONTEXT('2D SPACE',''
  ) );
#4731 = ORIENTED_EDGE('',*,*,#4687,.F.);
#4732 = ORIENTED_EDGE('',*,*,#4395,.T.);
#4733 = ADVANCED_FACE('',(#4734),#4447,.F.);
#4734 = FACE_BOUND('',#4735,.F.);
#4735 = EDGE_LOOP('',(#4736,#4759,#4781,#4782));
#4736 = ORIENTED_EDGE('',*,*,#4737,.T.);
#4737 = EDGE_CURVE('',#4431,#4738,#4740,.T.);
#4738 = VERTEX_POINT('',#4739);
#4739 = CARTESIAN_POINT('',(-6.11,15.04,11.1));
#4740 = SEAM_CURVE('',#4741,(#4745,#4752),.PCURVE_S1.);
#4741 = LINE('',#4742,#4743);
#4742 = CARTESIAN_POINT('',(-6.11,15.04,6.7));
#4743 = VECTOR('',#4744,1.);
#4744 = DIRECTION('',(0.,2.22044604925E-16,1.));
#4745 = PCURVE('',#4447,#4746);
#4746 = DEFINITIONAL_REPRESENTATION('',(#4747),#4751);
#4747 = LINE('',#4748,#4749);
#4748 = CARTESIAN_POINT('',(9.42477796077,0.));
#4749 = VECTOR('',#4750,1.);
#4750 = DIRECTION('',(0.,1.));
#4751 = ( GEOMETRIC_REPRESENTATION_CONTEXT(2) 
PARAMETRIC_REPRESENTATION_CONTEXT() REPRESENTATION_CONTEXT('2D SPACE',''
  ) );
#4752 = PCURVE('',#4447,#4753);
#4753 = DEFINITIONAL_REPRESENTATION('',(#4754),#4758);
#4754 = LINE('',#4755,#4756);
#4755 = CARTESIAN_POINT('',(3.141592653589,0.));
#4756 = VECTOR('',#4757,1.);
#4757 = DIRECTION('',(0.,1.));
#4758 = ( GEOMETRIC_REPRESENTATION_CONTEXT(2) 
PARAMETRIC_REPRESENTATION_CONTEXT() REPRESENTATION_CONTEXT('2D SPACE',''
  ) );
#4759 = ORIENTED_EDGE('',*,*,#4760,.T.);
#4760 = EDGE_CURVE('',#4738,#4738,#4761,.T.);
#4761 = SURFACE_CURVE('',#4762,(#4767,#4774),.PCURVE_S1.);
#4762 = CIRCLE('',#4763,1.65);
#4763 = AXIS2_PLACEMENT_3D('',#4764,#4765,#4766);
#4764 = CARTESIAN_POINT('',(-6.11,16.69,11.1));
#4765 = DIRECTION('',(0.,-2.22044604925E-16,-1.));
#4766 = DIRECTION('',(0.,1.,-2.22044604925E-16));
#4767 = PCURVE('',#4447,#4768);
#4768 = DEFINITIONAL_REPRESENTATION('',(#4769),#4773);
#4769 = LINE('',#4770,#4771);
#4770 = CARTESIAN_POINT('',(12.566370614359,4.4));
#4771 = VECTOR('',#4772,1.);
#4772 = DIRECTION('',(-1.,0.));
#4773 = ( GEOMETRIC_REPRESENTATION_CONTEXT(2) 
PARAMETRIC_REPRESENTATION_CONTEXT() REPRESENTATION_CONTEXT('2D SPACE',''
  ) );
#4774 = PCURVE('',#4587,#4775);
#4775 = DEFINITIONAL_REPRESENTATION('',(#4776),#4780);
#4776 = LINE('',#4777,#4778);
#4777 = CARTESIAN_POINT('',(12.566370614359,-0.15));
#4778 = VECTOR('',#4779,1.);
#4779 = DIRECTION('',(-1.,0.));
#4780 = ( GEOMETRIC_REPRESENTATION_CONTEXT(2) 
PARAMETRIC_REPRESENTATION_CONTEXT() REPRESENTATION_CONTEXT('2D SPACE',''
  ) );
#4781 = ORIENTED_EDGE('',*,*,#4737,.F.);
#4782 = ORIENTED_EDGE('',*,*,#4430,.T.);
#4783 = ADVANCED_FACE('',(#4784),#4482,.F.);
#4784 = FACE_BOUND('',#4785,.F.);
#4785 = EDGE_LOOP('',(#4786,#4809,#4831,#4832));
#4786 = ORIENTED_EDGE('',*,*,#4787,.T.);
#4787 = EDGE_CURVE('',#4466,#4788,#4790,.T.);
#4788 = VERTEX_POINT('',#4789);
#4789 = CARTESIAN_POINT('',(7.85,-9.08,11.1));
#4790 = SEAM_CURVE('',#4791,(#4795,#4802),.PCURVE_S1.);
#4791 = LINE('',#4792,#4793);
#4792 = CARTESIAN_POINT('',(7.85,-9.08,6.7));
#4793 = VECTOR('',#4794,1.);
#4794 = DIRECTION('',(0.,2.22044604925E-16,1.));
#4795 = PCURVE('',#4482,#4796);
#4796 = DEFINITIONAL_REPRESENTATION('',(#4797),#4801);
#4797 = LINE('',#4798,#4799);
#4798 = CARTESIAN_POINT('',(9.42477796077,0.));
#4799 = VECTOR('',#4800,1.);
#4800 = DIRECTION('',(0.,1.));
#4801 = ( GEOMETRIC_REPRESENTATION_CONTEXT(2) 
PARAMETRIC_REPRESENTATION_CONTEXT() REPRESENTATION_CONTEXT('2D SPACE',''
  ) );
#4802 = PCURVE('',#4482,#4803);
#4803 = DEFINITIONAL_REPRESENTATION('',(#4804),#4808);
#4804 = LINE('',#4805,#4806);
#4805 = CARTESIAN_POINT('',(3.141592653589,0.));
#4806 = VECTOR('',#4807,1.);
#4807 = DIRECTION('',(0.,1.));
#4808 = ( GEOMETRIC_REPRESENTATION_CONTEXT(2) 
PARAMETRIC_REPRESENTATION_CONTEXT() REPRESENTATION_CONTEXT('2D SPACE',''
  ) );
#4809 = ORIENTED_EDGE('',*,*,#4810,.T.);
#4810 = EDGE_CURVE('',#4788,#4788,#4811,.T.);
#4811 = SURFACE_CURVE('',#4812,(#4817,#4824),.PCURVE_S1.);
#4812 = CIRCLE('',#4813,1.65);
#4813 = AXIS2_PLACEMENT_3D('',#4814,#4815,#4816);
#4814 = CARTESIAN_POINT('',(7.85,-7.43,11.1));
#4815 = DIRECTION('',(0.,-2.22044604925E-16,-1.));
#4816 = DIRECTION('',(0.,1.,-2.22044604925E-16));
#4817 = PCURVE('',#4482,#4818);
#4818 = DEFINITIONAL_REPRESENTATION('',(#4819),#4823);
#4819 = LINE('',#4820,#4821);
#4820 = CARTESIAN_POINT('',(12.566370614359,4.4));
#4821 = VECTOR('',#4822,1.);
#4822 = DIRECTION('',(-1.,0.));
#4823 = ( GEOMETRIC_REPRESENTATION_CONTEXT(2) 
PARAMETRIC_REPRESENTATION_CONTEXT() REPRESENTATION_CONTEXT('2D SPACE',''
  ) );
#4824 = PCURVE('',#4622,#4825);
#4825 = DEFINITIONAL_REPRESENTATION('',(#4826),#4830);
#4826 = LINE('',#4827,#4828);
#4827 = CARTESIAN_POINT('',(12.566370614359,-0.15));
#4828 = VECTOR('',#4829,1.);
#4829 = DIRECTION('',(-1.,0.));
#4830 = ( GEOMETRIC_REPRESENTATION_CONTEXT(2) 
PARAMETRIC_REPRESENTATION_CONTEXT() REPRESENTATION_CONTEXT('2D SPACE',''
  ) );
#4831 = ORIENTED_EDGE('',*,*,#4787,.F.);
#4832 = ORIENTED_EDGE('',*,*,#4465,.T.);
#4833 = ADVANCED_FACE('',(#4834),#4517,.F.);
#4834 = FACE_BOUND('',#4835,.F.);
#4835 = EDGE_LOOP('',(#4836,#4857,#4858,#4859));
#4836 = ORIENTED_EDGE('',*,*,#4837,.T.);
#4837 = EDGE_CURVE('',#4638,#4501,#4838,.T.);
#4838 = SEAM_CURVE('',#4839,(#4843,#4850),.PCURVE_S1.);
#4839 = LINE('',#4840,#4841);
#4840 = CARTESIAN_POINT('',(-39.13,66.92,10.25));
#4841 = VECTOR('',#4842,1.);
#4842 = DIRECTION('',(-8.659560562349E-17,-0.707106781187,0.707106781187
    ));
#4843 = PCURVE('',#4517,#4844);
#4844 = DEFINITIONAL_REPRESENTATION('',(#4845),#4849);
#4845 = LINE('',#4846,#4847);
#4846 = CARTESIAN_POINT('',(9.424777960769,-1.452335524282E-15));
#4847 = VECTOR('',#4848,1.);
#4848 = DIRECTION('',(0.,1.));
#4849 = ( GEOMETRIC_REPRESENTATION_CONTEXT(2) 
PARAMETRIC_REPRESENTATION_CONTEXT() REPRESENTATION_CONTEXT('2D SPACE',''
  ) );
#4850 = PCURVE('',#4517,#4851);
#4851 = DEFINITIONAL_REPRESENTATION('',(#4852),#4856);
#4852 = LINE('',#4853,#4854);
#4853 = CARTESIAN_POINT('',(3.14159265359,-1.452335524282E-15));
#4854 = VECTOR('',#4855,1.);
#4855 = DIRECTION('',(0.,1.));
#4856 = ( GEOMETRIC_REPRESENTATION_CONTEXT(2) 
PARAMETRIC_REPRESENTATION_CONTEXT() REPRESENTATION_CONTEXT('2D SPACE',''
  ) );
#4857 = ORIENTED_EDGE('',*,*,#4500,.F.);
#4858 = ORIENTED_EDGE('',*,*,#4837,.F.);
#4859 = ORIENTED_EDGE('',*,*,#4660,.F.);
#4860 = ADVANCED_FACE('',(#4861),#4552,.F.);
#4861 = FACE_BOUND('',#4862,.F.);
#4862 = EDGE_LOOP('',(#4863,#4884,#4885,#4886));
#4863 = ORIENTED_EDGE('',*,*,#4864,.T.);
#4864 = EDGE_CURVE('',#4688,#4536,#4865,.T.);
#4865 = SEAM_CURVE('',#4866,(#4870,#4877),.PCURVE_S1.);
#4866 = LINE('',#4867,#4868);
#4867 = CARTESIAN_POINT('',(9.13,65.65,10.25));
#4868 = VECTOR('',#4869,1.);
#4869 = DIRECTION('',(-8.659560562349E-17,-0.707106781187,0.707106781187
    ));
#4870 = PCURVE('',#4552,#4871);
#4871 = DEFINITIONAL_REPRESENTATION('',(#4872),#4876);
#4872 = LINE('',#4873,#4874);
#4873 = CARTESIAN_POINT('',(9.424777960769,2.119624819223E-15));
#4874 = VECTOR('',#4875,1.);
#4875 = DIRECTION('',(0.,1.));
#4876 = ( GEOMETRIC_REPRESENTATION_CONTEXT(2) 
PARAMETRIC_REPRESENTATION_CONTEXT() REPRESENTATION_CONTEXT('2D SPACE',''
  ) );
#4877 = PCURVE('',#4552,#4878);
#4878 = DEFINITIONAL_REPRESENTATION('',(#4879),#4883);
#4879 = LINE('',#4880,#4881);
#4880 = CARTESIAN_POINT('',(3.14159265359,2.119624819223E-15));
#4881 = VECTOR('',#4882,1.);
#4882 = DIRECTION('',(0.,1.));
#4883 = ( GEOMETRIC_REPRESENTATION_CONTEXT(2) 
PARAMETRIC_REPRESENTATION_CONTEXT() REPRESENTATION_CONTEXT('2D SPACE',''
  ) );
#4884 = ORIENTED_EDGE('',*,*,#4535,.F.);
#4885 = ORIENTED_EDGE('',*,*,#4864,.F.);
#4886 = ORIENTED_EDGE('',*,*,#4710,.F.);
#4887 = ADVANCED_FACE('',(#4888),#4587,.F.);
#4888 = FACE_BOUND('',#4889,.F.);
#4889 = EDGE_LOOP('',(#4890,#4911,#4912,#4913));
#4890 = ORIENTED_EDGE('',*,*,#4891,.T.);
#4891 = EDGE_CURVE('',#4571,#4738,#4892,.T.);
#4892 = SEAM_CURVE('',#4893,(#4897,#4904),.PCURVE_S1.);
#4893 = LINE('',#4894,#4895);
#4894 = CARTESIAN_POINT('',(-6.11,14.89,11.25));
#4895 = VECTOR('',#4896,1.);
#4896 = DIRECTION('',(-8.659560562349E-17,0.707106781187,-0.707106781187
    ));
#4897 = PCURVE('',#4587,#4898);
#4898 = DEFINITIONAL_REPRESENTATION('',(#4899),#4903);
#4899 = LINE('',#4900,#4901);
#4900 = CARTESIAN_POINT('',(3.141592653589,-5.495323605393E-16));
#4901 = VECTOR('',#4902,1.);
#4902 = DIRECTION('',(0.,-1.));
#4903 = ( GEOMETRIC_REPRESENTATION_CONTEXT(2) 
PARAMETRIC_REPRESENTATION_CONTEXT() REPRESENTATION_CONTEXT('2D SPACE',''
  ) );
#4904 = PCURVE('',#4587,#4905);
#4905 = DEFINITIONAL_REPRESENTATION('',(#4906),#4910);
#4906 = LINE('',#4907,#4908);
#4907 = CARTESIAN_POINT('',(9.42477796077,-5.495323605393E-16));
#4908 = VECTOR('',#4909,1.);
#4909 = DIRECTION('',(0.,-1.));
#4910 = ( GEOMETRIC_REPRESENTATION_CONTEXT(2) 
PARAMETRIC_REPRESENTATION_CONTEXT() REPRESENTATION_CONTEXT('2D SPACE',''
  ) );
#4911 = ORIENTED_EDGE('',*,*,#4760,.F.);
#4912 = ORIENTED_EDGE('',*,*,#4891,.F.);
#4913 = ORIENTED_EDGE('',*,*,#4570,.F.);
#4914 = ADVANCED_FACE('',(#4915),#4622,.F.);
#4915 = FACE_BOUND('',#4916,.F.);
#4916 = EDGE_LOOP('',(#4917,#4938,#4939,#4940));
#4917 = ORIENTED_EDGE('',*,*,#4918,.T.);
#4918 = EDGE_CURVE('',#4606,#4788,#4919,.T.);
#4919 = SEAM_CURVE('',#4920,(#4924,#4931),.PCURVE_S1.);
#4920 = LINE('',#4921,#4922);
#4921 = CARTESIAN_POINT('',(7.85,-9.23,11.25));
#4922 = VECTOR('',#4923,1.);
#4923 = DIRECTION('',(-8.659560562349E-17,0.707106781187,-0.707106781187
    ));
#4924 = PCURVE('',#4622,#4925);
#4925 = DEFINITIONAL_REPRESENTATION('',(#4926),#4930);
#4926 = LINE('',#4927,#4928);
#4927 = CARTESIAN_POINT('',(3.141592653589,3.336446474703E-16));
#4928 = VECTOR('',#4929,1.);
#4929 = DIRECTION('',(0.,-1.));
#4930 = ( GEOMETRIC_REPRESENTATION_CONTEXT(2) 
PARAMETRIC_REPRESENTATION_CONTEXT() REPRESENTATION_CONTEXT('2D SPACE',''
  ) );
#4931 = PCURVE('',#4622,#4932);
#4932 = DEFINITIONAL_REPRESENTATION('',(#4933),#4937);
#4933 = LINE('',#4934,#4935);
#4934 = CARTESIAN_POINT('',(9.42477796077,3.336446474703E-16));
#4935 = VECTOR('',#4936,1.);
#4936 = DIRECTION('',(0.,-1.));
#4937 = ( GEOMETRIC_REPRESENTATION_CONTEXT(2) 
PARAMETRIC_REPRESENTATION_CONTEXT() REPRESENTATION_CONTEXT('2D SPACE',''
  ) );
#4938 = ORIENTED_EDGE('',*,*,#4810,.F.);
#4939 = ORIENTED_EDGE('',*,*,#4918,.F.);
#4940 = ORIENTED_EDGE('',*,*,#4605,.F.);
#4941 = ( GEOMETRIC_REPRESENTATION_CONTEXT(3) 
GLOBAL_UNCERTAINTY_ASSIGNED_CONTEXT((#4945)) 
GLOBAL_UNIT_ASSIGNED_CONTEXT((#4942,#4943,#4944)) REPRESENTATION_CONTEXT
('Context #1','3D Context with UNIT and UNCERTAINTY') );
#4942 = ( LENGTH_UNIT() NAMED_UNIT(*) SI_UNIT(.MILLI.,.METRE.) );
#4943 = ( NAMED_UNIT(*) PLANE_ANGLE_UNIT() SI_UNIT($,.RADIAN.) );
#4944 = ( NAMED_UNIT(*) SI_UNIT($,.STERADIAN.) SOLID_ANGLE_UNIT() );
#4945 = UNCERTAINTY_MEASURE_WITH_UNIT(LENGTH_MEASURE(1.E-07),#4942,
  'distance_accuracy_value','confusion accuracy');
#4946 = CONTEXT_DEPENDENT_SHAPE_REPRESENTATION(#4947,#4949);
#4947 = ( REPRESENTATION_RELATIONSHIP('','',#32,#10) 
REPRESENTATION_RELATIONSHIP_WITH_TRANSFORMATION(#4948) 
SHAPE_REPRESENTATION_RELATIONSHIP() );
#4948 = ITEM_DEFINED_TRANSFORMATION('','',#11,#15);
#4949 = PRODUCT_DEFINITION_SHAPE('Placement','Placement of an item',
  #4950);
#4950 = NEXT_ASSEMBLY_USAGE_OCCURRENCE('5','Body','',#5,#27,$);
#4951 = PRODUCT_RELATED_PRODUCT_CATEGORY('part',$,(#29));
#4952 = MECHANICAL_DESIGN_GEOMETRIC_PRESENTATION_REPRESENTATION('',(
    #4953),#4941);
#4953 = STYLED_ITEM('color',(#4954),#33);
#4954 = PRESENTATION_STYLE_ASSIGNMENT((#4955,#4961));
#4955 = SURFACE_STYLE_USAGE(.BOTH.,#4956);
#4956 = SURFACE_SIDE_STYLE('',(#4957));
#4957 = SURFACE_STYLE_FILL_AREA(#4958);
#4958 = FILL_AREA_STYLE('',(#4959));
#4959 = FILL_AREA_STYLE_COLOUR('',#4960);
#4960 = COLOUR_RGB('',0.800000010877,0.800000010877,0.90196104065);
#4961 = CURVE_STYLE('',#4962,POSITIVE_LENGTH_MEASURE(0.1),#4963);
#4962 = DRAUGHTING_PRE_DEFINED_CURVE_FONT('continuous');
#4963 = COLOUR_RGB('',9.803921802644E-02,9.803921802644E-02,
  9.803921802644E-02);
ENDSEC;
END-ISO-10303-21;
